2026-03-30 00:00:02.128 [main] INFO  o.s.d.r.c.RepositoryConfigurationDelegate - Bootstrapping Spring Data JPA repositories in DEFAULT mode.
2026-03-30 00:00:04.742 [main] INFO  o.s.d.r.c.RepositoryConfigurationDelegate - Finished Spring Data repository scanning in 1622 ms. Found 1 JPA repository interface.
2026-03-30 00:00:09.461 [main] INFO  o.s.boot.tomcat.TomcatWebServer - Tomcat initialized with port 8080 (http)
2026-03-30 00:00:09.526 [main] INFO  o.a.coyote.http11.Http11NioProtocol - Initializing ProtocolHandler ["http-nio-8080"]
2026-03-30 00:00:09.537 [main] INFO  o.a.catalina.core.StandardService - Starting service [Tomcat]
2026-03-30 00:00:09.546 [main] INFO  o.a.catalina.core.StandardEngine - Starting Servlet engine: [Apache Tomcat/11.0.18]
2026-03-30 00:00:09.784 [main] INFO  o.s.b.w.c.s.WebApplicationContextInitializer - Root WebApplicationContext: initialization completed in 11824 ms
2026-03-30 00:00:10.586 [main] DEBUG o.s.w.f.ServerHttpObservationFilter - Filter 'webMvcObservationFilter' configured for use
2026-03-30 00:00:11.419 [main] INFO  org.hibernate.orm.jpa - HHH008540: Processing PersistenceUnitInfo [name: default]
2026-03-30 00:00:11.854 [main] INFO  org.hibernate.orm.core - HHH000001: Hibernate ORM core version 7.2.7.Final
2026-03-30 00:00:14.493 [main] INFO  o.s.o.j.p.SpringPersistenceUnitInfo - No LoadTimeWeaver setup: ignoring JPA class transformer
2026-03-30 00:00:14.653 [main] INFO  com.zaxxer.hikari.HikariDataSource - HikariPool-1 - Starting...
2026-03-30 00:00:15.337 [main] INFO  com.zaxxer.hikari.pool.HikariPool - HikariPool-1 - Added connection conn0: url=jdbc:h2:mem:cartoes user=SA
2026-03-30 00:00:15.345 [main] INFO  com.zaxxer.hikari.HikariDataSource - HikariPool-1 - Start completed.
2026-03-30 00:00:15.811 [main] WARN  org.hibernate.orm.deprecation - HHH90000025: H2Dialect does not need to be specified explicitly using 'hibernate.dialect' (remove the property setting and it will be selected by default)
2026-03-30 00:00:16.069 [main] INFO  o.hibernate.orm.connections.pooling - HHH10001005: Database info:
	Database JDBC URL [jdbc:h2:mem:cartoes]
	Database driver: H2 JDBC Driver
	Database dialect: H2Dialect
	Database version: 2.4.240
	Default catalog/schema: CARTOES/PUBLIC
	Autocommit mode: undefined/unknown
	Isolation level: READ_COMMITTED [default READ_COMMITTED]
	JDBC fetch size: 100
	Pool: DataSourceConnectionProvider
	Minimum pool size: undefined/unknown
	Maximum pool size: undefined/unknown
2026-03-30 00:00:20.853 [main] INFO  org.hibernate.orm.core - HHH000489: No JTA platform available (set 'hibernate.transaction.jta.platform' to enable JTA platform integration)
2026-03-30 00:00:20.984 [main] INFO  o.s.o.j.LocalContainerEntityManagerFactoryBean - Initialized JPA EntityManagerFactory for persistence unit 'default'
2026-03-30 00:00:21.574 [main] INFO  o.s.d.j.r.q.QueryEnhancerFactories - Hibernate is in classpath; If applicable, HQL parser will be used.
2026-03-30 00:00:22.582 [main] WARN  o.s.b.j.a.JpaBaseConfiguration$JpaWebConfiguration - spring.jpa.open-in-view is enabled by default. Therefore, database queries may be performed during view rendering. Explicitly configure spring.jpa.open-in-view to disable this warning
2026-03-30 00:00:23.144 [main] DEBUG o.s.w.s.m.m.a.RequestMappingHandlerMapping - 7 mappings in 'requestMappingHandlerMapping'
2026-03-30 00:00:23.261 [main] DEBUG o.s.w.s.h.SimpleUrlHandlerMapping - Patterns [/webjars/**, /**, /swagger-ui*/*swagger-initializer.js, /swagger-ui*/**] in 'resourceHandlerMapping'
2026-03-30 00:00:23.396 [main] DEBUG o.s.w.s.m.m.a.RequestMappingHandlerAdapter - ControllerAdvice beans: 0 @ModelAttribute, 0 @InitBinder, 2 RequestBodyAdvice, 1 ResponseBodyAdvice
2026-03-30 00:00:23.649 [main] DEBUG o.s.w.s.m.m.a.ExceptionHandlerExceptionResolver - ControllerAdvice beans: 2 @ExceptionHandler, 1 ResponseBodyAdvice
2026-03-30 00:00:24.592 [main] INFO  o.s.b.h.a.H2ConsoleAutoConfiguration - H2 console available at '/h2-console'. Database available at 'jdbc:h2:mem:cartoes'
2026-03-30 00:00:24.918 [main] INFO  o.s.b.a.e.web.EndpointLinksResolver - Exposing 1 endpoint beneath base path '/actuator'
2026-03-30 00:00:25.121 [main] INFO  o.a.coyote.http11.Http11NioProtocol - Starting ProtocolHandler ["http-nio-8080"]
2026-03-30 00:00:25.197 [main] INFO  o.s.boot.tomcat.TomcatWebServer - Tomcat started on port 8080 (http) with context path '/'
2026-03-30 00:00:25.236 [main] INFO  b.c.d.cartoes.CartoesApplication - Started CartoesApplication in 31.665 seconds (process running for 43.61)
2026-03-30 00:00:27.043 [main] WARN  o.s.c.events.SpringDocAppInitializer - SpringDoc /v3/api-docs endpoint is enabled by default. To disable it in production, set the property 'springdoc.api-docs.enabled=false'
2026-03-30 00:00:27.053 [main] WARN  o.s.c.events.SpringDocAppInitializer - SpringDoc /swagger-ui.html endpoint is enabled by default. To disable it in production, set the property 'springdoc.swagger-ui.enabled=false'
2026-03-30 00:00:46.068 [http-nio-8080-exec-1] INFO  o.a.c.c.C.[Tomcat].[localhost].[/] - Initializing Spring DispatcherServlet 'dispatcherServlet'
2026-03-30 00:00:46.075 [http-nio-8080-exec-1] INFO  o.s.web.servlet.DispatcherServlet - Initializing Servlet 'dispatcherServlet'
2026-03-30 00:00:46.083 [http-nio-8080-exec-1] DEBUG o.s.web.servlet.DispatcherServlet - Detected StandardServletMultipartResolver
2026-03-30 00:00:46.087 [http-nio-8080-exec-1] DEBUG o.s.web.servlet.DispatcherServlet - Detected AcceptHeaderLocaleResolver
2026-03-30 00:00:46.120 [http-nio-8080-exec-1] DEBUG o.s.web.servlet.DispatcherServlet - Detected org.springframework.web.servlet.view.DefaultRequestToViewNameTranslator@6ea4b4b2
2026-03-30 00:00:46.135 [http-nio-8080-exec-1] DEBUG o.s.web.servlet.DispatcherServlet - Detected org.springframework.web.servlet.support.SessionFlashMapManager@13515709
2026-03-30 00:00:46.143 [http-nio-8080-exec-1] DEBUG o.s.web.servlet.DispatcherServlet - enableLoggingRequestDetails='false': request parameters and headers will be masked to prevent unsafe logging of potentially sensitive data
2026-03-30 00:00:46.150 [http-nio-8080-exec-1] INFO  o.s.web.servlet.DispatcherServlet - Completed initialization in 66 ms
2026-03-30 00:00:46.328 [http-nio-8080-exec-1] DEBUG o.s.web.servlet.DispatcherServlet - GET "/actuator/health", parameters={}
2026-03-30 00:00:46.538 [http-nio-8080-exec-1] DEBUG o.s.w.s.m.m.a.RequestResponseBodyMethodProcessor - Read "application/octet-stream" to []
2026-03-30 00:00:46.836 [http-nio-8080-exec-1] DEBUG o.s.w.s.m.m.a.HttpEntityMethodProcessor - Using 'application/vnd.spring-boot.actuator.v3+json', given [*/*] and supported [application/vnd.spring-boot.actuator.v3+json, application/vnd.spring-boot.actuator.v2+json, application/json]
2026-03-30 00:00:46.844 [http-nio-8080-exec-1] DEBUG o.s.w.s.m.m.a.HttpEntityMethodProcessor - Writing [org.springframework.boot.health.actuate.endpoint.SystemHealthDescriptor@1b144e1f]
2026-03-30 00:00:47.331 [http-nio-8080-exec-1] DEBUG o.s.web.servlet.DispatcherServlet - Completed 200 OK
2026-03-30 00:00:56.849 [http-nio-8080-exec-2] DEBUG o.s.web.servlet.DispatcherServlet - GET "/swagger-ui/index.html", parameters={}
2026-03-30 00:00:56.887 [http-nio-8080-exec-2] DEBUG o.s.w.s.h.SimpleUrlHandlerMapping - Mapped to ResourceHttpRequestHandler [classpath [META-INF/resources/webjars/]]
2026-03-30 00:00:57.112 [http-nio-8080-exec-2] DEBUG o.s.web.servlet.DispatcherServlet - Completed 304 NOT_MODIFIED
2026-03-30 00:00:57.234 [http-nio-8080-exec-3] DEBUG o.s.web.servlet.DispatcherServlet - GET "/swagger-ui/swagger-initializer.js", parameters={}
2026-03-30 00:00:57.241 [http-nio-8080-exec-3] DEBUG o.s.w.s.h.SimpleUrlHandlerMapping - Mapped to ResourceHttpRequestHandler [classpath [META-INF/resources/webjars/]]
2026-03-30 00:00:57.654 [http-nio-8080-exec-3] DEBUG o.s.web.servlet.DispatcherServlet - Completed 200 OK
2026-03-30 00:00:57.764 [http-nio-8080-exec-4] DEBUG o.s.web.servlet.DispatcherServlet - GET "/v3/api-docs/swagger-config", parameters={}
2026-03-30 00:00:57.770 [http-nio-8080-exec-4] DEBUG o.s.w.s.m.m.a.RequestMappingHandlerMapping - Mapped to org.springdoc.webmvc.ui.SwaggerConfigResource#openapiJson(HttpServletRequest)
2026-03-30 00:00:57.798 [http-nio-8080-exec-4] DEBUG o.s.w.s.m.m.a.RequestResponseBodyMethodProcessor - Using 'application/json', given [*/*] and supported [application/json]
2026-03-30 00:00:57.803 [http-nio-8080-exec-4] DEBUG o.s.w.s.m.m.a.RequestResponseBodyMethodProcessor - Writing [{configUrl=/v3/api-docs/swagger-config, oauth2RedirectUrl=http://localhost:8080/swagger-ui/oauth2-re (truncated)...]
2026-03-30 00:00:57.841 [http-nio-8080-exec-4] DEBUG o.s.web.servlet.DispatcherServlet - Completed 200 OK
2026-03-30 00:00:57.895 [http-nio-8080-exec-5] DEBUG o.s.web.servlet.DispatcherServlet - GET "/v3/api-docs", parameters={}
2026-03-30 00:00:57.922 [http-nio-8080-exec-5] DEBUG o.s.w.s.m.m.a.RequestMappingHandlerMapping - Mapped to org.springdoc.webmvc.api.OpenApiWebMvcResource#openapiJson(HttpServletRequest, String, Locale)
2026-03-30 00:01:04.444 [http-nio-8080-exec-5] INFO  o.s.api.AbstractOpenApiResource - Init duration for springdoc-openapi is: 6403 ms
2026-03-30 00:01:04.573 [http-nio-8080-exec-5] DEBUG o.s.w.s.m.m.a.RequestResponseBodyMethodProcessor - Using 'application/json', given [application/json, */*] and supported [application/json]
2026-03-30 00:01:04.577 [http-nio-8080-exec-5] DEBUG o.s.w.s.m.m.a.RequestResponseBodyMethodProcessor - Writing [{7b226f70656e617069223a22332e312e30222c22696e666f223a7b227469746c65223a224f70656e41504920646566696e6 (truncated)...]
2026-03-30 00:01:04.588 [http-nio-8080-exec-5] DEBUG o.s.web.servlet.DispatcherServlet - Completed 200 OK
2026-03-30 00:01:17.667 [http-nio-8080-exec-6] DEBUG o.s.web.servlet.DispatcherServlet - GET "/actuator/health", parameters={}
2026-03-30 00:01:17.671 [http-nio-8080-exec-6] DEBUG o.s.w.s.m.m.a.RequestResponseBodyMethodProcessor - Read "application/octet-stream" to []
2026-03-30 00:01:17.691 [http-nio-8080-exec-6] DEBUG o.s.w.s.m.m.a.HttpEntityMethodProcessor - Using 'application/vnd.spring-boot.actuator.v3+json', given [*/*] and supported [application/vnd.spring-boot.actuator.v3+json, application/vnd.spring-boot.actuator.v2+json, application/json]
2026-03-30 00:01:17.693 [http-nio-8080-exec-6] DEBUG o.s.w.s.m.m.a.HttpEntityMethodProcessor - Writing [org.springframework.boot.health.actuate.endpoint.SystemHealthDescriptor@532d9974]
2026-03-30 00:01:17.701 [http-nio-8080-exec-6] DEBUG o.s.web.servlet.DispatcherServlet - Completed 200 OK
2026-03-30 00:01:19.825 [http-nio-8080-exec-8] DEBUG o.s.web.servlet.DispatcherServlet - GET "/swagger-ui/index.html", parameters={}
2026-03-30 00:01:19.835 [http-nio-8080-exec-8] DEBUG o.s.w.s.h.SimpleUrlHandlerMapping - Mapped to ResourceHttpRequestHandler [classpath [META-INF/resources/webjars/]]
2026-03-30 00:01:19.861 [http-nio-8080-exec-8] DEBUG o.s.web.servlet.DispatcherServlet - Completed 304 NOT_MODIFIED
2026-03-30 00:01:19.943 [http-nio-8080-exec-7] DEBUG o.s.web.servlet.DispatcherServlet - GET "/swagger-ui/swagger-initializer.js", parameters={}
2026-03-30 00:01:19.950 [http-nio-8080-exec-7] DEBUG o.s.w.s.h.SimpleUrlHandlerMapping - Mapped to ResourceHttpRequestHandler [classpath [META-INF/resources/webjars/]]
2026-03-30 00:01:19.992 [http-nio-8080-exec-7] DEBUG o.s.web.servlet.DispatcherServlet - Completed 200 OK
2026-03-30 00:01:20.230 [http-nio-8080-exec-9] DEBUG o.s.web.servlet.DispatcherServlet - GET "/v3/api-docs/swagger-config", parameters={}
2026-03-30 00:01:20.366 [http-nio-8080-exec-9] DEBUG o.s.w.s.m.m.a.RequestMappingHandlerMapping - Mapped to org.springdoc.webmvc.ui.SwaggerConfigResource#openapiJson(HttpServletRequest)
2026-03-30 00:01:20.417 [http-nio-8080-exec-9] DEBUG o.s.w.s.m.m.a.RequestResponseBodyMethodProcessor - Using 'application/json', given [*/*] and supported [application/json]
2026-03-30 00:01:20.421 [http-nio-8080-exec-9] DEBUG o.s.w.s.m.m.a.RequestResponseBodyMethodProcessor - Writing [{configUrl=/v3/api-docs/swagger-config, oauth2RedirectUrl=http://localhost:8080/swagger-ui/oauth2-re (truncated)...]
2026-03-30 00:01:20.433 [http-nio-8080-exec-9] DEBUG o.s.web.servlet.DispatcherServlet - Completed 200 OK
2026-03-30 00:01:20.472 [http-nio-8080-exec-10] DEBUG o.s.web.servlet.DispatcherServlet - GET "/v3/api-docs", parameters={}
2026-03-30 00:01:20.491 [http-nio-8080-exec-10] DEBUG o.s.w.s.m.m.a.RequestMappingHandlerMapping - Mapped to org.springdoc.webmvc.api.OpenApiWebMvcResource#openapiJson(HttpServletRequest, String, Locale)
2026-03-30 00:01:20.520 [http-nio-8080-exec-10] DEBUG o.s.w.s.m.m.a.RequestResponseBodyMethodProcessor - Using 'application/json', given [application/json, */*] and supported [application/json]
2026-03-30 00:01:20.528 [http-nio-8080-exec-10] DEBUG o.s.w.s.m.m.a.RequestResponseBodyMethodProcessor - Writing [{7b226f70656e617069223a22332e312e30222c22696e666f223a7b227469746c65223a224f70656e41504920646566696e6 (truncated)...]
2026-03-30 00:01:20.536 [http-nio-8080-exec-10] DEBUG o.s.web.servlet.DispatcherServlet - Completed 200 OK
2026-03-30 00:01:20.902 [http-nio-8080-exec-1] DEBUG o.s.web.servlet.DispatcherServlet - GET "/swagger-ui/index.html", parameters={}
2026-03-30 00:01:20.969 [http-nio-8080-exec-1] DEBUG o.s.w.s.h.SimpleUrlHandlerMapping - Mapped to ResourceHttpRequestHandler [classpath [META-INF/resources/webjars/]]
2026-03-30 00:01:21.301 [http-nio-8080-exec-1] DEBUG o.s.web.servlet.DispatcherServlet - Completed 304 NOT_MODIFIED
2026-03-30 00:01:21.367 [http-nio-8080-exec-2] DEBUG o.s.web.servlet.DispatcherServlet - GET "/swagger-ui/swagger-initializer.js", parameters={}
2026-03-30 00:01:21.390 [http-nio-8080-exec-2] DEBUG o.s.w.s.h.SimpleUrlHandlerMapping - Mapped to ResourceHttpRequestHandler [classpath [META-INF/resources/webjars/]]
2026-03-30 00:01:21.425 [http-nio-8080-exec-2] DEBUG o.s.web.servlet.DispatcherServlet - Completed 200 OK
2026-03-30 00:01:21.472 [http-nio-8080-exec-3] DEBUG o.s.web.servlet.DispatcherServlet - GET "/v3/api-docs/swagger-config", parameters={}
2026-03-30 00:01:21.548 [http-nio-8080-exec-3] DEBUG o.s.w.s.m.m.a.RequestMappingHandlerMapping - Mapped to org.springdoc.webmvc.ui.SwaggerConfigResource#openapiJson(HttpServletRequest)
2026-03-30 00:01:21.567 [http-nio-8080-exec-3] DEBUG o.s.w.s.m.m.a.RequestResponseBodyMethodProcessor - Using 'application/json', given [*/*] and supported [application/json]
2026-03-30 00:01:21.582 [http-nio-8080-exec-3] DEBUG o.s.w.s.m.m.a.RequestResponseBodyMethodProcessor - Writing [{configUrl=/v3/api-docs/swagger-config, oauth2RedirectUrl=http://localhost:8080/swagger-ui/oauth2-re (truncated)...]
2026-03-30 00:01:21.619 [http-nio-8080-exec-3] DEBUG o.s.web.servlet.DispatcherServlet - Completed 200 OK
2026-03-30 00:01:21.653 [http-nio-8080-exec-4] DEBUG o.s.web.servlet.DispatcherServlet - GET "/v3/api-docs", parameters={}
2026-03-30 00:01:21.673 [http-nio-8080-exec-4] DEBUG o.s.w.s.m.m.a.RequestMappingHandlerMapping - Mapped to org.springdoc.webmvc.api.OpenApiWebMvcResource#openapiJson(HttpServletRequest, String, Locale)
2026-03-30 00:01:21.730 [http-nio-8080-exec-4] DEBUG o.s.w.s.m.m.a.RequestResponseBodyMethodProcessor - Using 'application/json', given [application/json, */*] and supported [application/json]
2026-03-30 00:01:21.737 [http-nio-8080-exec-4] DEBUG o.s.w.s.m.m.a.RequestResponseBodyMethodProcessor - Writing [{7b226f70656e617069223a22332e312e30222c22696e666f223a7b227469746c65223a224f70656e41504920646566696e6 (truncated)...]
2026-03-30 00:01:21.821 [http-nio-8080-exec-4] DEBUG o.s.web.servlet.DispatcherServlet - Completed 200 OK
2026-03-30 00:01:48.360 [http-nio-8080-exec-5] DEBUG o.s.web.servlet.DispatcherServlet - GET "/actuator/health", parameters={}
2026-03-30 00:01:48.420 [http-nio-8080-exec-5] DEBUG o.s.w.s.m.m.a.RequestResponseBodyMethodProcessor - Read "application/octet-stream" to []
2026-03-30 00:01:48.535 [http-nio-8080-exec-5] DEBUG o.s.w.s.m.m.a.HttpEntityMethodProcessor - Using 'application/vnd.spring-boot.actuator.v3+json', given [*/*] and supported [application/vnd.spring-boot.actuator.v3+json, application/vnd.spring-boot.actuator.v2+json, application/json]
2026-03-30 00:01:48.548 [http-nio-8080-exec-5] DEBUG o.s.w.s.m.m.a.HttpEntityMethodProcessor - Writing [org.springframework.boot.health.actuate.endpoint.SystemHealthDescriptor@22ade89c]
2026-03-30 00:01:48.614 [http-nio-8080-exec-5] DEBUG o.s.web.servlet.DispatcherServlet - Completed 200 OK
2026-03-30 00:01:57.187 [http-nio-8080-exec-6] DEBUG o.s.web.servlet.DispatcherServlet - GET "/swagger-ui/index.html", parameters={}
2026-03-30 00:01:57.583 [http-nio-8080-exec-6] DEBUG o.s.w.s.h.SimpleUrlHandlerMapping - Mapped to ResourceHttpRequestHandler [classpath [META-INF/resources/webjars/]]
2026-03-30 00:01:58.442 [http-nio-8080-exec-6] DEBUG o.s.web.servlet.DispatcherServlet - Completed 304 NOT_MODIFIED
2026-03-30 00:02:00.605 [http-nio-8080-exec-7] DEBUG o.s.web.servlet.DispatcherServlet - GET "/swagger-ui/swagger-initializer.js", parameters={}
2026-03-30 00:02:00.621 [http-nio-8080-exec-7] DEBUG o.s.w.s.h.SimpleUrlHandlerMapping - Mapped to ResourceHttpRequestHandler [classpath [META-INF/resources/webjars/]]
2026-03-30 00:02:01.273 [http-nio-8080-exec-7] DEBUG o.s.web.servlet.DispatcherServlet - Completed 200 OK
2026-03-30 00:02:02.326 [http-nio-8080-exec-9] DEBUG o.s.web.servlet.DispatcherServlet - GET "/v3/api-docs/swagger-config", parameters={}
2026-03-30 00:02:02.337 [http-nio-8080-exec-9] DEBUG o.s.w.s.m.m.a.RequestMappingHandlerMapping - Mapped to org.springdoc.webmvc.ui.SwaggerConfigResource#openapiJson(HttpServletRequest)
2026-03-30 00:02:02.359 [http-nio-8080-exec-9] DEBUG o.s.w.s.m.m.a.RequestResponseBodyMethodProcessor - Using 'application/json', given [*/*] and supported [application/json]
2026-03-30 00:02:02.369 [http-nio-8080-exec-9] DEBUG o.s.w.s.m.m.a.RequestResponseBodyMethodProcessor - Writing [{configUrl=/v3/api-docs/swagger-config, oauth2RedirectUrl=http://localhost:8080/swagger-ui/oauth2-re (truncated)...]
2026-03-30 00:02:02.417 [http-nio-8080-exec-9] DEBUG o.s.web.servlet.DispatcherServlet - Completed 200 OK
2026-03-30 00:02:02.465 [http-nio-8080-exec-10] DEBUG o.s.web.servlet.DispatcherServlet - GET "/v3/api-docs", parameters={}
2026-03-30 00:02:02.475 [http-nio-8080-exec-10] DEBUG o.s.w.s.m.m.a.RequestMappingHandlerMapping - Mapped to org.springdoc.webmvc.api.OpenApiWebMvcResource#openapiJson(HttpServletRequest, String, Locale)
2026-03-30 00:02:02.679 [http-nio-8080-exec-10] DEBUG o.s.w.s.m.m.a.RequestResponseBodyMethodProcessor - Using 'application/json', given [application/json, */*] and supported [application/json]
2026-03-30 00:02:02.690 [http-nio-8080-exec-10] DEBUG o.s.w.s.m.m.a.RequestResponseBodyMethodProcessor - Writing [{7b226f70656e617069223a22332e312e30222c22696e666f223a7b227469746c65223a224f70656e41504920646566696e6 (truncated)...]
2026-03-30 00:02:02.711 [http-nio-8080-exec-10] DEBUG o.s.web.servlet.DispatcherServlet - Completed 200 OK
2026-03-30 00:02:15.027 [http-nio-8080-exec-1] DEBUG o.s.web.servlet.DispatcherServlet - GET "/swagger-ui/index.html", parameters={}
2026-03-30 00:02:15.098 [http-nio-8080-exec-1] DEBUG o.s.w.s.h.SimpleUrlHandlerMapping - Mapped to ResourceHttpRequestHandler [classpath [META-INF/resources/webjars/]]
2026-03-30 00:02:15.133 [http-nio-8080-exec-1] DEBUG o.s.web.servlet.DispatcherServlet - Completed 304 NOT_MODIFIED
2026-03-30 00:02:15.178 [http-nio-8080-exec-2] DEBUG o.s.web.servlet.DispatcherServlet - GET "/swagger-ui/swagger-initializer.js", parameters={}
2026-03-30 00:02:15.184 [http-nio-8080-exec-2] DEBUG o.s.w.s.h.SimpleUrlHandlerMapping - Mapped to ResourceHttpRequestHandler [classpath [META-INF/resources/webjars/]]
2026-03-30 00:02:15.223 [http-nio-8080-exec-2] DEBUG o.s.web.servlet.DispatcherServlet - Completed 200 OK
2026-03-30 00:02:15.263 [http-nio-8080-exec-3] DEBUG o.s.web.servlet.DispatcherServlet - GET "/v3/api-docs/swagger-config", parameters={}
2026-03-30 00:02:15.274 [http-nio-8080-exec-3] DEBUG o.s.w.s.m.m.a.RequestMappingHandlerMapping - Mapped to org.springdoc.webmvc.ui.SwaggerConfigResource#openapiJson(HttpServletRequest)
2026-03-30 00:02:15.281 [http-nio-8080-exec-3] DEBUG o.s.w.s.m.m.a.RequestResponseBodyMethodProcessor - Using 'application/json', given [*/*] and supported [application/json]
2026-03-30 00:02:15.294 [http-nio-8080-exec-3] DEBUG o.s.w.s.m.m.a.RequestResponseBodyMethodProcessor - Writing [{configUrl=/v3/api-docs/swagger-config, oauth2RedirectUrl=http://localhost:8080/swagger-ui/oauth2-re (truncated)...]
2026-03-30 00:02:15.300 [http-nio-8080-exec-3] DEBUG o.s.web.servlet.DispatcherServlet - Completed 200 OK
2026-03-30 00:02:15.351 [http-nio-8080-exec-4] DEBUG o.s.web.servlet.DispatcherServlet - GET "/v3/api-docs", parameters={}
2026-03-30 00:02:15.360 [http-nio-8080-exec-4] DEBUG o.s.w.s.m.m.a.RequestMappingHandlerMapping - Mapped to org.springdoc.webmvc.api.OpenApiWebMvcResource#openapiJson(HttpServletRequest, String, Locale)
2026-03-30 00:02:15.385 [http-nio-8080-exec-4] DEBUG o.s.w.s.m.m.a.RequestResponseBodyMethodProcessor - Using 'application/json', given [application/json, */*] and supported [application/json]
2026-03-30 00:02:15.392 [http-nio-8080-exec-4] DEBUG o.s.w.s.m.m.a.RequestResponseBodyMethodProcessor - Writing [{7b226f70656e617069223a22332e312e30222c22696e666f223a7b227469746c65223a224f70656e41504920646566696e6 (truncated)...]
2026-03-30 00:02:15.400 [http-nio-8080-exec-4] DEBUG o.s.web.servlet.DispatcherServlet - Completed 200 OK
2026-03-30 00:02:19.922 [http-nio-8080-exec-5] DEBUG o.s.web.servlet.DispatcherServlet - GET "/actuator/health", parameters={}
2026-03-30 00:02:19.926 [http-nio-8080-exec-5] DEBUG o.s.w.s.m.m.a.RequestResponseBodyMethodProcessor - Read "application/octet-stream" to []
2026-03-30 00:02:19.958 [http-nio-8080-exec-5] DEBUG o.s.w.s.m.m.a.HttpEntityMethodProcessor - Using 'application/vnd.spring-boot.actuator.v3+json', given [*/*] and supported [application/vnd.spring-boot.actuator.v3+json, application/vnd.spring-boot.actuator.v2+json, application/json]
2026-03-30 00:02:19.961 [http-nio-8080-exec-5] DEBUG o.s.w.s.m.m.a.HttpEntityMethodProcessor - Writing [org.springframework.boot.health.actuate.endpoint.SystemHealthDescriptor@7d366ab6]
2026-03-30 00:02:19.969 [http-nio-8080-exec-5] DEBUG o.s.web.servlet.DispatcherServlet - Completed 200 OK
2026-03-30 00:02:34.002 [SpringApplicationShutdownHook] INFO  o.s.boot.tomcat.GracefulShutdown - Commencing graceful shutdown. Waiting for active requests to complete
2026-03-30 00:02:34.200 [tomcat-shutdown] INFO  o.s.boot.tomcat.GracefulShutdown - Graceful shutdown complete
2026-03-30 00:02:34.471 [SpringApplicationShutdownHook] INFO  o.s.o.j.LocalContainerEntityManagerFactoryBean - Closing JPA EntityManagerFactory for persistence unit 'default'
2026-03-30 00:02:34.892 [SpringApplicationShutdownHook] INFO  com.zaxxer.hikari.HikariDataSource - HikariPool-1 - Shutdown initiated...
2026-03-30 00:02:34.944 [SpringApplicationShutdownHook] INFO  com.zaxxer.hikari.HikariDataSource - HikariPool-1 - Shutdown completed.
2026-03-30 00:09:09.376 [background-preinit] INFO  o.h.validator.internal.util.Version - HV000001: Hibernate Validator 9.0.1.Final
2026-03-30 00:09:09.900 [main] INFO  b.c.d.cartoes.CartoesApplication - Starting CartoesApplication v0.0.1-SNAPSHOT using Java 17.0.18 with PID 1 (/app/app.jar started by root in /app)
2026-03-30 00:09:09.935 [main] DEBUG b.c.d.cartoes.CartoesApplication - Running with Spring Boot v4.0.4, Spring v7.0.6
2026-03-30 00:09:09.947 [main] INFO  b.c.d.cartoes.CartoesApplication - The following 1 profile is active: "dev"
2026-03-30 00:10:08.568 [main] INFO  o.s.d.r.c.RepositoryConfigurationDelegate - Bootstrapping Spring Data JPA repositories in DEFAULT mode.
2026-03-30 00:10:13.178 [main] INFO  o.s.d.r.c.RepositoryConfigurationDelegate - Finished Spring Data repository scanning in 1802 ms. Found 1 JPA repository interface.
2026-03-30 00:10:19.585 [main] INFO  o.s.boot.tomcat.TomcatWebServer - Tomcat initialized with port 8080 (http)
2026-03-30 00:10:19.632 [main] INFO  o.a.coyote.http11.Http11NioProtocol - Initializing ProtocolHandler ["http-nio-8080"]
2026-03-30 00:10:19.644 [main] INFO  o.a.catalina.core.StandardService - Starting service [Tomcat]
2026-03-30 00:10:19.647 [main] INFO  o.a.catalina.core.StandardEngine - Starting Servlet engine: [Apache Tomcat/11.0.18]
2026-03-30 00:10:19.860 [main] INFO  o.s.b.w.c.s.WebApplicationContextInitializer - Root WebApplicationContext: initialization completed in 69456 ms
2026-03-30 00:10:20.487 [main] DEBUG o.s.w.f.ServerHttpObservationFilter - Filter 'webMvcObservationFilter' configured for use
2026-03-30 00:10:21.284 [main] INFO  org.hibernate.orm.jpa - HHH008540: Processing PersistenceUnitInfo [name: default]
2026-03-30 00:10:21.862 [main] INFO  org.hibernate.orm.core - HHH000001: Hibernate ORM core version 7.2.7.Final
2026-03-30 00:10:36.536 [main] INFO  o.s.o.j.p.SpringPersistenceUnitInfo - No LoadTimeWeaver setup: ignoring JPA class transformer
2026-03-30 00:10:36.769 [main] INFO  com.zaxxer.hikari.HikariDataSource - HikariPool-1 - Starting...
2026-03-30 00:10:38.817 [main] INFO  com.zaxxer.hikari.pool.HikariPool - HikariPool-1 - Added connection conn0: url=jdbc:h2:mem:cartoes user=SA
2026-03-30 00:10:38.845 [main] INFO  com.zaxxer.hikari.HikariDataSource - HikariPool-1 - Start completed.
2026-03-30 00:10:39.206 [main] WARN  org.hibernate.orm.deprecation - HHH90000025: H2Dialect does not need to be specified explicitly using 'hibernate.dialect' (remove the property setting and it will be selected by default)
2026-03-30 00:10:39.487 [main] INFO  o.hibernate.orm.connections.pooling - HHH10001005: Database info:
	Database JDBC URL [jdbc:h2:mem:cartoes]
	Database driver: H2 JDBC Driver
	Database dialect: H2Dialect
	Database version: 2.4.240
	Default catalog/schema: CARTOES/PUBLIC
	Autocommit mode: undefined/unknown
	Isolation level: READ_COMMITTED [default READ_COMMITTED]
	JDBC fetch size: 100
	Pool: DataSourceConnectionProvider
	Minimum pool size: undefined/unknown
	Maximum pool size: undefined/unknown
2026-03-30 00:10:47.465 [main] INFO  org.hibernate.orm.core - HHH000489: No JTA platform available (set 'hibernate.transaction.jta.platform' to enable JTA platform integration)
2026-03-30 00:10:57.392 [main] INFO  o.s.o.j.LocalContainerEntityManagerFactoryBean - Initialized JPA EntityManagerFactory for persistence unit 'default'
2026-03-30 00:11:11.932 [main] INFO  o.s.d.j.r.q.QueryEnhancerFactories - Hibernate is in classpath; If applicable, HQL parser will be used.
2026-03-30 00:11:27.155 [main] WARN  o.s.b.j.a.JpaBaseConfiguration$JpaWebConfiguration - spring.jpa.open-in-view is enabled by default. Therefore, database queries may be performed during view rendering. Explicitly configure spring.jpa.open-in-view to disable this warning
2026-03-30 00:11:37.030 [main] DEBUG o.s.w.s.m.m.a.RequestMappingHandlerMapping - 7 mappings in 'requestMappingHandlerMapping'
2026-03-30 00:11:40.364 [main] DEBUG o.s.w.s.h.SimpleUrlHandlerMapping - Patterns [/webjars/**, /**, /swagger-ui*/*swagger-initializer.js, /swagger-ui*/**] in 'resourceHandlerMapping'
2026-03-30 00:11:45.483 [main] DEBUG o.s.w.s.m.m.a.RequestMappingHandlerAdapter - ControllerAdvice beans: 0 @ModelAttribute, 0 @InitBinder, 2 RequestBodyAdvice, 1 ResponseBodyAdvice
2026-03-30 00:11:55.725 [main] DEBUG o.s.w.s.m.m.a.ExceptionHandlerExceptionResolver - ControllerAdvice beans: 2 @ExceptionHandler, 1 ResponseBodyAdvice
2026-03-30 00:12:04.640 [main] INFO  o.s.b.h.a.H2ConsoleAutoConfiguration - H2 console available at '/h2-console'. Database available at 'jdbc:h2:mem:cartoes'
2026-03-30 00:12:05.580 [main] INFO  o.s.b.a.e.web.EndpointLinksResolver - Exposing 1 endpoint beneath base path '/actuator'
2026-03-30 00:12:06.396 [main] INFO  o.a.coyote.http11.Http11NioProtocol - Starting ProtocolHandler ["http-nio-8080"]
2026-03-30 00:12:07.030 [main] INFO  o.s.boot.tomcat.TomcatWebServer - Tomcat started on port 8080 (http) with context path '/'
2026-03-30 00:12:07.384 [main] INFO  b.c.d.cartoes.CartoesApplication - Started CartoesApplication in 182.904 seconds (process running for 187.34)
2026-03-30 00:12:10.524 [main] WARN  o.s.c.events.SpringDocAppInitializer - SpringDoc /v3/api-docs endpoint is enabled by default. To disable it in production, set the property 'springdoc.api-docs.enabled=false'
2026-03-30 00:12:10.527 [main] WARN  o.s.c.events.SpringDocAppInitializer - SpringDoc /swagger-ui.html endpoint is enabled by default. To disable it in production, set the property 'springdoc.swagger-ui.enabled=false'
2026-03-30 00:12:18.957 [http-nio-8080-exec-1] INFO  o.a.c.c.C.[Tomcat].[localhost].[/] - Initializing Spring DispatcherServlet 'dispatcherServlet'
2026-03-30 00:12:18.960 [http-nio-8080-exec-1] INFO  o.s.web.servlet.DispatcherServlet - Initializing Servlet 'dispatcherServlet'
2026-03-30 00:12:18.963 [http-nio-8080-exec-1] DEBUG o.s.web.servlet.DispatcherServlet - Detected StandardServletMultipartResolver
2026-03-30 00:12:18.966 [http-nio-8080-exec-1] DEBUG o.s.web.servlet.DispatcherServlet - Detected AcceptHeaderLocaleResolver
2026-03-30 00:12:18.981 [http-nio-8080-exec-1] DEBUG o.s.web.servlet.DispatcherServlet - Detected org.springframework.web.servlet.view.DefaultRequestToViewNameTranslator@371fdf43
2026-03-30 00:12:18.984 [http-nio-8080-exec-1] DEBUG o.s.web.servlet.DispatcherServlet - Detected org.springframework.web.servlet.support.SessionFlashMapManager@1b3a1e42
2026-03-30 00:12:18.987 [http-nio-8080-exec-1] DEBUG o.s.web.servlet.DispatcherServlet - enableLoggingRequestDetails='false': request parameters and headers will be masked to prevent unsafe logging of potentially sensitive data
2026-03-30 00:12:18.992 [http-nio-8080-exec-1] INFO  o.s.web.servlet.DispatcherServlet - Completed initialization in 30 ms
2026-03-30 00:12:19.152 [http-nio-8080-exec-1] DEBUG o.s.web.servlet.DispatcherServlet - GET "/swagger-ui/index.html", parameters={}
2026-03-30 00:12:19.251 [http-nio-8080-exec-1] DEBUG o.s.w.s.h.SimpleUrlHandlerMapping - Mapped to ResourceHttpRequestHandler [classpath [META-INF/resources/webjars/]]
2026-03-30 00:12:19.421 [http-nio-8080-exec-1] DEBUG o.s.web.servlet.DispatcherServlet - Completed 304 NOT_MODIFIED
2026-03-30 00:12:19.525 [http-nio-8080-exec-4] DEBUG o.s.web.servlet.DispatcherServlet - GET "/swagger-ui/swagger-initializer.js", parameters={}
2026-03-30 00:12:19.531 [http-nio-8080-exec-4] DEBUG o.s.w.s.h.SimpleUrlHandlerMapping - Mapped to ResourceHttpRequestHandler [classpath [META-INF/resources/webjars/]]
2026-03-30 00:12:19.917 [http-nio-8080-exec-4] DEBUG o.s.web.servlet.DispatcherServlet - Completed 200 OK
2026-03-30 00:12:19.949 [http-nio-8080-exec-3] DEBUG o.s.web.servlet.DispatcherServlet - GET "/v3/api-docs/swagger-config", parameters={}
2026-03-30 00:12:19.964 [http-nio-8080-exec-3] DEBUG o.s.w.s.m.m.a.RequestMappingHandlerMapping - Mapped to org.springdoc.webmvc.ui.SwaggerConfigResource#openapiJson(HttpServletRequest)
2026-03-30 00:12:20.106 [http-nio-8080-exec-3] DEBUG o.s.w.s.m.m.a.RequestResponseBodyMethodProcessor - Using 'application/json', given [*/*] and supported [application/json]
2026-03-30 00:12:20.119 [http-nio-8080-exec-3] DEBUG o.s.w.s.m.m.a.RequestResponseBodyMethodProcessor - Writing [{configUrl=/v3/api-docs/swagger-config, oauth2RedirectUrl=http://localhost:8080/swagger-ui/oauth2-re (truncated)...]
2026-03-30 00:12:20.366 [http-nio-8080-exec-3] DEBUG o.s.web.servlet.DispatcherServlet - Completed 200 OK
2026-03-30 00:12:20.390 [http-nio-8080-exec-2] DEBUG o.s.web.servlet.DispatcherServlet - GET "/v3/api-docs", parameters={}
2026-03-30 00:12:20.395 [http-nio-8080-exec-2] DEBUG o.s.w.s.m.m.a.RequestMappingHandlerMapping - Mapped to org.springdoc.webmvc.api.OpenApiWebMvcResource#openapiJson(HttpServletRequest, String, Locale)
2026-03-30 00:12:22.518 [http-nio-8080-exec-2] INFO  o.s.api.AbstractOpenApiResource - Init duration for springdoc-openapi is: 2003 ms
2026-03-30 00:12:22.632 [http-nio-8080-exec-2] DEBUG o.s.w.s.m.m.a.RequestResponseBodyMethodProcessor - Using 'application/json', given [application/json, */*] and supported [application/json]
2026-03-30 00:12:22.637 [http-nio-8080-exec-2] DEBUG o.s.w.s.m.m.a.RequestResponseBodyMethodProcessor - Writing [{7b226f70656e617069223a22332e312e30222c22696e666f223a7b227469746c65223a224f70656e41504920646566696e6 (truncated)...]
2026-03-30 00:12:22.645 [http-nio-8080-exec-2] DEBUG o.s.web.servlet.DispatcherServlet - Completed 200 OK
2026-03-30 00:12:34.919 [http-nio-8080-exec-5] DEBUG o.s.web.servlet.DispatcherServlet - GET "/actuator/health", parameters={}
2026-03-30 00:12:34.982 [http-nio-8080-exec-5] DEBUG o.s.w.s.m.m.a.RequestResponseBodyMethodProcessor - Read "application/octet-stream" to []
2026-03-30 00:12:35.222 [http-nio-8080-exec-5] DEBUG o.s.w.s.m.m.a.HttpEntityMethodProcessor - Using 'application/vnd.spring-boot.actuator.v3+json', given [*/*] and supported [application/vnd.spring-boot.actuator.v3+json, application/vnd.spring-boot.actuator.v2+json, application/json]
2026-03-30 00:12:35.226 [http-nio-8080-exec-5] DEBUG o.s.w.s.m.m.a.HttpEntityMethodProcessor - Writing [org.springframework.boot.health.actuate.endpoint.SystemHealthDescriptor@c5afdf]
2026-03-30 00:12:36.606 [http-nio-8080-exec-5] DEBUG o.s.web.servlet.DispatcherServlet - Completed 200 OK
2026-03-30 00:12:42.698 [http-nio-8080-exec-6] DEBUG o.s.web.servlet.DispatcherServlet - GET "/swagger-ui/index.html", parameters={}
2026-03-30 00:12:42.703 [http-nio-8080-exec-6] DEBUG o.s.w.s.h.SimpleUrlHandlerMapping - Mapped to ResourceHttpRequestHandler [classpath [META-INF/resources/webjars/]]
2026-03-30 00:12:42.708 [http-nio-8080-exec-6] DEBUG o.s.web.servlet.DispatcherServlet - Completed 304 NOT_MODIFIED
2026-03-30 00:12:42.811 [http-nio-8080-exec-7] DEBUG o.s.web.servlet.DispatcherServlet - GET "/swagger-ui/swagger-initializer.js", parameters={}
2026-03-30 00:12:42.825 [http-nio-8080-exec-7] DEBUG o.s.w.s.h.SimpleUrlHandlerMapping - Mapped to ResourceHttpRequestHandler [classpath [META-INF/resources/webjars/]]
2026-03-30 00:12:42.847 [http-nio-8080-exec-7] DEBUG o.s.web.servlet.DispatcherServlet - Completed 200 OK
2026-03-30 00:12:42.918 [http-nio-8080-exec-8] DEBUG o.s.web.servlet.DispatcherServlet - GET "/v3/api-docs/swagger-config", parameters={}
2026-03-30 00:12:42.919 [http-nio-8080-exec-8] DEBUG o.s.w.s.m.m.a.RequestMappingHandlerMapping - Mapped to org.springdoc.webmvc.ui.SwaggerConfigResource#openapiJson(HttpServletRequest)
2026-03-30 00:12:42.922 [http-nio-8080-exec-8] DEBUG o.s.w.s.m.m.a.RequestResponseBodyMethodProcessor - Using 'application/json', given [*/*] and supported [application/json]
2026-03-30 00:12:42.924 [http-nio-8080-exec-8] DEBUG o.s.w.s.m.m.a.RequestResponseBodyMethodProcessor - Writing [{configUrl=/v3/api-docs/swagger-config, oauth2RedirectUrl=http://localhost:8080/swagger-ui/oauth2-re (truncated)...]
2026-03-30 00:12:42.925 [http-nio-8080-exec-8] DEBUG o.s.web.servlet.DispatcherServlet - Completed 200 OK
2026-03-30 00:12:42.966 [http-nio-8080-exec-9] DEBUG o.s.web.servlet.DispatcherServlet - GET "/v3/api-docs", parameters={}
2026-03-30 00:12:42.975 [http-nio-8080-exec-9] DEBUG o.s.w.s.m.m.a.RequestMappingHandlerMapping - Mapped to org.springdoc.webmvc.api.OpenApiWebMvcResource#openapiJson(HttpServletRequest, String, Locale)
2026-03-30 00:12:42.982 [http-nio-8080-exec-9] DEBUG o.s.w.s.m.m.a.RequestResponseBodyMethodProcessor - Using 'application/json', given [application/json, */*] and supported [application/json]
2026-03-30 00:12:42.984 [http-nio-8080-exec-9] DEBUG o.s.w.s.m.m.a.RequestResponseBodyMethodProcessor - Writing [{7b226f70656e617069223a22332e312e30222c22696e666f223a7b227469746c65223a224f70656e41504920646566696e6 (truncated)...]
2026-03-30 00:12:42.990 [http-nio-8080-exec-9] DEBUG o.s.web.servlet.DispatcherServlet - Completed 200 OK
2026-03-30 00:13:07.237 [http-nio-8080-exec-10] DEBUG o.s.web.servlet.DispatcherServlet - GET "/actuator/health", parameters={}
2026-03-30 00:13:07.261 [http-nio-8080-exec-10] DEBUG o.s.w.s.m.m.a.RequestResponseBodyMethodProcessor - Read "application/octet-stream" to []
2026-03-30 00:13:07.297 [http-nio-8080-exec-10] DEBUG o.s.w.s.m.m.a.HttpEntityMethodProcessor - Using 'application/vnd.spring-boot.actuator.v3+json', given [*/*] and supported [application/vnd.spring-boot.actuator.v3+json, application/vnd.spring-boot.actuator.v2+json, application/json]
2026-03-30 00:13:07.301 [http-nio-8080-exec-10] DEBUG o.s.w.s.m.m.a.HttpEntityMethodProcessor - Writing [org.springframework.boot.health.actuate.endpoint.SystemHealthDescriptor@128c5bce]
2026-03-30 00:13:07.319 [http-nio-8080-exec-10] DEBUG o.s.web.servlet.DispatcherServlet - Completed 200 OK
2026-03-30 00:13:41.514 [http-nio-8080-exec-4] DEBUG o.s.web.servlet.DispatcherServlet - GET "/actuator/health", parameters={}
2026-03-30 00:13:41.824 [http-nio-8080-exec-4] DEBUG o.s.w.s.m.m.a.RequestResponseBodyMethodProcessor - Read "application/octet-stream" to []
2026-03-30 00:13:42.773 [http-nio-8080-exec-4] DEBUG o.s.w.s.m.m.a.HttpEntityMethodProcessor - Using 'application/vnd.spring-boot.actuator.v3+json', given [*/*] and supported [application/vnd.spring-boot.actuator.v3+json, application/vnd.spring-boot.actuator.v2+json, application/json]
2026-03-30 00:13:42.974 [http-nio-8080-exec-4] DEBUG o.s.w.s.m.m.a.HttpEntityMethodProcessor - Writing [org.springframework.boot.health.actuate.endpoint.SystemHealthDescriptor@3d05e4f9]
2026-03-30 00:13:43.050 [http-nio-8080-exec-4] DEBUG o.s.web.servlet.DispatcherServlet - Completed 200 OK
2026-03-29 21:14:12.104 [main] INFO  b.c.d.c.CartoesApplicationTests - Starting CartoesApplicationTests using Java 17.0.15 with PID 21132 (started by jukia in C:\Users\jukia\OneDrive\Desktop\DesafioItau\cartoes\cartoes)
2026-03-29 21:14:12.165 [main] DEBUG b.c.d.c.CartoesApplicationTests - Running with Spring Boot v4.0.4, Spring v7.0.6
2026-03-29 21:14:12.170 [main] INFO  b.c.d.c.CartoesApplicationTests - No active profile set, falling back to 1 default profile: "default"
2026-03-29 21:14:13.636 [main] DEBUG o.s.w.c.s.GenericWebApplicationContext - Refreshing org.springframework.web.context.support.GenericWebApplicationContext@105fe81e
2026-03-29 21:14:19.447 [main] INFO  o.s.d.r.c.RepositoryConfigurationDelegate - Bootstrapping Spring Data JPA repositories in DEFAULT mode.
2026-03-29 21:14:19.669 [main] INFO  o.s.d.r.c.RepositoryConfigurationDelegate - Finished Spring Data repository scanning in 180 ms. Found 2 JPA repository interfaces.
2026-03-29 21:14:26.179 [main] INFO  org.hibernate.orm.jpa - HHH008540: Processing PersistenceUnitInfo [name: default]
2026-03-29 21:14:26.462 [main] INFO  org.hibernate.orm.core - HHH000001: Hibernate ORM core version 7.2.7.Final
2026-03-30 00:14:26.378 [http-nio-8080-exec-2] DEBUG o.s.web.servlet.DispatcherServlet - GET "/actuator/health", parameters={}
2026-03-29 21:14:27.923 [main] INFO  o.s.o.j.p.SpringPersistenceUnitInfo - No LoadTimeWeaver setup: ignoring JPA class transformer
2026-03-29 21:14:28.044 [main] INFO  com.zaxxer.hikari.HikariDataSource - HikariPool-1 - Starting...
2026-03-29 21:14:30.016 [main] INFO  com.zaxxer.hikari.pool.HikariPool - HikariPool-1 - Added connection conn0: url=jdbc:h2:mem:cartoes user=SA
2026-03-29 21:14:30.022 [main] INFO  com.zaxxer.hikari.HikariDataSource - HikariPool-1 - Start completed.
2026-03-29 21:14:30.108 [main] WARN  org.hibernate.orm.deprecation - HHH90000025: H2Dialect does not need to be specified explicitly using 'hibernate.dialect' (remove the property setting and it will be selected by default)
2026-03-29 21:14:30.190 [main] INFO  o.hibernate.orm.connections.pooling - HHH10001005: Database info:
	Database JDBC URL [jdbc:h2:mem:cartoes]
	Database driver: H2 JDBC Driver
	Database dialect: H2Dialect
	Database version: 2.4.240
	Default catalog/schema: CARTOES/PUBLIC
	Autocommit mode: undefined/unknown
	Isolation level: READ_COMMITTED [default READ_COMMITTED]
	JDBC fetch size: 100
	Pool: DataSourceConnectionProvider
	Minimum pool size: undefined/unknown
	Maximum pool size: undefined/unknown
2026-03-29 21:14:33.256 [main] INFO  org.hibernate.orm.core - HHH000489: No JTA platform available (set 'hibernate.transaction.jta.platform' to enable JTA platform integration)
2026-03-29 21:14:33.451 [main] INFO  o.s.o.j.LocalContainerEntityManagerFactoryBean - Initialized JPA EntityManagerFactory for persistence unit 'default'
2026-03-29 21:14:33.678 [main] INFO  o.s.d.j.r.q.QueryEnhancerFactories - Hibernate is in classpath; If applicable, HQL parser will be used.
2026-03-29 21:14:34.336 [main] WARN  o.s.w.c.s.GenericWebApplicationContext - Exception encountered during context initialization - cancelling refresh attempt: org.springframework.beans.factory.UnsatisfiedDependencyException: Error creating bean with name 'modelResolver' defined in class path resource [br/com/desafio/cartoes/config/JacksonConfig.class]: Unsatisfied dependency expressed through method 'modelResolver' parameter 0: No qualifying bean of type 'com.fasterxml.jackson.databind.ObjectMapper' available: expected at least 1 bean which qualifies as autowire candidate. Dependency annotations: {}
2026-03-29 21:14:34.339 [main] INFO  o.s.o.j.LocalContainerEntityManagerFactoryBean - Closing JPA EntityManagerFactory for persistence unit 'default'
2026-03-29 21:14:34.361 [main] INFO  com.zaxxer.hikari.HikariDataSource - HikariPool-1 - Shutdown initiated...
2026-03-29 21:14:34.497 [main] INFO  com.zaxxer.hikari.HikariDataSource - HikariPool-1 - Shutdown completed.
2026-03-29 21:14:34.556 [main] INFO  o.s.b.a.l.ConditionEvaluationReportLogger - 

Error starting ApplicationContext. To display the condition evaluation report re-run your application with 'debug' enabled.
2026-03-29 21:14:34.636 [main] ERROR o.s.b.d.LoggingFailureAnalysisReporter - 

***************************
APPLICATION FAILED TO START
***************************

Description:

Parameter 0 of method modelResolver in br.com.desafio.cartoes.config.JacksonConfig required a bean of type 'com.fasterxml.jackson.databind.ObjectMapper' that could not be found.


Action:

Consider defining a bean of type 'com.fasterxml.jackson.databind.ObjectMapper' in your configuration.

2026-03-29 21:14:34.647 [main] WARN  o.s.test.context.TestContextManager - Caught exception while allowing TestExecutionListener [org.springframework.test.context.web.ServletTestExecutionListener] to prepare test instance [br.com.desafio.cartoes.CartoesApplicationTests@1ca0546a]
java.lang.IllegalStateException: Failed to load ApplicationContext for [WebMergedContextConfiguration@34a82874 testClass = br.com.desafio.cartoes.CartoesApplicationTests, locations = [], classes = [br.com.desafio.cartoes.CartoesApplication], contextInitializerClasses = [], activeProfiles = [], propertySourceDescriptors = [], propertySourceProperties = ["org.springframework.boot.test.context.SpringBootTestContextBootstrapper=true"], contextCustomizers = [org.springframework.boot.test.context.PropertyMappingContextCustomizer@0, org.springframework.boot.test.context.filter.ExcludeFilterContextCustomizer@289a4b90, org.springframework.boot.test.json.DuplicateJsonObjectContextCustomizerFactory$DuplicateJsonObjectContextCustomizer@5f68eec6, org.springframework.boot.test.autoconfigure.OnFailureConditionReportContextCustomizerFactory$OnFailureConditionReportContextCustomizer@6cb194f5, org.springframework.test.context.support.DynamicPropertiesContextCustomizer@0, org.springframework.boot.web.server.context.SpringBootTestRandomPortContextCustomizer@5b5b8730, org.springframework.boot.test.context.SpringBootTestAnnotation@6fa8336d], resourceBasePath = "src/main/webapp", contextLoader = org.springframework.boot.test.context.SpringBootContextLoader, parent = null]
	at org.springframework.test.context.cache.DefaultCacheAwareContextLoaderDelegate.lambda$loadContext$0(DefaultCacheAwareContextLoaderDelegate.java:195)
	at org.springframework.test.context.cache.DefaultContextCache.put(DefaultContextCache.java:214)
	at org.springframework.test.context.cache.DefaultCacheAwareContextLoaderDelegate.loadContext(DefaultCacheAwareContextLoaderDelegate.java:160)
	at org.springframework.test.context.support.DefaultTestContext.getApplicationContext(DefaultTestContext.java:128)
	at org.springframework.test.context.web.ServletTestExecutionListener.setUpRequestContextIfNecessary(ServletTestExecutionListener.java:200)
	at org.springframework.test.context.web.ServletTestExecutionListener.prepareTestInstance(ServletTestExecutionListener.java:139)
	at org.springframework.test.context.TestContextManager.prepareTestInstance(TestContextManager.java:260)
	at org.springframework.test.context.junit.jupiter.SpringExtension.postProcessTestInstance(SpringExtension.java:210)
	at org.junit.jupiter.engine.descriptor.ClassBasedTestDescriptor.lambda$invokeTestInstancePostProcessors$1(ClassBasedTestDescriptor.java:423)
	at org.junit.jupiter.engine.descriptor.ClassBasedTestDescriptor.executeAndMaskThrowable(ClassBasedTestDescriptor.java:428)
	at org.junit.jupiter.engine.descriptor.ClassBasedTestDescriptor.lambda$invokeTestInstancePostProcessors$0(ClassBasedTestDescriptor.java:422)
	at java.base/java.util.stream.ForEachOps$ForEachOp$OfRef.accept(ForEachOps.java:183)
	at java.base/java.util.stream.ReferencePipeline$3$1.accept(ReferencePipeline.java:197)
	at java.base/java.util.stream.ReferencePipeline$2$1.accept(ReferencePipeline.java:179)
	at java.base/java.util.stream.ReferencePipeline$3$1.accept(ReferencePipeline.java:197)
	at java.base/java.util.ArrayList$ArrayListSpliterator.forEachRemaining(ArrayList.java:1625)
	at java.base/java.util.stream.AbstractPipeline.copyInto(AbstractPipeline.java:509)
	at java.base/java.util.stream.AbstractPipeline.wrapAndCopyInto(AbstractPipeline.java:499)
	at java.base/java.util.stream.ForEachOps$ForEachOp.evaluateSequential(ForEachOps.java:150)
	at java.base/java.util.stream.ForEachOps$ForEachOp$OfRef.evaluateSequential(ForEachOps.java:173)
	at java.base/java.util.stream.AbstractPipeline.evaluate(AbstractPipeline.java:234)
	at java.base/java.util.stream.ReferencePipeline.forEach(ReferencePipeline.java:596)
	at org.junit.jupiter.engine.descriptor.ClassBasedTestDescriptor.invokeTestInstancePostProcessors(ClassBasedTestDescriptor.java:422)
	at org.junit.jupiter.engine.descriptor.ClassBasedTestDescriptor.lambda$instantiateAndPostProcessTestInstance$0(ClassBasedTestDescriptor.java:334)
	at org.junit.platform.engine.support.hierarchical.ThrowableCollector.execute(ThrowableCollector.java:74)
	at org.junit.jupiter.engine.descriptor.ClassBasedTestDescriptor.instantiateAndPostProcessTestInstance(ClassBasedTestDescriptor.java:333)
	at org.junit.jupiter.engine.descriptor.ClassBasedTestDescriptor.lambda$testInstancesProvider$1(ClassBasedTestDescriptor.java:322)
	at java.base/java.util.Optional.orElseGet(Optional.java:364)
	at org.junit.jupiter.engine.descriptor.ClassBasedTestDescriptor.lambda$testInstancesProvider$0(ClassBasedTestDescriptor.java:321)
	at org.junit.jupiter.engine.execution.TestInstancesProvider.getTestInstances(TestInstancesProvider.java:27)
	at org.junit.jupiter.engine.descriptor.TestMethodTestDescriptor.lambda$prepare$0(TestMethodTestDescriptor.java:127)
	at org.junit.platform.engine.support.hierarchical.ThrowableCollector.execute(ThrowableCollector.java:74)
	at org.junit.jupiter.engine.descriptor.TestMethodTestDescriptor.prepare(TestMethodTestDescriptor.java:126)
	at org.junit.jupiter.engine.descriptor.TestMethodTestDescriptor.prepare(TestMethodTestDescriptor.java:70)
	at org.junit.platform.engine.support.hierarchical.NodeTestTask.lambda$prepare$0(NodeTestTask.java:144)
	at org.junit.platform.engine.support.hierarchical.ThrowableCollector.execute(ThrowableCollector.java:74)
	at org.junit.platform.engine.support.hierarchical.NodeTestTask.prepare(NodeTestTask.java:144)
	at org.junit.platform.engine.support.hierarchical.NodeTestTask.execute(NodeTestTask.java:110)
	at java.base/java.util.ArrayList.forEach(ArrayList.java:1511)
	at org.junit.platform.engine.support.hierarchical.SameThreadHierarchicalTestExecutorService.invokeAll(SameThreadHierarchicalTestExecutorService.java:42)
	at org.junit.platform.engine.support.hierarchical.NodeTestTask.lambda$executeRecursively$2(NodeTestTask.java:180)
	at org.junit.platform.engine.support.hierarchical.ThrowableCollector.execute(ThrowableCollector.java:74)
	at org.junit.platform.engine.support.hierarchical.NodeTestTask.lambda$executeRecursively$1(NodeTestTask.java:166)
	at org.junit.platform.engine.support.hierarchical.Node.around(Node.java:138)
	at org.junit.platform.engine.support.hierarchical.NodeTestTask.lambda$executeRecursively$0(NodeTestTask.java:164)
	at org.junit.platform.engine.support.hierarchical.ThrowableCollector.execute(ThrowableCollector.java:74)
	at org.junit.platform.engine.support.hierarchical.NodeTestTask.executeRecursively(NodeTestTask.java:163)
	at org.junit.platform.engine.support.hierarchical.NodeTestTask.execute(NodeTestTask.java:116)
	at java.base/java.util.ArrayList.forEach(ArrayList.java:1511)
	at org.junit.platform.engine.support.hierarchical.SameThreadHierarchicalTestExecutorService.invokeAll(SameThreadHierarchicalTestExecutorService.java:42)
	at org.junit.platform.engine.support.hierarchical.NodeTestTask.lambda$executeRecursively$2(NodeTestTask.java:180)
	at org.junit.platform.engine.support.hierarchical.ThrowableCollector.execute(ThrowableCollector.java:74)
	at org.junit.platform.engine.support.hierarchical.NodeTestTask.lambda$executeRecursively$1(NodeTestTask.java:166)
	at org.junit.platform.engine.support.hierarchical.Node.around(Node.java:138)
	at org.junit.platform.engine.support.hierarchical.NodeTestTask.lambda$executeRecursively$0(NodeTestTask.java:164)
	at org.junit.platform.engine.support.hierarchical.ThrowableCollector.execute(ThrowableCollector.java:74)
	at org.junit.platform.engine.support.hierarchical.NodeTestTask.executeRecursively(NodeTestTask.java:163)
	at org.junit.platform.engine.support.hierarchical.NodeTestTask.execute(NodeTestTask.java:116)
	at org.junit.platform.engine.support.hierarchical.SameThreadHierarchicalTestExecutorService.submit(SameThreadHierarchicalTestExecutorService.java:36)
	at org.junit.platform.engine.support.hierarchical.HierarchicalTestExecutor.execute(HierarchicalTestExecutor.java:52)
	at org.junit.platform.engine.support.hierarchical.HierarchicalTestEngine.execute(HierarchicalTestEngine.java:58)
	at org.junit.platform.launcher.core.EngineExecutionOrchestrator.executeEngine(EngineExecutionOrchestrator.java:246)
	at org.junit.platform.launcher.core.EngineExecutionOrchestrator.failOrExecuteEngine(EngineExecutionOrchestrator.java:218)
	at org.junit.platform.launcher.core.EngineExecutionOrchestrator.execute(EngineExecutionOrchestrator.java:179)
	at org.junit.platform.launcher.core.EngineExecutionOrchestrator.execute(EngineExecutionOrchestrator.java:108)
	at org.junit.platform.launcher.core.EngineExecutionOrchestrator.lambda$execute$0(EngineExecutionOrchestrator.java:66)
	at org.junit.platform.launcher.core.EngineExecutionOrchestrator.withInterceptedStreams(EngineExecutionOrchestrator.java:157)
	at org.junit.platform.launcher.core.EngineExecutionOrchestrator.execute(EngineExecutionOrchestrator.java:65)
	at org.junit.platform.launcher.core.DefaultLauncher.execute(DefaultLauncher.java:125)
	at org.junit.platform.launcher.core.DefaultLauncher.execute(DefaultLauncher.java:114)
	at org.junit.platform.launcher.core.DelegatingLauncher.execute(DelegatingLauncher.java:58)
	at org.junit.platform.launcher.core.InterceptingLauncher.lambda$execute$2(InterceptingLauncher.java:57)
	at org.junit.platform.launcher.core.ClasspathAlignmentCheckingLauncherInterceptor.intercept(ClasspathAlignmentCheckingLauncherInterceptor.java:25)
	at org.junit.platform.launcher.core.InterceptingLauncher.execute(InterceptingLauncher.java:56)
	at org.junit.platform.launcher.core.DelegatingLauncher.execute(DelegatingLauncher.java:58)
	at org.junit.platform.launcher.core.SessionPerRequestLauncher.execute(SessionPerRequestLauncher.java:81)
	at org.eclipse.jdt.internal.junit6.runner.JUnit6TestReference.run(JUnit6TestReference.java:105)
	at org.eclipse.jdt.internal.junit.runner.TestExecution.run(TestExecution.java:40)
	at org.eclipse.jdt.internal.junit.runner.RemoteTestRunner.runTests(RemoteTestRunner.java:520)
	at org.eclipse.jdt.internal.junit.runner.RemoteTestRunner.runTests(RemoteTestRunner.java:748)
	at org.eclipse.jdt.internal.junit.runner.RemoteTestRunner.run(RemoteTestRunner.java:443)
	at org.eclipse.jdt.internal.junit.runner.RemoteTestRunner.main(RemoteTestRunner.java:211)
Caused by: org.springframework.beans.factory.UnsatisfiedDependencyException: Error creating bean with name 'modelResolver' defined in class path resource [br/com/desafio/cartoes/config/JacksonConfig.class]: Unsatisfied dependency expressed through method 'modelResolver' parameter 0: No qualifying bean of type 'com.fasterxml.jackson.databind.ObjectMapper' available: expected at least 1 bean which qualifies as autowire candidate. Dependency annotations: {}
	at org.springframework.beans.factory.support.ConstructorResolver.createArgumentArray(ConstructorResolver.java:804)
	at org.springframework.beans.factory.support.ConstructorResolver.instantiateUsingFactoryMethod(ConstructorResolver.java:546)
	at org.springframework.beans.factory.support.AbstractAutowireCapableBeanFactory.instantiateUsingFactoryMethod(AbstractAutowireCapableBeanFactory.java:1362)
	at org.springframework.beans.factory.support.AbstractAutowireCapableBeanFactory.createBeanInstance(AbstractAutowireCapableBeanFactory.java:1194)
	at org.springframework.beans.factory.support.AbstractAutowireCapableBeanFactory.doCreateBean(AbstractAutowireCapableBeanFactory.java:565)
	at org.springframework.beans.factory.support.AbstractAutowireCapableBeanFactory.createBean(AbstractAutowireCapableBeanFactory.java:525)
	at org.springframework.beans.factory.support.AbstractBeanFactory.lambda$doGetBean$0(AbstractBeanFactory.java:333)
	at org.springframework.beans.factory.support.DefaultSingletonBeanRegistry.getSingleton(DefaultSingletonBeanRegistry.java:371)
	at org.springframework.beans.factory.support.AbstractBeanFactory.doGetBean(AbstractBeanFactory.java:331)
	at org.springframework.beans.factory.support.AbstractBeanFactory.getBean(AbstractBeanFactory.java:196)
	at org.springframework.beans.factory.support.DefaultListableBeanFactory.instantiateSingleton(DefaultListableBeanFactory.java:1218)
	at org.springframework.beans.factory.support.DefaultListableBeanFactory.preInstantiateSingleton(DefaultListableBeanFactory.java:1184)
	at org.springframework.beans.factory.support.DefaultListableBeanFactory.preInstantiateSingletons(DefaultListableBeanFactory.java:1121)
	at org.springframework.context.support.AbstractApplicationContext.finishBeanFactoryInitialization(AbstractApplicationContext.java:994)
	at org.springframework.context.support.AbstractApplicationContext.refresh(AbstractApplicationContext.java:621)
	at org.springframework.boot.SpringApplication.refresh(SpringApplication.java:756)
	at org.springframework.boot.SpringApplication.refreshContext(SpringApplication.java:445)
	at org.springframework.boot.SpringApplication.run(SpringApplication.java:321)
	at org.springframework.boot.test.context.SpringBootContextLoader.lambda$loadContext$2(SpringBootContextLoader.java:155)
	at org.springframework.util.function.ThrowingSupplier.get(ThrowingSupplier.java:58)
	at org.springframework.util.function.ThrowingSupplier.get(ThrowingSupplier.java:46)
	at org.springframework.boot.SpringApplication.withHook(SpringApplication.java:1465)
	at org.springframework.boot.test.context.SpringBootContextLoader$ContextLoaderHook.run(SpringBootContextLoader.java:600)
	at org.springframework.boot.test.context.SpringBootContextLoader.loadContext(SpringBootContextLoader.java:155)
	at org.springframework.boot.test.context.SpringBootContextLoader.loadContext(SpringBootContextLoader.java:114)
	at org.springframework.test.context.cache.DefaultCacheAwareContextLoaderDelegate.loadContextInternal(DefaultCacheAwareContextLoaderDelegate.java:247)
	at org.springframework.test.context.cache.DefaultCacheAwareContextLoaderDelegate.lambda$loadContext$0(DefaultCacheAwareContextLoaderDelegate.java:167)
	... 81 common frames omitted
Caused by: org.springframework.beans.factory.NoSuchBeanDefinitionException: No qualifying bean of type 'com.fasterxml.jackson.databind.ObjectMapper' available: expected at least 1 bean which qualifies as autowire candidate. Dependency annotations: {}
	at org.springframework.beans.factory.support.DefaultListableBeanFactory.raiseNoMatchingBeanFound(DefaultListableBeanFactory.java:2297)
	at org.springframework.beans.factory.support.DefaultListableBeanFactory.doResolveDependency(DefaultListableBeanFactory.java:1725)
	at org.springframework.beans.factory.support.DefaultListableBeanFactory.resolveDependency(DefaultListableBeanFactory.java:1651)
	at org.springframework.beans.factory.support.ConstructorResolver.resolveAutowiredArgument(ConstructorResolver.java:912)
	at org.springframework.beans.factory.support.ConstructorResolver.createArgumentArray(ConstructorResolver.java:791)
	... 107 common frames omitted
2026-03-30 00:14:39.955 [http-nio-8080-exec-2] DEBUG o.s.w.s.m.m.a.RequestResponseBodyMethodProcessor - Read "application/octet-stream" to []
2026-03-30 00:14:49.594 [http-nio-8080-exec-2] DEBUG o.s.w.s.m.m.a.HttpEntityMethodProcessor - Using 'application/vnd.spring-boot.actuator.v3+json', given [*/*] and supported [application/vnd.spring-boot.actuator.v3+json, application/vnd.spring-boot.actuator.v2+json, application/json]
2026-03-30 00:14:49.741 [http-nio-8080-exec-2] DEBUG o.s.w.s.m.m.a.HttpEntityMethodProcessor - Writing [org.springframework.boot.health.actuate.endpoint.SystemHealthDescriptor@f838950]
2026-03-30 00:14:50.580 [http-nio-8080-exec-2] DEBUG o.s.web.servlet.DispatcherServlet - Completed 200 OK
2026-03-30 00:15:14.705 [http-nio-8080-exec-5] DEBUG o.s.web.servlet.DispatcherServlet - GET "/actuator/health", parameters={}
2026-03-30 00:15:15.051 [http-nio-8080-exec-5] DEBUG o.s.w.s.m.m.a.RequestResponseBodyMethodProcessor - Read "application/octet-stream" to []
2026-03-30 00:15:15.384 [http-nio-8080-exec-5] DEBUG o.s.w.s.m.m.a.HttpEntityMethodProcessor - Using 'application/vnd.spring-boot.actuator.v3+json', given [*/*] and supported [application/vnd.spring-boot.actuator.v3+json, application/vnd.spring-boot.actuator.v2+json, application/json]
2026-03-30 00:15:15.405 [http-nio-8080-exec-5] DEBUG o.s.w.s.m.m.a.HttpEntityMethodProcessor - Writing [org.springframework.boot.health.actuate.endpoint.SystemHealthDescriptor@17b502d3]
2026-03-30 00:15:15.563 [http-nio-8080-exec-5] DEBUG o.s.web.servlet.DispatcherServlet - Completed 200 OK
2026-03-30 00:16:09.349 [http-nio-8080-exec-6] DEBUG o.s.web.servlet.DispatcherServlet - GET "/actuator/health", parameters={}
2026-03-30 00:16:09.777 [http-nio-8080-exec-6] DEBUG o.s.w.s.m.m.a.RequestResponseBodyMethodProcessor - Read "application/octet-stream" to []
2026-03-30 00:16:10.937 [http-nio-8080-exec-6] DEBUG o.s.w.s.m.m.a.HttpEntityMethodProcessor - Using 'application/vnd.spring-boot.actuator.v3+json', given [*/*] and supported [application/vnd.spring-boot.actuator.v3+json, application/vnd.spring-boot.actuator.v2+json, application/json]
2026-03-30 00:16:11.017 [http-nio-8080-exec-6] DEBUG o.s.w.s.m.m.a.HttpEntityMethodProcessor - Writing [org.springframework.boot.health.actuate.endpoint.SystemHealthDescriptor@3a0e6940]
2026-03-30 00:16:11.306 [http-nio-8080-exec-6] DEBUG o.s.web.servlet.DispatcherServlet - Completed 200 OK
2026-03-30 00:16:51.451 [http-nio-8080-exec-7] DEBUG o.s.web.servlet.DispatcherServlet - GET "/actuator/health", parameters={}
2026-03-30 00:16:51.973 [http-nio-8080-exec-7] DEBUG o.s.w.s.m.m.a.RequestResponseBodyMethodProcessor - Read "application/octet-stream" to []
2026-03-30 00:16:52.147 [http-nio-8080-exec-7] DEBUG o.s.w.s.m.m.a.HttpEntityMethodProcessor - Using 'application/vnd.spring-boot.actuator.v3+json', given [*/*] and supported [application/vnd.spring-boot.actuator.v3+json, application/vnd.spring-boot.actuator.v2+json, application/json]
2026-03-30 00:16:52.157 [http-nio-8080-exec-7] DEBUG o.s.w.s.m.m.a.HttpEntityMethodProcessor - Writing [org.springframework.boot.health.actuate.endpoint.SystemHealthDescriptor@3f547b01]
2026-03-30 00:16:52.241 [http-nio-8080-exec-7] DEBUG o.s.web.servlet.DispatcherServlet - Completed 200 OK
2026-03-30 00:17:25.371 [http-nio-8080-exec-8] DEBUG o.s.web.servlet.DispatcherServlet - GET "/actuator/health", parameters={}
2026-03-30 00:17:25.641 [http-nio-8080-exec-8] DEBUG o.s.w.s.m.m.a.RequestResponseBodyMethodProcessor - Read "application/octet-stream" to []
2026-03-30 00:17:25.914 [http-nio-8080-exec-8] DEBUG o.s.w.s.m.m.a.HttpEntityMethodProcessor - Using 'application/vnd.spring-boot.actuator.v3+json', given [*/*] and supported [application/vnd.spring-boot.actuator.v3+json, application/vnd.spring-boot.actuator.v2+json, application/json]
2026-03-30 00:17:25.924 [http-nio-8080-exec-8] DEBUG o.s.w.s.m.m.a.HttpEntityMethodProcessor - Writing [org.springframework.boot.health.actuate.endpoint.SystemHealthDescriptor@309f2603]
2026-03-30 00:17:26.044 [http-nio-8080-exec-8] DEBUG o.s.web.servlet.DispatcherServlet - Completed 200 OK
2026-03-30 00:17:51.203 [SpringApplicationShutdownHook] INFO  o.s.boot.tomcat.GracefulShutdown - Commencing graceful shutdown. Waiting for active requests to complete
2026-03-30 00:17:52.387 [tomcat-shutdown] INFO  o.s.boot.tomcat.GracefulShutdown - Graceful shutdown complete
2026-03-30 00:17:52.964 [SpringApplicationShutdownHook] INFO  o.s.o.j.LocalContainerEntityManagerFactoryBean - Closing JPA EntityManagerFactory for persistence unit 'default'
2026-03-30 00:17:54.547 [SpringApplicationShutdownHook] INFO  com.zaxxer.hikari.HikariDataSource - HikariPool-1 - Shutdown initiated...
2026-03-29 21:34:13.804 [background-preinit] INFO  o.h.validator.internal.util.Version - HV000001: Hibernate Validator 9.0.1.Final
2026-03-29 21:34:13.978 [main] INFO  b.c.d.cartoes.CartoesApplication - Starting CartoesApplication using Java 21.0.7 with PID 35360 (C:\Users\jukia\OneDrive\Desktop\DesafioItau\cartoes\cartoes\target\classes started by jukia in C:\Users\jukia\OneDrive\Desktop\DesafioItau\cartoes\cartoes)
2026-03-29 21:34:13.980 [main] DEBUG b.c.d.cartoes.CartoesApplication - Running with Spring Boot v4.0.4, Spring v7.0.6
2026-03-29 21:34:13.982 [main] INFO  b.c.d.cartoes.CartoesApplication - No active profile set, falling back to 1 default profile: "default"
2026-03-29 21:34:22.005 [main] INFO  o.s.d.r.c.RepositoryConfigurationDelegate - Bootstrapping Spring Data JPA repositories in DEFAULT mode.
2026-03-29 21:34:23.670 [main] INFO  o.s.d.r.c.RepositoryConfigurationDelegate - Finished Spring Data repository scanning in 1119 ms. Found 2 JPA repository interfaces.
2026-03-29 21:34:33.503 [main] INFO  o.s.boot.tomcat.TomcatWebServer - Tomcat initialized with port 8080 (http)
2026-03-29 21:34:33.595 [main] INFO  o.a.coyote.http11.Http11NioProtocol - Initializing ProtocolHandler ["http-nio-8080"]
2026-03-29 21:34:33.663 [main] INFO  o.a.catalina.core.StandardService - Starting service [Tomcat]
2026-03-29 21:34:33.664 [main] INFO  o.a.catalina.core.StandardEngine - Starting Servlet engine: [Apache Tomcat/11.0.18]
2026-03-29 21:34:34.138 [main] INFO  o.s.b.w.c.s.WebApplicationContextInitializer - Root WebApplicationContext: initialization completed in 19890 ms
2026-03-29 21:34:34.447 [main] DEBUG o.s.w.f.ServerHttpObservationFilter - Filter 'webMvcObservationFilter' configured for use
2026-03-29 21:34:34.918 [background-preinit] INFO  o.h.validator.internal.util.Version - HV000001: Hibernate Validator 9.0.1.Final
2026-03-29 21:34:35.216 [main] INFO  b.c.d.cartoes.CartoesApplication - Starting CartoesApplication using Java 21.0.7 with PID 22648 (C:\Users\jukia\OneDrive\Desktop\DesafioItau\cartoes\cartoes\target\classes started by jukia in C:\Users\jukia\OneDrive\Desktop\DesafioItau\cartoes\cartoes)
2026-03-29 21:34:35.217 [main] DEBUG b.c.d.cartoes.CartoesApplication - Running with Spring Boot v4.0.4, Spring v7.0.6
2026-03-29 21:34:35.218 [main] INFO  b.c.d.cartoes.CartoesApplication - No active profile set, falling back to 1 default profile: "default"
2026-03-29 21:34:37.767 [main] INFO  org.hibernate.orm.jpa - HHH008540: Processing PersistenceUnitInfo [name: default]
2026-03-29 21:34:40.406 [main] INFO  org.hibernate.orm.core - HHH000001: Hibernate ORM core version 7.2.7.Final
2026-03-29 21:34:43.578 [main] INFO  o.s.d.r.c.RepositoryConfigurationDelegate - Bootstrapping Spring Data JPA repositories in DEFAULT mode.
2026-03-29 21:34:43.805 [main] INFO  o.s.d.r.c.RepositoryConfigurationDelegate - Finished Spring Data repository scanning in 203 ms. Found 2 JPA repository interfaces.
2026-03-29 21:34:45.488 [main] INFO  o.s.o.j.p.SpringPersistenceUnitInfo - No LoadTimeWeaver setup: ignoring JPA class transformer
2026-03-29 21:34:45.606 [main] INFO  com.zaxxer.hikari.HikariDataSource - HikariPool-1 - Starting...
2026-03-29 21:34:45.732 [main] INFO  o.s.boot.tomcat.TomcatWebServer - Tomcat initialized with port 8080 (http)
2026-03-29 21:34:45.853 [main] INFO  o.a.coyote.http11.Http11NioProtocol - Initializing ProtocolHandler ["http-nio-8080"]
2026-03-29 21:34:45.887 [main] INFO  o.a.catalina.core.StandardService - Starting service [Tomcat]
2026-03-29 21:34:45.888 [main] INFO  o.a.catalina.core.StandardEngine - Starting Servlet engine: [Apache Tomcat/11.0.18]
2026-03-29 21:34:46.354 [main] INFO  o.s.b.w.c.s.WebApplicationContextInitializer - Root WebApplicationContext: initialization completed in 10898 ms
2026-03-29 21:34:46.357 [main] INFO  com.zaxxer.hikari.pool.HikariPool - HikariPool-1 - Added connection conn0: url=jdbc:h2:mem:cartoes user=SA
2026-03-29 21:34:46.361 [main] INFO  com.zaxxer.hikari.HikariDataSource - HikariPool-1 - Start completed.
2026-03-29 21:34:46.432 [main] WARN  org.hibernate.orm.deprecation - HHH90000025: H2Dialect does not need to be specified explicitly using 'hibernate.dialect' (remove the property setting and it will be selected by default)
2026-03-29 21:34:46.497 [main] INFO  o.hibernate.orm.connections.pooling - HHH10001005: Database info:
	Database JDBC URL [jdbc:h2:mem:cartoes]
	Database driver: H2 JDBC Driver
	Database dialect: H2Dialect
	Database version: 2.4.240
	Default catalog/schema: CARTOES/PUBLIC
	Autocommit mode: undefined/unknown
	Isolation level: READ_COMMITTED [default READ_COMMITTED]
	JDBC fetch size: 100
	Pool: DataSourceConnectionProvider
	Minimum pool size: undefined/unknown
	Maximum pool size: undefined/unknown
2026-03-29 21:34:46.963 [main] DEBUG o.s.w.f.ServerHttpObservationFilter - Filter 'webMvcObservationFilter' configured for use
2026-03-29 21:34:47.446 [main] INFO  org.hibernate.orm.jpa - HHH008540: Processing PersistenceUnitInfo [name: default]
2026-03-29 21:34:47.618 [main] INFO  org.hibernate.orm.core - HHH000001: Hibernate ORM core version 7.2.7.Final
2026-03-29 21:34:49.214 [main] INFO  org.hibernate.orm.core - HHH000489: No JTA platform available (set 'hibernate.transaction.jta.platform' to enable JTA platform integration)
2026-03-29 21:34:49.386 [main] INFO  o.s.o.j.p.SpringPersistenceUnitInfo - No LoadTimeWeaver setup: ignoring JPA class transformer
2026-03-29 21:34:49.443 [main] INFO  o.s.o.j.LocalContainerEntityManagerFactoryBean - Initialized JPA EntityManagerFactory for persistence unit 'default'
2026-03-29 21:34:49.508 [main] INFO  com.zaxxer.hikari.HikariDataSource - HikariPool-1 - Starting...
2026-03-29 21:34:50.005 [main] INFO  o.s.d.j.r.q.QueryEnhancerFactories - Hibernate is in classpath; If applicable, HQL parser will be used.
2026-03-29 21:34:50.212 [main] INFO  com.zaxxer.hikari.pool.HikariPool - HikariPool-1 - Added connection conn0: url=jdbc:h2:mem:cartoes user=SA
2026-03-29 21:34:50.225 [main] INFO  com.zaxxer.hikari.HikariDataSource - HikariPool-1 - Start completed.
2026-03-29 21:34:50.331 [main] WARN  org.hibernate.orm.deprecation - HHH90000025: H2Dialect does not need to be specified explicitly using 'hibernate.dialect' (remove the property setting and it will be selected by default)
2026-03-29 21:34:50.447 [main] INFO  o.hibernate.orm.connections.pooling - HHH10001005: Database info:
	Database JDBC URL [jdbc:h2:mem:cartoes]
	Database driver: H2 JDBC Driver
	Database dialect: H2Dialect
	Database version: 2.4.240
	Default catalog/schema: CARTOES/PUBLIC
	Autocommit mode: undefined/unknown
	Isolation level: READ_COMMITTED [default READ_COMMITTED]
	JDBC fetch size: 100
	Pool: DataSourceConnectionProvider
	Minimum pool size: undefined/unknown
	Maximum pool size: undefined/unknown
2026-03-29 21:34:50.910 [main] WARN  o.s.b.j.a.JpaBaseConfiguration$JpaWebConfiguration - spring.jpa.open-in-view is enabled by default. Therefore, database queries may be performed during view rendering. Explicitly configure spring.jpa.open-in-view to disable this warning
2026-03-29 21:34:51.371 [main] DEBUG o.s.w.s.m.m.a.RequestMappingHandlerMapping - 7 mappings in 'requestMappingHandlerMapping'
2026-03-29 21:34:51.467 [main] DEBUG o.s.w.s.h.SimpleUrlHandlerMapping - Patterns [/webjars/**, /**, /swagger-ui*/*swagger-initializer.js, /swagger-ui*/**] in 'resourceHandlerMapping'
2026-03-29 21:34:51.562 [main] DEBUG o.s.w.s.m.m.a.RequestMappingHandlerAdapter - ControllerAdvice beans: 0 @ModelAttribute, 0 @InitBinder, 2 RequestBodyAdvice, 1 ResponseBodyAdvice
2026-03-29 21:34:51.701 [main] DEBUG o.s.w.s.m.m.a.ExceptionHandlerExceptionResolver - ControllerAdvice beans: 2 @ExceptionHandler, 1 ResponseBodyAdvice
2026-03-29 21:34:52.233 [main] INFO  o.s.b.h.a.H2ConsoleAutoConfiguration - H2 console available at '/h2-console'. Database available at 'jdbc:h2:mem:cartoes'
2026-03-29 21:34:52.385 [main] INFO  o.s.b.a.e.web.EndpointLinksResolver - Exposing 1 endpoint beneath base path '/actuator'
2026-03-29 21:34:52.521 [main] INFO  o.a.coyote.http11.Http11NioProtocol - Starting ProtocolHandler ["http-nio-8080"]
2026-03-29 21:34:52.592 [main] INFO  o.s.boot.tomcat.TomcatWebServer - Tomcat started on port 8080 (http) with context path '/'
2026-03-29 21:34:52.611 [main] INFO  b.c.d.cartoes.CartoesApplication - Started CartoesApplication in 44.528 seconds (process running for 47.152)
2026-03-29 21:34:52.839 [http-nio-8080-exec-1] INFO  o.a.c.c.C.[Tomcat].[localhost].[/] - Initializing Spring DispatcherServlet 'dispatcherServlet'
2026-03-29 21:34:52.839 [http-nio-8080-exec-1] INFO  o.s.web.servlet.DispatcherServlet - Initializing Servlet 'dispatcherServlet'
2026-03-29 21:34:52.840 [http-nio-8080-exec-1] DEBUG o.s.web.servlet.DispatcherServlet - Detected StandardServletMultipartResolver
2026-03-29 21:34:52.841 [http-nio-8080-exec-1] DEBUG o.s.web.servlet.DispatcherServlet - Detected AcceptHeaderLocaleResolver
2026-03-29 21:34:52.843 [http-nio-8080-exec-1] DEBUG o.s.web.servlet.DispatcherServlet - Detected org.springframework.web.servlet.view.DefaultRequestToViewNameTranslator@5a4833ab
2026-03-29 21:34:52.844 [http-nio-8080-exec-1] DEBUG o.s.web.servlet.DispatcherServlet - Detected org.springframework.web.servlet.support.SessionFlashMapManager@254a9f65
2026-03-29 21:34:52.844 [http-nio-8080-exec-1] DEBUG o.s.web.servlet.DispatcherServlet - enableLoggingRequestDetails='false': request parameters and headers will be masked to prevent unsafe logging of potentially sensitive data
2026-03-29 21:34:52.845 [http-nio-8080-exec-1] INFO  o.s.web.servlet.DispatcherServlet - Completed initialization in 5 ms
2026-03-29 21:34:52.887 [http-nio-8080-exec-1] DEBUG o.s.web.servlet.DispatcherServlet - GET "/v3/api-docs", parameters={}
2026-03-29 21:34:52.905 [http-nio-8080-exec-1] DEBUG o.s.w.s.m.m.a.RequestMappingHandlerMapping - Mapped to org.springdoc.webmvc.api.OpenApiWebMvcResource#openapiJson(HttpServletRequest, String, Locale)
2026-03-29 21:34:53.017 [main] INFO  org.hibernate.orm.core - HHH000489: No JTA platform available (set 'hibernate.transaction.jta.platform' to enable JTA platform integration)
2026-03-29 21:34:53.120 [main] INFO  o.s.o.j.LocalContainerEntityManagerFactoryBean - Initialized JPA EntityManagerFactory for persistence unit 'default'
2026-03-29 21:34:53.289 [main] WARN  o.s.c.events.SpringDocAppInitializer - SpringDoc /v3/api-docs endpoint is enabled by default. To disable it in production, set the property 'springdoc.api-docs.enabled=false'
2026-03-29 21:34:53.290 [main] WARN  o.s.c.events.SpringDocAppInitializer - SpringDoc /swagger-ui.html endpoint is enabled by default. To disable it in production, set the property 'springdoc.swagger-ui.enabled=false'
2026-03-29 21:34:53.328 [main] INFO  o.s.d.j.r.q.QueryEnhancerFactories - Hibernate is in classpath; If applicable, HQL parser will be used.
2026-03-29 21:34:53.803 [http-nio-8080-exec-1] INFO  o.s.api.AbstractOpenApiResource - Init duration for springdoc-openapi is: 847 ms
2026-03-29 21:34:53.891 [http-nio-8080-exec-1] DEBUG o.s.w.s.m.m.a.RequestResponseBodyMethodProcessor - Using 'application/json', given [*/*] and supported [application/json]
2026-03-29 21:34:53.895 [http-nio-8080-exec-1] DEBUG o.s.w.s.m.m.a.RequestResponseBodyMethodProcessor - Writing [{7b226f70656e617069223a22332e312e30222c22696e666f223a7b227469746c65223a224f70656e41504920646566696e6 (truncated)...]
2026-03-29 21:34:53.913 [http-nio-8080-exec-1] DEBUG o.s.web.servlet.DispatcherServlet - Completed 200 OK
2026-03-29 21:34:54.069 [main] WARN  o.s.b.j.a.JpaBaseConfiguration$JpaWebConfiguration - spring.jpa.open-in-view is enabled by default. Therefore, database queries may be performed during view rendering. Explicitly configure spring.jpa.open-in-view to disable this warning
2026-03-29 21:34:54.396 [main] DEBUG o.s.w.s.m.m.a.RequestMappingHandlerMapping - 7 mappings in 'requestMappingHandlerMapping'
2026-03-29 21:34:54.450 [main] DEBUG o.s.w.s.h.SimpleUrlHandlerMapping - Patterns [/webjars/**, /**, /swagger-ui*/*swagger-initializer.js, /swagger-ui*/**] in 'resourceHandlerMapping'
2026-03-29 21:34:54.508 [main] DEBUG o.s.w.s.m.m.a.RequestMappingHandlerAdapter - ControllerAdvice beans: 0 @ModelAttribute, 0 @InitBinder, 2 RequestBodyAdvice, 1 ResponseBodyAdvice
2026-03-29 21:34:54.668 [main] DEBUG o.s.w.s.m.m.a.ExceptionHandlerExceptionResolver - ControllerAdvice beans: 2 @ExceptionHandler, 1 ResponseBodyAdvice
2026-03-29 21:34:55.084 [main] INFO  o.s.b.h.a.H2ConsoleAutoConfiguration - H2 console available at '/h2-console'. Database available at 'jdbc:h2:mem:cartoes'
2026-03-29 21:34:55.221 [main] INFO  o.s.b.a.e.web.EndpointLinksResolver - Exposing 1 endpoint beneath base path '/actuator'
2026-03-29 21:34:55.369 [main] INFO  o.a.coyote.http11.Http11NioProtocol - Starting ProtocolHandler ["http-nio-8080"]
2026-03-29 21:34:55.391 [main] WARN  o.s.b.w.s.s.c.AnnotationConfigServletWebServerApplicationContext - Exception encountered during context initialization - cancelling refresh attempt: org.springframework.context.ApplicationContextException: Failed to start bean 'webServerStartStop'
2026-03-29 21:34:55.398 [main] INFO  o.s.o.j.LocalContainerEntityManagerFactoryBean - Closing JPA EntityManagerFactory for persistence unit 'default'
2026-03-29 21:34:55.411 [main] INFO  com.zaxxer.hikari.HikariDataSource - HikariPool-1 - Shutdown initiated...
2026-03-29 21:34:55.417 [main] INFO  com.zaxxer.hikari.HikariDataSource - HikariPool-1 - Shutdown completed.
2026-03-29 21:34:55.451 [main] INFO  o.s.b.a.l.ConditionEvaluationReportLogger - 

Error starting ApplicationContext. To display the condition evaluation report re-run your application with 'debug' enabled.
2026-03-29 21:34:55.507 [main] ERROR o.s.b.d.LoggingFailureAnalysisReporter - 

***************************
APPLICATION FAILED TO START
***************************

Description:

Web server failed to start. Port 8080 was already in use.

Action:

Identify and stop the process that's listening on port 8080 or configure this application to listen on another port.

2026-03-29 21:35:01.938 [http-nio-8080-exec-2] DEBUG o.s.web.servlet.DispatcherServlet - POST "/cartoes", parameters={}
2026-03-29 21:35:01.939 [http-nio-8080-exec-2] DEBUG o.s.w.s.m.m.a.RequestMappingHandlerMapping - Mapped to br.com.desafio.cartoes.controller.CartoesController#solicitar(SolicitacaoRequestDTO)
2026-03-29 21:35:02.119 [http-nio-8080-exec-2] DEBUG o.s.w.s.m.m.a.RequestResponseBodyMethodProcessor - Read "application/json;charset=UTF-8" to [SolicitacaoRequestDTO(cliente=ClienteRequestDTO(nome=Cliente Teste, cpf=123.456.789-10, idade=25, da (truncated)...]
2026-03-29 21:35:02.286 [http-nio-8080-exec-2] INFO  b.c.d.c.controller.CartoesController - POST /cartoes recebido para CPF: 123.456.789-10
2026-03-29 21:35:02.287 [http-nio-8080-exec-2] INFO  b.c.d.cartoes.service.CartaoService - Iniciando processamento de solicitação para CPF: 123.456.789-10
2026-03-29 21:35:02.287 [http-nio-8080-exec-2] DEBUG b.c.d.c.s.ValidacaoClienteService - Iniciando validação do cliente: 123.456.789-10
2026-03-29 21:35:02.290 [http-nio-8080-exec-2] DEBUG b.c.d.c.s.ValidacaoClienteService - Validação do cliente 123.456.789-10 passou com sucesso
2026-03-29 21:35:02.295 [http-nio-8080-exec-2] INFO  b.c.d.c.service.ElegibilidadeService - Processando elegibilidade do cliente: 123.456.789-10
2026-03-29 21:35:03.027 [http-nio-8080-exec-2] DEBUG b.c.d.c.service.ElegibilidadeService - Cartões carregados: 3
2026-03-29 21:35:03.028 [http-nio-8080-exec-2] DEBUG b.c.d.c.service.ElegibilidadeService - Regra RegraPorIdade aplicada: 3 → 3 cartões
2026-03-29 21:35:03.032 [http-nio-8080-exec-2] DEBUG b.c.d.c.service.ElegibilidadeService - Regra RegraPorRenda aplicada: 3 → 1 cartões
2026-03-29 21:35:03.032 [http-nio-8080-exec-2] DEBUG b.c.d.c.service.ElegibilidadeService - Regra RegraPorUF aplicada: 1 → 1 cartões
2026-03-29 21:35:03.032 [http-nio-8080-exec-2] INFO  b.c.d.c.service.ElegibilidadeService - Elegibilidade processada para 123.456.789-10: 1 cartões aprovados
2026-03-29 21:35:03.048 [http-nio-8080-exec-2] INFO  b.c.d.cartoes.service.CartaoService - Solicitação ab3085d8-1af6-4316-a38b-9b47f247c478 salva no banco de dados para CPF: 123.456.789-10 com 1 cartões aprovados
2026-03-29 21:35:03.049 [http-nio-8080-exec-2] INFO  b.c.d.c.controller.CartoesController - Cartões encontrados para CPF 123.456.789-10: 1 cartões - retornando 200
2026-03-29 21:35:03.060 [http-nio-8080-exec-2] DEBUG o.s.w.s.m.m.a.HttpEntityMethodProcessor - Using 'application/json', given [*/*] and supported [application/json, application/*+json, application/yaml]
2026-03-29 21:35:03.065 [http-nio-8080-exec-2] DEBUG o.s.w.s.m.m.a.HttpEntityMethodProcessor - Writing [SolicitacaoResponseDTO(numeroSolicitacao=ab3085d8-1af6-4316-a38b-9b47f247c478, dataSolicitacao=2026- (truncated)...]
2026-03-29 21:35:03.163 [http-nio-8080-exec-2] DEBUG o.s.web.servlet.DispatcherServlet - Completed 200 OK
2026-03-29 21:35:17.684 [http-nio-8080-exec-4] DEBUG o.s.web.servlet.DispatcherServlet - POST "/cartoes", parameters={}
2026-03-29 21:35:17.685 [http-nio-8080-exec-4] DEBUG o.s.w.s.m.m.a.RequestMappingHandlerMapping - Mapped to br.com.desafio.cartoes.controller.CartoesController#solicitar(SolicitacaoRequestDTO)
2026-03-29 21:35:17.686 [http-nio-8080-exec-4] DEBUG o.s.w.s.m.m.a.RequestResponseBodyMethodProcessor - Read "application/json;charset=UTF-8" to [SolicitacaoRequestDTO(cliente=ClienteRequestDTO(nome=Cliente Teste, cpf=123.456.789-10, idade=25, da (truncated)...]
2026-03-29 21:35:17.687 [http-nio-8080-exec-4] INFO  b.c.d.c.controller.CartoesController - POST /cartoes recebido para CPF: 123.456.789-10
2026-03-29 21:35:17.687 [http-nio-8080-exec-4] INFO  b.c.d.cartoes.service.CartaoService - Iniciando processamento de solicitação para CPF: 123.456.789-10
2026-03-29 21:35:17.687 [http-nio-8080-exec-4] DEBUG b.c.d.c.s.ValidacaoClienteService - Iniciando validação do cliente: 123.456.789-10
2026-03-29 21:35:17.687 [http-nio-8080-exec-4] DEBUG b.c.d.c.s.ValidacaoClienteService - Validação do cliente 123.456.789-10 passou com sucesso
2026-03-29 21:35:17.687 [http-nio-8080-exec-4] INFO  b.c.d.c.service.ElegibilidadeService - Processando elegibilidade do cliente: 123.456.789-10
2026-03-29 21:35:17.689 [http-nio-8080-exec-4] DEBUG b.c.d.c.service.ElegibilidadeService - Cartões carregados: 3
2026-03-29 21:35:17.690 [http-nio-8080-exec-4] DEBUG b.c.d.c.service.ElegibilidadeService - Regra RegraPorIdade aplicada: 3 → 3 cartões
2026-03-29 21:35:17.690 [http-nio-8080-exec-4] DEBUG b.c.d.c.service.ElegibilidadeService - Regra RegraPorRenda aplicada: 3 → 1 cartões
2026-03-29 21:35:17.690 [http-nio-8080-exec-4] DEBUG b.c.d.c.service.ElegibilidadeService - Regra RegraPorUF aplicada: 1 → 1 cartões
2026-03-29 21:35:17.691 [http-nio-8080-exec-4] INFO  b.c.d.c.service.ElegibilidadeService - Elegibilidade processada para 123.456.789-10: 1 cartões aprovados
2026-03-29 21:35:17.694 [http-nio-8080-exec-4] INFO  b.c.d.cartoes.service.CartaoService - Solicitação fbecc75a-6f1a-40ee-89d2-4b1002099391 salva no banco de dados para CPF: 123.456.789-10 com 1 cartões aprovados
2026-03-29 21:35:17.695 [http-nio-8080-exec-4] INFO  b.c.d.c.controller.CartoesController - Cartões encontrados para CPF 123.456.789-10: 1 cartões - retornando 200
2026-03-29 21:35:17.696 [http-nio-8080-exec-4] DEBUG o.s.w.s.m.m.a.HttpEntityMethodProcessor - Using 'application/json', given [*/*] and supported [application/json, application/*+json, application/yaml]
2026-03-29 21:35:17.696 [http-nio-8080-exec-4] DEBUG o.s.w.s.m.m.a.HttpEntityMethodProcessor - Writing [SolicitacaoResponseDTO(numeroSolicitacao=fbecc75a-6f1a-40ee-89d2-4b1002099391, dataSolicitacao=2026- (truncated)...]
2026-03-29 21:35:17.699 [http-nio-8080-exec-4] DEBUG o.s.web.servlet.DispatcherServlet - Completed 200 OK
2026-03-29 21:38:00.907 [http-nio-8080-exec-6] DEBUG o.s.web.servlet.DispatcherServlet - GET "/swagger-ui/swagger-initializer.js", parameters={}
2026-03-29 21:38:01.089 [http-nio-8080-exec-6] DEBUG o.s.w.s.h.SimpleUrlHandlerMapping - Mapped to ResourceHttpRequestHandler [classpath [META-INF/resources/webjars/]]
2026-03-29 21:38:02.007 [http-nio-8080-exec-6] DEBUG o.s.web.servlet.DispatcherServlet - Completed 200 OK
2026-03-29 21:38:02.045 [http-nio-8080-exec-6] DEBUG o.s.web.servlet.DispatcherServlet - GET "/v3/api-docs", parameters={}
2026-03-29 21:38:02.052 [http-nio-8080-exec-6] DEBUG o.s.w.s.m.m.a.RequestMappingHandlerMapping - Mapped to org.springdoc.webmvc.api.OpenApiWebMvcResource#openapiJson(HttpServletRequest, String, Locale)
2026-03-29 21:38:02.242 [http-nio-8080-exec-6] DEBUG o.s.w.s.m.m.a.RequestResponseBodyMethodProcessor - Using 'application/json', given [application/json, */*] and supported [application/json]
2026-03-29 21:38:02.248 [http-nio-8080-exec-6] DEBUG o.s.w.s.m.m.a.RequestResponseBodyMethodProcessor - Writing [{7b226f70656e617069223a22332e312e30222c22696e666f223a7b227469746c65223a224f70656e41504920646566696e6 (truncated)...]
2026-03-29 21:38:02.252 [http-nio-8080-exec-6] DEBUG o.s.web.servlet.DispatcherServlet - Completed 200 OK
2026-03-29 21:38:06.607 [http-nio-8080-exec-7] DEBUG o.s.web.servlet.DispatcherServlet - GET "/swagger-ui/index.html", parameters={}
2026-03-29 21:38:06.655 [http-nio-8080-exec-7] DEBUG o.s.w.s.h.SimpleUrlHandlerMapping - Mapped to ResourceHttpRequestHandler [classpath [META-INF/resources/webjars/]]
2026-03-29 21:38:06.696 [http-nio-8080-exec-7] DEBUG o.s.web.servlet.DispatcherServlet - Completed 304 NOT_MODIFIED
2026-03-29 21:38:06.726 [http-nio-8080-exec-8] DEBUG o.s.web.servlet.DispatcherServlet - GET "/swagger-ui/swagger-initializer.js", parameters={}
2026-03-29 21:38:06.729 [http-nio-8080-exec-8] DEBUG o.s.w.s.h.SimpleUrlHandlerMapping - Mapped to ResourceHttpRequestHandler [classpath [META-INF/resources/webjars/]]
2026-03-29 21:38:06.744 [http-nio-8080-exec-8] DEBUG o.s.web.servlet.DispatcherServlet - Completed 200 OK
2026-03-29 21:38:06.804 [http-nio-8080-exec-9] DEBUG o.s.web.servlet.DispatcherServlet - GET "/v3/api-docs/swagger-config", parameters={}
2026-03-29 21:38:06.805 [http-nio-8080-exec-9] DEBUG o.s.w.s.m.m.a.RequestMappingHandlerMapping - Mapped to org.springdoc.webmvc.ui.SwaggerConfigResource#openapiJson(HttpServletRequest)
2026-03-29 21:38:06.829 [http-nio-8080-exec-9] DEBUG o.s.w.s.m.m.a.RequestResponseBodyMethodProcessor - Using 'application/json', given [*/*] and supported [application/json]
2026-03-29 21:38:06.833 [http-nio-8080-exec-9] DEBUG o.s.w.s.m.m.a.RequestResponseBodyMethodProcessor - Writing [{configUrl=/v3/api-docs/swagger-config, oauth2RedirectUrl=http://localhost:8080/swagger-ui/oauth2-re (truncated)...]
2026-03-29 21:38:07.083 [http-nio-8080-exec-9] DEBUG o.s.web.servlet.DispatcherServlet - Completed 200 OK
2026-03-29 21:38:07.103 [http-nio-8080-exec-10] DEBUG o.s.web.servlet.DispatcherServlet - GET "/v3/api-docs", parameters={}
2026-03-29 21:38:07.105 [http-nio-8080-exec-10] DEBUG o.s.w.s.m.m.a.RequestMappingHandlerMapping - Mapped to org.springdoc.webmvc.api.OpenApiWebMvcResource#openapiJson(HttpServletRequest, String, Locale)
2026-03-29 21:38:07.112 [http-nio-8080-exec-10] DEBUG o.s.w.s.m.m.a.RequestResponseBodyMethodProcessor - Using 'application/json', given [application/json, */*] and supported [application/json]
2026-03-29 21:38:07.114 [http-nio-8080-exec-10] DEBUG o.s.w.s.m.m.a.RequestResponseBodyMethodProcessor - Writing [{7b226f70656e617069223a22332e312e30222c22696e666f223a7b227469746c65223a224f70656e41504920646566696e6 (truncated)...]
2026-03-29 21:38:07.118 [http-nio-8080-exec-10] DEBUG o.s.web.servlet.DispatcherServlet - Completed 200 OK
2026-03-29 21:38:31.209 [http-nio-8080-exec-1] DEBUG o.s.web.servlet.DispatcherServlet - POST "/cartoes", parameters={}
2026-03-29 21:38:31.211 [http-nio-8080-exec-1] DEBUG o.s.w.s.m.m.a.RequestMappingHandlerMapping - Mapped to br.com.desafio.cartoes.controller.CartoesController#solicitar(SolicitacaoRequestDTO)
2026-03-29 21:38:31.238 [http-nio-8080-exec-1] DEBUG o.s.w.s.m.m.a.RequestResponseBodyMethodProcessor - Read "application/json;charset=UTF-8" to [SolicitacaoRequestDTO(cliente=ClienteRequestDTO(nome=Cliente Teste, cpf=123.456.789-10, idade=25, da (truncated)...]
2026-03-29 21:38:31.275 [http-nio-8080-exec-1] INFO  b.c.d.c.controller.CartoesController - POST /cartoes recebido para CPF: 123.456.789-10
2026-03-29 21:38:31.278 [http-nio-8080-exec-1] INFO  b.c.d.cartoes.service.CartaoService - Iniciando processamento de solicitação para CPF: 123.456.789-10
2026-03-29 21:38:31.279 [http-nio-8080-exec-1] DEBUG b.c.d.c.s.ValidacaoClienteService - Iniciando validação do cliente: 123.456.789-10
2026-03-29 21:38:31.281 [http-nio-8080-exec-1] DEBUG b.c.d.c.s.ValidacaoClienteService - Validação do cliente 123.456.789-10 passou com sucesso
2026-03-29 21:38:31.282 [http-nio-8080-exec-1] INFO  b.c.d.c.service.ElegibilidadeService - Processando elegibilidade do cliente: 123.456.789-10
2026-03-29 21:38:31.433 [http-nio-8080-exec-1] DEBUG b.c.d.c.service.ElegibilidadeService - Cartões carregados: 3
2026-03-29 21:38:31.436 [http-nio-8080-exec-1] DEBUG b.c.d.c.service.ElegibilidadeService - Regra RegraPorIdade aplicada: 3 → 3 cartões
2026-03-29 21:38:31.438 [http-nio-8080-exec-1] DEBUG b.c.d.c.service.ElegibilidadeService - Regra RegraPorRenda aplicada: 3 → 1 cartões
2026-03-29 21:38:31.439 [http-nio-8080-exec-1] DEBUG b.c.d.c.service.ElegibilidadeService - Regra RegraPorUF aplicada: 1 → 1 cartões
2026-03-29 21:38:31.440 [http-nio-8080-exec-1] INFO  b.c.d.c.service.ElegibilidadeService - Elegibilidade processada para 123.456.789-10: 1 cartões aprovados
2026-03-29 21:38:31.499 [http-nio-8080-exec-1] INFO  b.c.d.cartoes.service.CartaoService - Solicitação b290098e-7864-4c80-bdfc-e7f8fd925267 salva no banco de dados para CPF: 123.456.789-10 com 1 cartões aprovados
2026-03-29 21:38:31.500 [http-nio-8080-exec-1] INFO  b.c.d.c.controller.CartoesController - Cartões encontrados para CPF 123.456.789-10: 1 cartões - retornando 200
2026-03-29 21:38:31.510 [http-nio-8080-exec-1] DEBUG o.s.w.s.m.m.a.HttpEntityMethodProcessor - Using 'application/json', given [application/json] and supported [application/json, application/*+json, application/yaml]
2026-03-29 21:38:31.512 [http-nio-8080-exec-1] DEBUG o.s.w.s.m.m.a.HttpEntityMethodProcessor - Writing [SolicitacaoResponseDTO(numeroSolicitacao=b290098e-7864-4c80-bdfc-e7f8fd925267, dataSolicitacao=2026- (truncated)...]
2026-03-29 21:38:31.522 [http-nio-8080-exec-1] DEBUG o.s.web.servlet.DispatcherServlet - Completed 200 OK
2026-03-29 21:38:47.496 [http-nio-8080-exec-2] DEBUG o.s.web.servlet.DispatcherServlet - POST "/cartoes", parameters={}
2026-03-29 21:38:47.498 [http-nio-8080-exec-2] DEBUG o.s.w.s.m.m.a.RequestMappingHandlerMapping - Mapped to br.com.desafio.cartoes.controller.CartoesController#solicitar(SolicitacaoRequestDTO)
2026-03-29 21:38:47.502 [http-nio-8080-exec-2] DEBUG o.s.w.s.m.m.a.RequestResponseBodyMethodProcessor - Read "application/json;charset=UTF-8" to [SolicitacaoRequestDTO(cliente=ClienteRequestDTO(nome=Cliente Teste, cpf=123.456.789-10, idade=25, da (truncated)...]
2026-03-29 21:38:47.792 [http-nio-8080-exec-2] DEBUG o.s.w.s.m.m.a.ExceptionHandlerExceptionResolver - Using @ExceptionHandler br.com.desafio.cartoes.exception.GlobalExceptionHandler#handleValidationErrors(MethodArgumentNotValidException)
2026-03-29 21:38:47.794 [http-nio-8080-exec-2] WARN  b.c.d.c.e.GlobalExceptionHandler - Erro de validação de entrada detectado
2026-03-29 21:38:47.886 [http-nio-8080-exec-2] DEBUG o.s.w.s.m.m.a.HttpEntityMethodProcessor - Using 'application/json', given [application/json] and supported [application/json, application/*+json, application/yaml]
2026-03-29 21:38:47.891 [http-nio-8080-exec-2] DEBUG o.s.w.s.m.m.a.HttpEntityMethodProcessor - Writing [ErroResponseDTO(codigo=400, mensagem=Validação de entrada falhou, detalheErro=ErroDetalheDTO(app=car (truncated)...]
2026-03-29 21:38:47.946 [http-nio-8080-exec-2] DEBUG o.s.w.s.m.m.a.ExceptionHandlerExceptionResolver - Resolved [org.springframework.web.bind.MethodArgumentNotValidException: Validation failed for argument [0] in public org.springframework.http.ResponseEntity<?> br.com.desafio.cartoes.controller.CartoesController.solicitar(br.com.desafio.cartoes.domain.dto.SolicitacaoRequestDTO): [Field error in object 'solicitacaoRequestDTO' on field 'cliente.telefoneWhatsapp': rejected value [1199999020]; codes [Pattern.solicitacaoRequestDTO.cliente.telefoneWhatsapp,Pattern.cliente.telefoneWhatsapp,Pattern.telefoneWhatsapp,Pattern.java.lang.String,Pattern]; arguments [org.springframework.context.support.DefaultMessageSourceResolvable: codes [solicitacaoRequestDTO.cliente.telefoneWhatsapp,cliente.telefoneWhatsapp]; arguments []; default message [cliente.telefoneWhatsapp],[Ljakarta.validation.constraints.Pattern$Flag;@5814768d,^[0-9]{11}$]; default message [Telefone deve ter 11 dígitos]] ]
2026-03-29 21:38:47.949 [http-nio-8080-exec-2] DEBUG o.s.web.servlet.DispatcherServlet - Completed 400 BAD_REQUEST
2026-03-29 21:39:11.541 [http-nio-8080-exec-4] DEBUG o.s.web.servlet.DispatcherServlet - POST "/cartoes", parameters={}
2026-03-29 21:39:11.543 [http-nio-8080-exec-4] DEBUG o.s.w.s.m.m.a.RequestMappingHandlerMapping - Mapped to br.com.desafio.cartoes.controller.CartoesController#solicitar(SolicitacaoRequestDTO)
2026-03-29 21:39:11.550 [http-nio-8080-exec-4] DEBUG o.s.w.s.m.m.a.RequestResponseBodyMethodProcessor - Read "application/json;charset=UTF-8" to [SolicitacaoRequestDTO(cliente=ClienteRequestDTO(nome=Cliente Teste, cpf=123.456.789-10, idade=25, da (truncated)...]
2026-03-29 21:39:11.669 [http-nio-8080-exec-4] INFO  b.c.d.c.controller.CartoesController - POST /cartoes recebido para CPF: 123.456.789-10
2026-03-29 21:39:11.669 [http-nio-8080-exec-4] INFO  b.c.d.cartoes.service.CartaoService - Iniciando processamento de solicitação para CPF: 123.456.789-10
2026-03-29 21:39:11.730 [http-nio-8080-exec-4] DEBUG b.c.d.c.s.ValidacaoClienteService - Iniciando validação do cliente: 123.456.789-10
2026-03-29 21:39:11.793 [http-nio-8080-exec-4] WARN  b.c.d.c.s.ValidacaoClienteService - Idade incoerente: informada 25, calculada 16
2026-03-29 21:39:12.025 [http-nio-8080-exec-4] DEBUG o.s.w.s.m.m.a.ExceptionHandlerExceptionResolver - Using @ExceptionHandler br.com.desafio.cartoes.exception.GlobalExceptionHandler#handleClienteInvalidoException(ClienteInvalidoException)
2026-03-29 21:39:12.038 [http-nio-8080-exec-4] WARN  b.c.d.c.e.GlobalExceptionHandler - Regra de negócio violada: IDADE_INCOERENTE - Idade informada não corresponde à data de nascimento
2026-03-29 21:39:12.057 [http-nio-8080-exec-4] DEBUG o.s.w.s.m.m.a.HttpEntityMethodProcessor - Using 'application/json', given [application/json] and supported [application/json, application/*+json, application/yaml]
2026-03-29 21:39:12.057 [http-nio-8080-exec-4] DEBUG o.s.w.s.m.m.a.HttpEntityMethodProcessor - Writing [ErroResponseDTO(codigo=400, mensagem=Idade informada não corresponde à data de nascimento, detalheEr (truncated)...]
2026-03-29 21:39:12.066 [http-nio-8080-exec-4] DEBUG o.s.w.s.m.m.a.ExceptionHandlerExceptionResolver - Resolved [br.com.desafio.cartoes.exception.ClienteInvalidoException: Idade informada não corresponde à data de nascimento]
2026-03-29 21:39:12.067 [http-nio-8080-exec-4] DEBUG o.s.web.servlet.DispatcherServlet - Completed 400 BAD_REQUEST
2026-03-29 21:39:32.710 [http-nio-8080-exec-5] DEBUG o.s.web.servlet.DispatcherServlet - POST "/cartoes", parameters={}
2026-03-29 21:39:32.711 [http-nio-8080-exec-5] DEBUG o.s.w.s.m.m.a.RequestMappingHandlerMapping - Mapped to br.com.desafio.cartoes.controller.CartoesController#solicitar(SolicitacaoRequestDTO)
2026-03-29 21:39:32.713 [http-nio-8080-exec-5] DEBUG o.s.w.s.m.m.a.RequestResponseBodyMethodProcessor - Read "application/json;charset=UTF-8" to [SolicitacaoRequestDTO(cliente=ClienteRequestDTO(nome=Cliente Teste, cpf=123.456.789-10, idade=16, da (truncated)...]
2026-03-29 21:39:33.882 [http-nio-8080-exec-5] DEBUG o.s.w.s.m.m.a.ExceptionHandlerExceptionResolver - Using @ExceptionHandler br.com.desafio.cartoes.exception.GlobalExceptionHandler#handleValidationErrors(MethodArgumentNotValidException)
2026-03-29 21:39:33.882 [http-nio-8080-exec-5] WARN  b.c.d.c.e.GlobalExceptionHandler - Erro de validação de entrada detectado
2026-03-29 21:39:33.943 [http-nio-8080-exec-5] DEBUG o.s.w.s.m.m.a.HttpEntityMethodProcessor - Using 'application/json', given [application/json] and supported [application/json, application/*+json, application/yaml]
2026-03-29 21:39:33.999 [http-nio-8080-exec-5] DEBUG o.s.w.s.m.m.a.HttpEntityMethodProcessor - Writing [ErroResponseDTO(codigo=400, mensagem=Validação de entrada falhou, detalheErro=ErroDetalheDTO(app=car (truncated)...]
2026-03-29 21:39:34.004 [http-nio-8080-exec-5] DEBUG o.s.w.s.m.m.a.ExceptionHandlerExceptionResolver - Resolved [org.springframework.web.bind.MethodArgumentNotValidException: Validation failed for argument [0] in public org.springframework.http.ResponseEntity<?> br.com.desafio.cartoes.controller.CartoesController.solicitar(br.com.desafio.cartoes.domain.dto.SolicitacaoRequestDTO): [Field error in object 'solicitacaoRequestDTO' on field 'cliente.idade': rejected value [16]; codes [Min.solicitacaoRequestDTO.cliente.idade,Min.cliente.idade,Min.idade,Min.java.lang.Integer,Min]; arguments [org.springframework.context.support.DefaultMessageSourceResolvable: codes [solicitacaoRequestDTO.cliente.idade,cliente.idade]; arguments []; default message [cliente.idade],18]; default message [Cliente deve ter no mínimo 18 anos]] ]
2026-03-29 21:39:34.005 [http-nio-8080-exec-5] DEBUG o.s.web.servlet.DispatcherServlet - Completed 400 BAD_REQUEST
2026-03-29 21:40:42.604 [main] INFO  b.c.d.c.CartoesApplicationTests - Starting CartoesApplicationTests using Java 17.0.15 with PID 11592 (started by jukia in C:\Users\jukia\OneDrive\Desktop\DesafioItau\cartoes\cartoes)
2026-03-29 21:40:42.612 [main] DEBUG b.c.d.c.CartoesApplicationTests - Running with Spring Boot v4.0.4, Spring v7.0.6
2026-03-29 21:40:42.619 [main] INFO  b.c.d.c.CartoesApplicationTests - No active profile set, falling back to 1 default profile: "default"
2026-03-29 21:40:42.828 [main] DEBUG o.s.w.c.s.GenericWebApplicationContext - Refreshing org.springframework.web.context.support.GenericWebApplicationContext@21ed4a51
2026-03-29 21:40:51.873 [main] INFO  o.s.d.r.c.RepositoryConfigurationDelegate - Bootstrapping Spring Data JPA repositories in DEFAULT mode.
2026-03-29 21:40:52.057 [main] INFO  o.s.d.r.c.RepositoryConfigurationDelegate - Finished Spring Data repository scanning in 151 ms. Found 2 JPA repository interfaces.
2026-03-29 21:40:53.660 [main] INFO  org.hibernate.orm.jpa - HHH008540: Processing PersistenceUnitInfo [name: default]
2026-03-29 21:40:53.925 [main] INFO  org.hibernate.orm.core - HHH000001: Hibernate ORM core version 7.2.7.Final
2026-03-29 21:40:57.248 [main] INFO  o.s.o.j.p.SpringPersistenceUnitInfo - No LoadTimeWeaver setup: ignoring JPA class transformer
2026-03-29 21:40:57.455 [main] INFO  com.zaxxer.hikari.HikariDataSource - HikariPool-1 - Starting...
2026-03-29 21:40:58.532 [main] INFO  com.zaxxer.hikari.pool.HikariPool - HikariPool-1 - Added connection conn0: url=jdbc:h2:mem:cartoes user=SA
2026-03-29 21:40:58.539 [main] INFO  com.zaxxer.hikari.HikariDataSource - HikariPool-1 - Start completed.
2026-03-29 21:40:58.641 [main] WARN  org.hibernate.orm.deprecation - HHH90000025: H2Dialect does not need to be specified explicitly using 'hibernate.dialect' (remove the property setting and it will be selected by default)
2026-03-29 21:40:58.725 [main] INFO  o.hibernate.orm.connections.pooling - HHH10001005: Database info:
	Database JDBC URL [jdbc:h2:mem:cartoes]
	Database driver: H2 JDBC Driver
	Database dialect: H2Dialect
	Database version: 2.4.240
	Default catalog/schema: CARTOES/PUBLIC
	Autocommit mode: undefined/unknown
	Isolation level: READ_COMMITTED [default READ_COMMITTED]
	JDBC fetch size: 100
	Pool: DataSourceConnectionProvider
	Minimum pool size: undefined/unknown
	Maximum pool size: undefined/unknown
2026-03-29 21:41:03.447 [main] INFO  org.hibernate.orm.core - HHH000489: No JTA platform available (set 'hibernate.transaction.jta.platform' to enable JTA platform integration)
2026-03-29 21:41:04.717 [main] INFO  o.s.o.j.LocalContainerEntityManagerFactoryBean - Initialized JPA EntityManagerFactory for persistence unit 'default'
2026-03-29 21:41:05.660 [main] INFO  o.s.d.j.r.q.QueryEnhancerFactories - Hibernate is in classpath; If applicable, HQL parser will be used.
2026-03-29 21:41:07.072 [main] WARN  o.s.b.j.a.JpaBaseConfiguration$JpaWebConfiguration - spring.jpa.open-in-view is enabled by default. Therefore, database queries may be performed during view rendering. Explicitly configure spring.jpa.open-in-view to disable this warning
2026-03-29 21:41:07.808 [main] DEBUG o.s.w.s.m.m.a.RequestMappingHandlerMapping - 7 mappings in 'requestMappingHandlerMapping'
2026-03-29 21:41:07.926 [main] DEBUG o.s.w.s.h.SimpleUrlHandlerMapping - Patterns [/webjars/**, /**, /swagger-ui*/*swagger-initializer.js, /swagger-ui*/**] in 'resourceHandlerMapping'
2026-03-29 21:41:08.002 [main] DEBUG o.s.w.s.m.m.a.RequestMappingHandlerAdapter - ControllerAdvice beans: 0 @ModelAttribute, 0 @InitBinder, 2 RequestBodyAdvice, 1 ResponseBodyAdvice
2026-03-29 21:41:08.145 [main] DEBUG o.s.w.s.m.m.a.ExceptionHandlerExceptionResolver - ControllerAdvice beans: 2 @ExceptionHandler, 1 ResponseBodyAdvice
2026-03-29 21:41:09.308 [main] INFO  o.s.b.h.a.H2ConsoleAutoConfiguration - H2 console available at '/h2-console'. Database available at 'jdbc:h2:mem:cartoes'
2026-03-29 21:41:09.826 [main] INFO  o.s.b.a.e.web.EndpointLinksResolver - Exposing 1 endpoint beneath base path '/actuator'
2026-03-29 21:41:10.088 [main] INFO  b.c.d.c.CartoesApplicationTests - Started CartoesApplicationTests in 29.592 seconds (process running for 46.169)
2026-03-29 21:41:11.079 [main] WARN  o.s.c.events.SpringDocAppInitializer - SpringDoc /v3/api-docs endpoint is enabled by default. To disable it in production, set the property 'springdoc.api-docs.enabled=false'
2026-03-29 21:41:11.080 [main] WARN  o.s.c.events.SpringDocAppInitializer - SpringDoc /swagger-ui.html endpoint is enabled by default. To disable it in production, set the property 'springdoc.swagger-ui.enabled=false'
2026-03-29 21:41:11.221 [SpringApplicationShutdownHook] DEBUG o.s.w.c.s.GenericWebApplicationContext - Closing org.springframework.web.context.support.GenericWebApplicationContext@21ed4a51, started on Sun Mar 29 21:40:42 BRT 2026
2026-03-29 21:41:11.352 [SpringApplicationShutdownHook] INFO  o.s.o.j.LocalContainerEntityManagerFactoryBean - Closing JPA EntityManagerFactory for persistence unit 'default'
2026-03-29 21:41:11.367 [SpringApplicationShutdownHook] INFO  com.zaxxer.hikari.HikariDataSource - HikariPool-1 - Shutdown initiated...
2026-03-29 21:41:11.391 [SpringApplicationShutdownHook] INFO  com.zaxxer.hikari.HikariDataSource - HikariPool-1 - Shutdown completed.
2026-03-30 15:33:33.641 [main] INFO  b.c.d.c.CartoesApplicationTests - Starting CartoesApplicationTests using Java 17.0.15 with PID 27676 (started by jukia in C:\Users\jukia\OneDrive\Desktop\DesafioItau\cartoes\cartoes)
2026-03-30 15:33:33.646 [main] DEBUG b.c.d.c.CartoesApplicationTests - Running with Spring Boot v4.0.4, Spring v7.0.6
2026-03-30 15:33:33.647 [main] INFO  b.c.d.c.CartoesApplicationTests - No active profile set, falling back to 1 default profile: "default"
2026-03-30 15:33:33.732 [main] DEBUG o.s.w.c.s.GenericWebApplicationContext - Refreshing org.springframework.web.context.support.GenericWebApplicationContext@53d2b827
2026-03-30 15:33:37.552 [main] INFO  o.s.d.r.c.RepositoryConfigurationDelegate - Bootstrapping Spring Data JPA repositories in DEFAULT mode.
2026-03-30 15:33:37.750 [main] INFO  o.s.d.r.c.RepositoryConfigurationDelegate - Finished Spring Data repository scanning in 165 ms. Found 2 JPA repository interfaces.
2026-03-30 15:33:39.108 [main] INFO  org.hibernate.orm.jpa - HHH008540: Processing PersistenceUnitInfo [name: default]
2026-03-30 15:33:39.320 [main] INFO  org.hibernate.orm.core - HHH000001: Hibernate ORM core version 7.2.7.Final
2026-03-30 15:33:40.518 [main] INFO  o.s.o.j.p.SpringPersistenceUnitInfo - No LoadTimeWeaver setup: ignoring JPA class transformer
2026-03-30 15:33:40.628 [main] INFO  com.zaxxer.hikari.HikariDataSource - HikariPool-1 - Starting...
2026-03-30 15:33:41.133 [main] INFO  com.zaxxer.hikari.pool.HikariPool - HikariPool-1 - Added connection conn0: url=jdbc:h2:mem:cartoes user=SA
2026-03-30 15:33:41.136 [main] INFO  com.zaxxer.hikari.HikariDataSource - HikariPool-1 - Start completed.
2026-03-30 15:33:41.212 [main] WARN  org.hibernate.orm.deprecation - HHH90000025: H2Dialect does not need to be specified explicitly using 'hibernate.dialect' (remove the property setting and it will be selected by default)
2026-03-30 15:33:41.270 [main] INFO  o.hibernate.orm.connections.pooling - HHH10001005: Database info:
	Database JDBC URL [jdbc:h2:mem:cartoes]
	Database driver: H2 JDBC Driver
	Database dialect: H2Dialect
	Database version: 2.4.240
	Default catalog/schema: CARTOES/PUBLIC
	Autocommit mode: undefined/unknown
	Isolation level: READ_COMMITTED [default READ_COMMITTED]
	JDBC fetch size: 100
	Pool: DataSourceConnectionProvider
	Minimum pool size: undefined/unknown
	Maximum pool size: undefined/unknown
2026-03-30 15:33:43.384 [main] INFO  org.hibernate.orm.core - HHH000489: No JTA platform available (set 'hibernate.transaction.jta.platform' to enable JTA platform integration)
2026-03-30 15:33:43.548 [main] INFO  o.s.o.j.LocalContainerEntityManagerFactoryBean - Initialized JPA EntityManagerFactory for persistence unit 'default'
2026-03-30 15:33:43.806 [main] INFO  o.s.d.j.r.q.QueryEnhancerFactories - Hibernate is in classpath; If applicable, HQL parser will be used.
2026-03-30 15:33:44.763 [main] WARN  o.s.b.j.a.JpaBaseConfiguration$JpaWebConfiguration - spring.jpa.open-in-view is enabled by default. Therefore, database queries may be performed during view rendering. Explicitly configure spring.jpa.open-in-view to disable this warning
2026-03-30 15:33:45.313 [main] DEBUG o.s.w.s.m.m.a.RequestMappingHandlerMapping - 7 mappings in 'requestMappingHandlerMapping'
2026-03-30 15:33:45.387 [main] DEBUG o.s.w.s.h.SimpleUrlHandlerMapping - Patterns [/webjars/**, /**, /swagger-ui*/*swagger-initializer.js, /swagger-ui*/**] in 'resourceHandlerMapping'
2026-03-30 15:33:45.429 [main] DEBUG o.s.w.s.m.m.a.RequestMappingHandlerAdapter - ControllerAdvice beans: 0 @ModelAttribute, 0 @InitBinder, 2 RequestBodyAdvice, 1 ResponseBodyAdvice
2026-03-30 15:33:45.477 [main] DEBUG o.s.w.s.m.m.a.ExceptionHandlerExceptionResolver - ControllerAdvice beans: 2 @ExceptionHandler, 1 ResponseBodyAdvice
2026-03-30 15:33:46.391 [main] INFO  o.s.b.h.a.H2ConsoleAutoConfiguration - H2 console available at '/h2-console'. Database available at 'jdbc:h2:mem:cartoes'
2026-03-30 15:33:46.750 [main] INFO  o.s.b.a.e.web.EndpointLinksResolver - Exposing 1 endpoint beneath base path '/actuator'
2026-03-30 15:33:46.936 [main] INFO  b.c.d.c.CartoesApplicationTests - Started CartoesApplicationTests in 14.454 seconds (process running for 27.477)
2026-03-30 15:33:47.620 [main] WARN  o.s.c.events.SpringDocAppInitializer - SpringDoc /v3/api-docs endpoint is enabled by default. To disable it in production, set the property 'springdoc.api-docs.enabled=false'
2026-03-30 15:33:47.620 [main] WARN  o.s.c.events.SpringDocAppInitializer - SpringDoc /swagger-ui.html endpoint is enabled by default. To disable it in production, set the property 'springdoc.swagger-ui.enabled=false'
2026-03-30 15:33:47.674 [SpringApplicationShutdownHook] DEBUG o.s.w.c.s.GenericWebApplicationContext - Closing org.springframework.web.context.support.GenericWebApplicationContext@53d2b827, started on Mon Mar 30 15:33:33 BRT 2026
2026-03-30 15:33:47.689 [SpringApplicationShutdownHook] INFO  o.s.o.j.LocalContainerEntityManagerFactoryBean - Closing JPA EntityManagerFactory for persistence unit 'default'
2026-03-30 15:33:47.703 [SpringApplicationShutdownHook] INFO  com.zaxxer.hikari.HikariDataSource - HikariPool-1 - Shutdown initiated...
2026-03-30 15:33:47.711 [SpringApplicationShutdownHook] INFO  com.zaxxer.hikari.HikariDataSource - HikariPool-1 - Shutdown completed.
2026-03-30 18:34:18.630 [background-preinit] INFO  o.h.validator.internal.util.Version - HV000001: Hibernate Validator 9.0.1.Final
2026-03-30 18:34:19.258 [main] INFO  b.c.d.cartoes.CartoesApplication - Starting CartoesApplication v0.0.1-SNAPSHOT using Java 17.0.18 with PID 1 (/app/app.jar started by root in /app)
2026-03-30 18:34:19.381 [main] DEBUG b.c.d.cartoes.CartoesApplication - Running with Spring Boot v4.0.4, Spring v7.0.6
2026-03-30 18:34:19.444 [main] INFO  b.c.d.cartoes.CartoesApplication - The following 1 profile is active: "dev"
2026-03-30 18:34:27.634 [main] INFO  o.s.d.r.c.RepositoryConfigurationDelegate - Bootstrapping Spring Data JPA repositories in DEFAULT mode.
2026-03-30 18:34:28.078 [main] INFO  o.s.d.r.c.RepositoryConfigurationDelegate - Finished Spring Data repository scanning in 363 ms. Found 1 JPA repository interface.
2026-03-30 18:34:37.889 [main] INFO  o.s.boot.tomcat.TomcatWebServer - Tomcat initialized with port 8080 (http)
2026-03-30 18:34:38.073 [main] INFO  o.a.coyote.http11.Http11NioProtocol - Initializing ProtocolHandler ["http-nio-8080"]
2026-03-30 18:34:38.087 [main] INFO  o.a.catalina.core.StandardService - Starting service [Tomcat]
2026-03-30 18:34:38.095 [main] INFO  o.a.catalina.core.StandardEngine - Starting Servlet engine: [Apache Tomcat/11.0.18]
2026-03-30 18:34:38.840 [main] INFO  o.s.b.w.c.s.WebApplicationContextInitializer - Root WebApplicationContext: initialization completed in 18662 ms
2026-03-30 18:34:40.883 [main] DEBUG o.s.w.f.ServerHttpObservationFilter - Filter 'webMvcObservationFilter' configured for use
2026-03-30 18:34:42.841 [main] INFO  org.hibernate.orm.jpa - HHH008540: Processing PersistenceUnitInfo [name: default]
2026-03-30 18:34:43.446 [main] INFO  org.hibernate.orm.core - HHH000001: Hibernate ORM core version 7.2.7.Final
2026-03-30 18:34:51.192 [main] INFO  o.s.o.j.p.SpringPersistenceUnitInfo - No LoadTimeWeaver setup: ignoring JPA class transformer
2026-03-30 18:34:51.371 [main] INFO  com.zaxxer.hikari.HikariDataSource - HikariPool-1 - Starting...
2026-03-30 18:34:52.359 [main] INFO  com.zaxxer.hikari.pool.HikariPool - HikariPool-1 - Added connection conn0: url=jdbc:h2:mem:cartoes user=SA
2026-03-30 18:34:52.375 [main] INFO  com.zaxxer.hikari.HikariDataSource - HikariPool-1 - Start completed.
2026-03-30 18:34:52.582 [main] WARN  org.hibernate.orm.deprecation - HHH90000025: H2Dialect does not need to be specified explicitly using 'hibernate.dialect' (remove the property setting and it will be selected by default)
2026-03-30 18:34:52.667 [main] INFO  o.hibernate.orm.connections.pooling - HHH10001005: Database info:
	Database JDBC URL [jdbc:h2:mem:cartoes]
	Database driver: H2 JDBC Driver
	Database dialect: H2Dialect
	Database version: 2.4.240
	Default catalog/schema: CARTOES/PUBLIC
	Autocommit mode: undefined/unknown
	Isolation level: READ_COMMITTED [default READ_COMMITTED]
	JDBC fetch size: 100
	Pool: DataSourceConnectionProvider
	Minimum pool size: undefined/unknown
	Maximum pool size: undefined/unknown
2026-03-30 18:34:55.645 [main] INFO  org.hibernate.orm.core - HHH000489: No JTA platform available (set 'hibernate.transaction.jta.platform' to enable JTA platform integration)
2026-03-30 18:34:55.847 [main] INFO  o.s.o.j.LocalContainerEntityManagerFactoryBean - Initialized JPA EntityManagerFactory for persistence unit 'default'
2026-03-30 18:34:56.631 [main] INFO  o.s.d.j.r.q.QueryEnhancerFactories - Hibernate is in classpath; If applicable, HQL parser will be used.
2026-03-30 18:34:58.341 [main] WARN  o.s.b.j.a.JpaBaseConfiguration$JpaWebConfiguration - spring.jpa.open-in-view is enabled by default. Therefore, database queries may be performed during view rendering. Explicitly configure spring.jpa.open-in-view to disable this warning
2026-03-30 18:34:59.468 [main] DEBUG o.s.w.s.m.m.a.RequestMappingHandlerMapping - 7 mappings in 'requestMappingHandlerMapping'
2026-03-30 18:34:59.747 [main] DEBUG o.s.w.s.h.SimpleUrlHandlerMapping - Patterns [/webjars/**, /**, /swagger-ui*/*swagger-initializer.js, /swagger-ui*/**] in 'resourceHandlerMapping'
2026-03-30 18:34:59.921 [main] DEBUG o.s.w.s.m.m.a.RequestMappingHandlerAdapter - ControllerAdvice beans: 0 @ModelAttribute, 0 @InitBinder, 2 RequestBodyAdvice, 1 ResponseBodyAdvice
2026-03-30 18:35:00.219 [main] DEBUG o.s.w.s.m.m.a.ExceptionHandlerExceptionResolver - ControllerAdvice beans: 2 @ExceptionHandler, 1 ResponseBodyAdvice
2026-03-30 18:35:01.244 [main] INFO  o.s.b.h.a.H2ConsoleAutoConfiguration - H2 console available at '/h2-console'. Database available at 'jdbc:h2:mem:cartoes'
2026-03-30 18:35:01.619 [main] INFO  o.s.b.a.e.web.EndpointLinksResolver - Exposing 1 endpoint beneath base path '/actuator'
2026-03-30 18:35:01.888 [main] INFO  o.a.coyote.http11.Http11NioProtocol - Starting ProtocolHandler ["http-nio-8080"]
2026-03-30 18:35:01.951 [main] INFO  o.s.boot.tomcat.TomcatWebServer - Tomcat started on port 8080 (http) with context path '/'
2026-03-30 18:35:02.000 [main] INFO  b.c.d.cartoes.CartoesApplication - Started CartoesApplication in 53.444 seconds (process running for 62.106)
2026-03-30 18:35:02.772 [main] WARN  o.s.c.events.SpringDocAppInitializer - SpringDoc /v3/api-docs endpoint is enabled by default. To disable it in production, set the property 'springdoc.api-docs.enabled=false'
2026-03-30 18:35:02.773 [main] WARN  o.s.c.events.SpringDocAppInitializer - SpringDoc /swagger-ui.html endpoint is enabled by default. To disable it in production, set the property 'springdoc.swagger-ui.enabled=false'
2026-03-30 18:35:13.238 [http-nio-8080-exec-1] INFO  o.a.c.c.C.[Tomcat].[localhost].[/] - Initializing Spring DispatcherServlet 'dispatcherServlet'
2026-03-30 18:35:13.242 [http-nio-8080-exec-1] INFO  o.s.web.servlet.DispatcherServlet - Initializing Servlet 'dispatcherServlet'
2026-03-30 18:35:13.251 [http-nio-8080-exec-1] DEBUG o.s.web.servlet.DispatcherServlet - Detected StandardServletMultipartResolver
2026-03-30 18:35:13.254 [http-nio-8080-exec-1] DEBUG o.s.web.servlet.DispatcherServlet - Detected AcceptHeaderLocaleResolver
2026-03-30 18:35:13.268 [http-nio-8080-exec-1] DEBUG o.s.web.servlet.DispatcherServlet - Detected org.springframework.web.servlet.view.DefaultRequestToViewNameTranslator@b7952d2
2026-03-30 18:35:13.273 [http-nio-8080-exec-1] DEBUG o.s.web.servlet.DispatcherServlet - Detected org.springframework.web.servlet.support.SessionFlashMapManager@5a004dd4
2026-03-30 18:35:13.281 [http-nio-8080-exec-1] DEBUG o.s.web.servlet.DispatcherServlet - enableLoggingRequestDetails='false': request parameters and headers will be masked to prevent unsafe logging of potentially sensitive data
2026-03-30 18:35:13.286 [http-nio-8080-exec-1] INFO  o.s.web.servlet.DispatcherServlet - Completed initialization in 36 ms
2026-03-30 18:35:13.451 [http-nio-8080-exec-1] DEBUG o.s.web.servlet.DispatcherServlet - GET "/actuator/health", parameters={}
2026-03-30 18:35:13.564 [http-nio-8080-exec-1] DEBUG o.s.w.s.m.m.a.RequestResponseBodyMethodProcessor - Read "application/octet-stream" to []
2026-03-30 18:35:13.664 [http-nio-8080-exec-1] DEBUG o.s.w.s.m.m.a.HttpEntityMethodProcessor - Using 'application/vnd.spring-boot.actuator.v3+json', given [*/*] and supported [application/vnd.spring-boot.actuator.v3+json, application/vnd.spring-boot.actuator.v2+json, application/json]
2026-03-30 18:35:13.693 [http-nio-8080-exec-1] DEBUG o.s.w.s.m.m.a.HttpEntityMethodProcessor - Writing [org.springframework.boot.health.actuate.endpoint.SystemHealthDescriptor@7d45a25c]
2026-03-30 18:35:14.082 [http-nio-8080-exec-1] DEBUG o.s.web.servlet.DispatcherServlet - Completed 200 OK
2026-03-30 18:35:44.223 [http-nio-8080-exec-2] DEBUG o.s.web.servlet.DispatcherServlet - GET "/actuator/health", parameters={}
2026-03-30 18:35:44.226 [http-nio-8080-exec-2] DEBUG o.s.w.s.m.m.a.RequestResponseBodyMethodProcessor - Read "application/octet-stream" to []
2026-03-30 18:35:44.231 [http-nio-8080-exec-2] DEBUG o.s.w.s.m.m.a.HttpEntityMethodProcessor - Using 'application/vnd.spring-boot.actuator.v3+json', given [*/*] and supported [application/vnd.spring-boot.actuator.v3+json, application/vnd.spring-boot.actuator.v2+json, application/json]
2026-03-30 18:35:44.234 [http-nio-8080-exec-2] DEBUG o.s.w.s.m.m.a.HttpEntityMethodProcessor - Writing [org.springframework.boot.health.actuate.endpoint.SystemHealthDescriptor@6464774f]
2026-03-30 18:35:44.245 [http-nio-8080-exec-2] DEBUG o.s.web.servlet.DispatcherServlet - Completed 200 OK
2026-03-30 18:36:14.429 [http-nio-8080-exec-3] DEBUG o.s.web.servlet.DispatcherServlet - GET "/actuator/health", parameters={}
2026-03-30 18:36:14.435 [http-nio-8080-exec-3] DEBUG o.s.w.s.m.m.a.RequestResponseBodyMethodProcessor - Read "application/octet-stream" to []
2026-03-30 18:36:14.446 [http-nio-8080-exec-3] DEBUG o.s.w.s.m.m.a.HttpEntityMethodProcessor - Using 'application/vnd.spring-boot.actuator.v3+json', given [*/*] and supported [application/vnd.spring-boot.actuator.v3+json, application/vnd.spring-boot.actuator.v2+json, application/json]
2026-03-30 18:36:14.449 [http-nio-8080-exec-3] DEBUG o.s.w.s.m.m.a.HttpEntityMethodProcessor - Writing [org.springframework.boot.health.actuate.endpoint.SystemHealthDescriptor@76e31276]
2026-03-30 18:36:14.456 [http-nio-8080-exec-3] DEBUG o.s.web.servlet.DispatcherServlet - Completed 200 OK
2026-03-30 18:36:44.466 [http-nio-8080-exec-4] DEBUG o.s.web.servlet.DispatcherServlet - GET "/actuator/health", parameters={}
2026-03-30 18:36:44.471 [http-nio-8080-exec-4] DEBUG o.s.w.s.m.m.a.RequestResponseBodyMethodProcessor - Read "application/octet-stream" to []
2026-03-30 18:36:44.483 [http-nio-8080-exec-4] DEBUG o.s.w.s.m.m.a.HttpEntityMethodProcessor - Using 'application/vnd.spring-boot.actuator.v3+json', given [*/*] and supported [application/vnd.spring-boot.actuator.v3+json, application/vnd.spring-boot.actuator.v2+json, application/json]
2026-03-30 18:36:44.486 [http-nio-8080-exec-4] DEBUG o.s.w.s.m.m.a.HttpEntityMethodProcessor - Writing [org.springframework.boot.health.actuate.endpoint.SystemHealthDescriptor@4a4c8d9d]
2026-03-30 18:36:44.492 [http-nio-8080-exec-4] DEBUG o.s.web.servlet.DispatcherServlet - Completed 200 OK
2026-03-30 18:37:14.645 [http-nio-8080-exec-5] DEBUG o.s.web.servlet.DispatcherServlet - GET "/actuator/health", parameters={}
2026-03-30 18:37:14.650 [http-nio-8080-exec-5] DEBUG o.s.w.s.m.m.a.RequestResponseBodyMethodProcessor - Read "application/octet-stream" to []
2026-03-30 18:37:14.658 [http-nio-8080-exec-5] DEBUG o.s.w.s.m.m.a.HttpEntityMethodProcessor - Using 'application/vnd.spring-boot.actuator.v3+json', given [*/*] and supported [application/vnd.spring-boot.actuator.v3+json, application/vnd.spring-boot.actuator.v2+json, application/json]
2026-03-30 18:37:14.662 [http-nio-8080-exec-5] DEBUG o.s.w.s.m.m.a.HttpEntityMethodProcessor - Writing [org.springframework.boot.health.actuate.endpoint.SystemHealthDescriptor@235eb781]
2026-03-30 18:37:14.668 [http-nio-8080-exec-5] DEBUG o.s.web.servlet.DispatcherServlet - Completed 200 OK
2026-03-30 18:37:44.825 [http-nio-8080-exec-6] DEBUG o.s.web.servlet.DispatcherServlet - GET "/actuator/health", parameters={}
2026-03-30 18:37:44.827 [http-nio-8080-exec-6] DEBUG o.s.w.s.m.m.a.RequestResponseBodyMethodProcessor - Read "application/octet-stream" to []
2026-03-30 18:37:44.835 [http-nio-8080-exec-6] DEBUG o.s.w.s.m.m.a.HttpEntityMethodProcessor - Using 'application/vnd.spring-boot.actuator.v3+json', given [*/*] and supported [application/vnd.spring-boot.actuator.v3+json, application/vnd.spring-boot.actuator.v2+json, application/json]
2026-03-30 18:37:44.839 [http-nio-8080-exec-6] DEBUG o.s.w.s.m.m.a.HttpEntityMethodProcessor - Writing [org.springframework.boot.health.actuate.endpoint.SystemHealthDescriptor@6ba3e5fa]
2026-03-30 18:37:44.844 [http-nio-8080-exec-6] DEBUG o.s.web.servlet.DispatcherServlet - Completed 200 OK
2026-03-30 18:37:52.324 [http-nio-8080-exec-7] DEBUG o.s.web.servlet.DispatcherServlet - GET "/swagger-ui/index.html", parameters={}
2026-03-30 18:37:52.507 [http-nio-8080-exec-7] DEBUG o.s.w.s.h.SimpleUrlHandlerMapping - Mapped to ResourceHttpRequestHandler [classpath [META-INF/resources/webjars/]]
2026-03-30 18:37:55.104 [http-nio-8080-exec-7] DEBUG o.s.web.servlet.DispatcherServlet - Completed 200 OK
2026-03-30 18:37:55.180 [http-nio-8080-exec-8] DEBUG o.s.web.servlet.DispatcherServlet - GET "/swagger-ui/swagger-ui.css", parameters={}
2026-03-30 18:37:55.190 [http-nio-8080-exec-9] DEBUG o.s.web.servlet.DispatcherServlet - GET "/swagger-ui/swagger-initializer.js", parameters={}
2026-03-30 18:37:55.192 [http-nio-8080-exec-8] DEBUG o.s.w.s.h.SimpleUrlHandlerMapping - Mapped to ResourceHttpRequestHandler [classpath [META-INF/resources/webjars/]]
2026-03-30 18:37:55.195 [http-nio-8080-exec-9] DEBUG o.s.w.s.h.SimpleUrlHandlerMapping - Mapped to ResourceHttpRequestHandler [classpath [META-INF/resources/webjars/]]
2026-03-30 18:37:55.581 [http-nio-8080-exec-10] DEBUG o.s.web.servlet.DispatcherServlet - GET "/swagger-ui/index.css", parameters={}
2026-03-30 18:37:55.584 [http-nio-8080-exec-1] DEBUG o.s.web.servlet.DispatcherServlet - GET "/swagger-ui/swagger-ui-bundle.js", parameters={}
2026-03-30 18:37:55.588 [http-nio-8080-exec-2] DEBUG o.s.web.servlet.DispatcherServlet - GET "/swagger-ui/swagger-ui-standalone-preset.js", parameters={}
2026-03-30 18:37:55.589 [http-nio-8080-exec-10] DEBUG o.s.w.s.h.SimpleUrlHandlerMapping - Mapped to ResourceHttpRequestHandler [classpath [META-INF/resources/webjars/]]
2026-03-30 18:37:55.592 [http-nio-8080-exec-1] DEBUG o.s.w.s.h.SimpleUrlHandlerMapping - Mapped to ResourceHttpRequestHandler [classpath [META-INF/resources/webjars/]]
2026-03-30 18:37:55.598 [http-nio-8080-exec-8] DEBUG o.s.web.servlet.DispatcherServlet - Completed 304 NOT_MODIFIED
2026-03-30 18:37:55.599 [http-nio-8080-exec-2] DEBUG o.s.w.s.h.SimpleUrlHandlerMapping - Mapped to ResourceHttpRequestHandler [classpath [META-INF/resources/webjars/]]
2026-03-30 18:37:55.613 [http-nio-8080-exec-10] DEBUG o.s.web.servlet.DispatcherServlet - Completed 304 NOT_MODIFIED
2026-03-30 18:37:55.635 [http-nio-8080-exec-2] DEBUG o.s.web.servlet.DispatcherServlet - Completed 304 NOT_MODIFIED
2026-03-30 18:37:55.646 [http-nio-8080-exec-1] DEBUG o.s.web.servlet.DispatcherServlet - Completed 304 NOT_MODIFIED
2026-03-30 18:37:56.105 [http-nio-8080-exec-9] DEBUG o.s.web.servlet.DispatcherServlet - Completed 200 OK
2026-03-30 18:37:56.182 [http-nio-8080-exec-3] DEBUG o.s.web.servlet.DispatcherServlet - GET "/v3/api-docs/swagger-config", parameters={}
2026-03-30 18:37:56.192 [http-nio-8080-exec-3] DEBUG o.s.w.s.m.m.a.RequestMappingHandlerMapping - Mapped to org.springdoc.webmvc.ui.SwaggerConfigResource#openapiJson(HttpServletRequest)
2026-03-30 18:37:56.216 [http-nio-8080-exec-4] DEBUG o.s.web.servlet.DispatcherServlet - GET "/swagger-ui/favicon-32x32.png", parameters={}
2026-03-30 18:37:56.227 [http-nio-8080-exec-4] DEBUG o.s.w.s.h.SimpleUrlHandlerMapping - Mapped to ResourceHttpRequestHandler [classpath [META-INF/resources/webjars/]]
2026-03-30 18:37:56.246 [http-nio-8080-exec-4] DEBUG o.s.web.servlet.DispatcherServlet - Completed 304 NOT_MODIFIED
2026-03-30 18:37:56.257 [http-nio-8080-exec-3] DEBUG o.s.w.s.m.m.a.RequestResponseBodyMethodProcessor - Using 'application/json', given [*/*] and supported [application/json]
2026-03-30 18:37:56.259 [http-nio-8080-exec-3] DEBUG o.s.w.s.m.m.a.RequestResponseBodyMethodProcessor - Writing [{configUrl=/v3/api-docs/swagger-config, oauth2RedirectUrl=http://localhost:8080/swagger-ui/oauth2-re (truncated)...]
2026-03-30 18:37:56.323 [http-nio-8080-exec-3] DEBUG o.s.web.servlet.DispatcherServlet - Completed 200 OK
2026-03-30 18:37:56.361 [http-nio-8080-exec-5] DEBUG o.s.web.servlet.DispatcherServlet - GET "/v3/api-docs", parameters={}
2026-03-30 18:37:56.368 [http-nio-8080-exec-5] DEBUG o.s.w.s.m.m.a.RequestMappingHandlerMapping - Mapped to org.springdoc.webmvc.api.OpenApiWebMvcResource#openapiJson(HttpServletRequest, String, Locale)
2026-03-30 18:37:58.638 [http-nio-8080-exec-5] INFO  o.s.api.AbstractOpenApiResource - Init duration for springdoc-openapi is: 2130 ms
2026-03-30 18:37:58.778 [http-nio-8080-exec-5] DEBUG o.s.w.s.m.m.a.RequestResponseBodyMethodProcessor - Using 'application/json', given [application/json, */*] and supported [application/json]
2026-03-30 18:37:58.784 [http-nio-8080-exec-5] DEBUG o.s.w.s.m.m.a.RequestResponseBodyMethodProcessor - Writing [{7b226f70656e617069223a22332e312e30222c22696e666f223a7b227469746c65223a224f70656e41504920646566696e6 (truncated)...]
2026-03-30 18:37:58.791 [http-nio-8080-exec-5] DEBUG o.s.web.servlet.DispatcherServlet - Completed 200 OK
2026-03-30 18:38:15.055 [http-nio-8080-exec-6] DEBUG o.s.web.servlet.DispatcherServlet - GET "/actuator/health", parameters={}
2026-03-30 18:38:15.062 [http-nio-8080-exec-6] DEBUG o.s.w.s.m.m.a.RequestResponseBodyMethodProcessor - Read "application/octet-stream" to []
2026-03-30 18:38:15.067 [http-nio-8080-exec-6] DEBUG o.s.w.s.m.m.a.HttpEntityMethodProcessor - Using 'application/vnd.spring-boot.actuator.v3+json', given [*/*] and supported [application/vnd.spring-boot.actuator.v3+json, application/vnd.spring-boot.actuator.v2+json, application/json]
2026-03-30 18:38:15.070 [http-nio-8080-exec-6] DEBUG o.s.w.s.m.m.a.HttpEntityMethodProcessor - Writing [org.springframework.boot.health.actuate.endpoint.SystemHealthDescriptor@6f9c7c56]
2026-03-30 18:38:15.077 [http-nio-8080-exec-6] DEBUG o.s.web.servlet.DispatcherServlet - Completed 200 OK
2026-03-30 18:38:33.060 [http-nio-8080-exec-7] DEBUG o.s.web.servlet.DispatcherServlet - POST "/cartoes", parameters={}
2026-03-30 18:38:33.069 [http-nio-8080-exec-7] DEBUG o.s.w.s.m.m.a.RequestMappingHandlerMapping - Mapped to br.com.desafio.cartoes.controller.CartoesController#solicitar(ClienteRequestDTO)
2026-03-30 18:38:33.614 [http-nio-8080-exec-7] DEBUG o.s.w.s.m.m.a.RequestResponseBodyMethodProcessor - Read "application/json;charset=UTF-8" to [ClienteRequestDTO(nome=null, cpf=null, idade=null, dataNascimento=null, uf=null, rendaMensal=null, e (truncated)...]
2026-03-30 18:38:34.247 [http-nio-8080-exec-7] DEBUG o.s.w.s.m.m.a.ExceptionHandlerExceptionResolver - Using @ExceptionHandler br.com.desafio.cartoes.exception.GlobalExceptionHandler#handleValidationErrors(MethodArgumentNotValidException)
2026-03-30 18:38:34.249 [http-nio-8080-exec-7] WARN  b.c.d.c.e.GlobalExceptionHandler - Erro de validação de entrada detectado
2026-03-30 18:38:34.285 [http-nio-8080-exec-7] DEBUG o.s.w.s.m.m.a.HttpEntityMethodProcessor - Using 'application/problem+json', given [application/json] and supported [application/problem+json]
2026-03-30 18:38:34.314 [http-nio-8080-exec-7] DEBUG o.s.w.s.m.m.a.HttpEntityMethodProcessor - Writing [ProblemDetail[type='null', title='Bad Request', status=400, detail='Validação de entrada falhou', in (truncated)...]
2026-03-30 18:38:34.340 [http-nio-8080-exec-7] DEBUG o.s.w.s.m.m.a.ExceptionHandlerExceptionResolver - Resolved [org.springframework.web.bind.MethodArgumentNotValidException: Validation failed for argument [0] in public org.springframework.http.ResponseEntity<?> br.com.desafio.cartoes.controller.CartoesController.solicitar(br.com.desafio.cartoes.domain.dto.ClienteRequestDTO) with 8 errors: [Field error in object 'clienteRequestDTO' on field 'email': rejected value [null]; codes [NotBlank.clienteRequestDTO.email,NotBlank.email,NotBlank.java.lang.String,NotBlank]; arguments [org.springframework.context.support.DefaultMessageSourceResolvable: codes [clienteRequestDTO.email,email]; arguments []; default message [email]]; default message [Email é obrigatório]] [Field error in object 'clienteRequestDTO' on field 'telefoneWhatsapp': rejected value [null]; codes [NotBlank.clienteRequestDTO.telefoneWhatsapp,NotBlank.telefoneWhatsapp,NotBlank.java.lang.String,NotBlank]; arguments [org.springframework.context.support.DefaultMessageSourceResolvable: codes [clienteRequestDTO.telefoneWhatsapp,telefoneWhatsapp]; arguments []; default message [telefoneWhatsapp]]; default message [Telefone WhatsApp é obrigatório]] [Field error in object 'clienteRequestDTO' on field 'rendaMensal': rejected value [null]; codes [NotNull.clienteRequestDTO.rendaMensal,NotNull.rendaMensal,NotNull.java.math.BigDecimal,NotNull]; arguments [org.springframework.context.support.DefaultMessageSourceResolvable: codes [clienteRequestDTO.rendaMensal,rendaMensal]; arguments []; default message [rendaMensal]]; default message [Renda mensal é obrigatória]] [Field error in object 'clienteRequestDTO' on field 'idade': rejected value [null]; codes [NotNull.clienteRequestDTO.idade,NotNull.idade,NotNull.java.lang.Integer,NotNull]; arguments [org.springframework.context.support.DefaultMessageSourceResolvable: codes [clienteRequestDTO.idade,idade]; arguments []; default message [idade]]; default message [Idade é obrigatória]] [Field error in object 'clienteRequestDTO' on field 'dataNascimento': rejected value [null]; codes [NotNull.clienteRequestDTO.dataNascimento,NotNull.dataNascimento,NotNull.java.time.LocalDate,NotNull]; arguments [org.springframework.context.support.DefaultMessageSourceResolvable: codes [clienteRequestDTO.dataNascimento,dataNascimento]; arguments []; default message [dataNascimento]]; default message [Data de nascimento é obrigatória]] [Field error in object 'clienteRequestDTO' on field 'uf': rejected value [null]; codes [NotBlank.clienteRequestDTO.uf,NotBlank.uf,NotBlank.java.lang.String,NotBlank]; arguments [org.springframework.context.support.DefaultMessageSourceResolvable: codes [clienteRequestDTO.uf,uf]; arguments []; default message [uf]]; default message [UF é obrigatória]] [Field error in object 'clienteRequestDTO' on field 'nome': rejected value [null]; codes [NotBlank.clienteRequestDTO.nome,NotBlank.nome,NotBlank.java.lang.String,NotBlank]; arguments [org.springframework.context.support.DefaultMessageSourceResolvable: codes [clienteRequestDTO.nome,nome]; arguments []; default message [nome]]; default message [Nome é obrigatório]] [Field error in object 'clienteRequestDTO' on field 'cpf': rejected value [null]; codes [NotBlank.clienteRequestDTO.cpf,NotBlank.cpf,NotBlank.java.lang.String,NotBlank]; arguments [org.springframework.context.support.DefaultMessageSourceResolvable: codes [clienteRequestDTO.cpf,cpf]; arguments []; default message [cpf]]; default message [CPF é obrigatório]] ]
2026-03-30 18:38:34.344 [http-nio-8080-exec-7] DEBUG o.s.web.servlet.DispatcherServlet - Completed 400 BAD_REQUEST
2026-03-30 18:38:45.376 [http-nio-8080-exec-8] DEBUG o.s.web.servlet.DispatcherServlet - GET "/actuator/health", parameters={}
2026-03-30 18:38:45.380 [http-nio-8080-exec-8] DEBUG o.s.w.s.m.m.a.RequestResponseBodyMethodProcessor - Read "application/octet-stream" to []
2026-03-30 18:38:45.406 [http-nio-8080-exec-8] DEBUG o.s.w.s.m.m.a.HttpEntityMethodProcessor - Using 'application/vnd.spring-boot.actuator.v3+json', given [*/*] and supported [application/vnd.spring-boot.actuator.v3+json, application/vnd.spring-boot.actuator.v2+json, application/json]
2026-03-30 18:38:45.408 [http-nio-8080-exec-8] DEBUG o.s.w.s.m.m.a.HttpEntityMethodProcessor - Writing [org.springframework.boot.health.actuate.endpoint.SystemHealthDescriptor@5659aa22]
2026-03-30 18:38:45.421 [http-nio-8080-exec-8] DEBUG o.s.web.servlet.DispatcherServlet - Completed 200 OK
2026-03-30 18:39:15.759 [http-nio-8080-exec-4] DEBUG o.s.web.servlet.DispatcherServlet - GET "/actuator/health", parameters={}
2026-03-30 18:39:15.776 [http-nio-8080-exec-4] DEBUG o.s.w.s.m.m.a.RequestResponseBodyMethodProcessor - Read "application/octet-stream" to []
2026-03-30 18:39:15.797 [http-nio-8080-exec-4] DEBUG o.s.w.s.m.m.a.HttpEntityMethodProcessor - Using 'application/vnd.spring-boot.actuator.v3+json', given [*/*] and supported [application/vnd.spring-boot.actuator.v3+json, application/vnd.spring-boot.actuator.v2+json, application/json]
2026-03-30 18:39:15.800 [http-nio-8080-exec-4] DEBUG o.s.w.s.m.m.a.HttpEntityMethodProcessor - Writing [org.springframework.boot.health.actuate.endpoint.SystemHealthDescriptor@b7187a6]
2026-03-30 18:39:15.824 [http-nio-8080-exec-4] DEBUG o.s.web.servlet.DispatcherServlet - Completed 200 OK
2026-03-30 18:39:51.191 [http-nio-8080-exec-3] DEBUG o.s.web.servlet.DispatcherServlet - GET "/actuator/health", parameters={}
2026-03-30 18:39:51.313 [http-nio-8080-exec-3] DEBUG o.s.w.s.m.m.a.RequestResponseBodyMethodProcessor - Read "application/octet-stream" to []
2026-03-30 18:39:51.540 [http-nio-8080-exec-3] DEBUG o.s.w.s.m.m.a.HttpEntityMethodProcessor - Using 'application/vnd.spring-boot.actuator.v3+json', given [*/*] and supported [application/vnd.spring-boot.actuator.v3+json, application/vnd.spring-boot.actuator.v2+json, application/json]
2026-03-30 18:39:51.633 [http-nio-8080-exec-3] DEBUG o.s.w.s.m.m.a.HttpEntityMethodProcessor - Writing [org.springframework.boot.health.actuate.endpoint.SystemHealthDescriptor@2017832b]
2026-03-30 18:39:51.716 [http-nio-8080-exec-3] DEBUG o.s.web.servlet.DispatcherServlet - Completed 200 OK
2026-03-30 18:40:22.053 [http-nio-8080-exec-5] DEBUG o.s.web.servlet.DispatcherServlet - GET "/actuator/health", parameters={}
2026-03-30 18:40:22.056 [http-nio-8080-exec-5] DEBUG o.s.w.s.m.m.a.RequestResponseBodyMethodProcessor - Read "application/octet-stream" to []
2026-03-30 18:40:22.062 [http-nio-8080-exec-5] DEBUG o.s.w.s.m.m.a.HttpEntityMethodProcessor - Using 'application/vnd.spring-boot.actuator.v3+json', given [*/*] and supported [application/vnd.spring-boot.actuator.v3+json, application/vnd.spring-boot.actuator.v2+json, application/json]
2026-03-30 18:40:22.064 [http-nio-8080-exec-5] DEBUG o.s.w.s.m.m.a.HttpEntityMethodProcessor - Writing [org.springframework.boot.health.actuate.endpoint.SystemHealthDescriptor@b6b8170]
2026-03-30 18:40:22.072 [http-nio-8080-exec-5] DEBUG o.s.web.servlet.DispatcherServlet - Completed 200 OK
2026-03-30 18:40:57.046 [http-nio-8080-exec-6] DEBUG o.s.web.servlet.DispatcherServlet - GET "/actuator/health", parameters={}
2026-03-30 18:40:57.282 [http-nio-8080-exec-6] DEBUG o.s.w.s.m.m.a.RequestResponseBodyMethodProcessor - Read "application/octet-stream" to []
2026-03-30 18:40:57.573 [http-nio-8080-exec-6] DEBUG o.s.w.s.m.m.a.HttpEntityMethodProcessor - Using 'application/vnd.spring-boot.actuator.v3+json', given [*/*] and supported [application/vnd.spring-boot.actuator.v3+json, application/vnd.spring-boot.actuator.v2+json, application/json]
2026-03-30 18:40:57.591 [http-nio-8080-exec-6] DEBUG o.s.w.s.m.m.a.HttpEntityMethodProcessor - Writing [org.springframework.boot.health.actuate.endpoint.SystemHealthDescriptor@2a9eefc1]
2026-03-30 18:40:57.769 [http-nio-8080-exec-6] DEBUG o.s.web.servlet.DispatcherServlet - Completed 200 OK
2026-03-30 18:41:41.184 [http-nio-8080-exec-7] DEBUG o.s.web.servlet.DispatcherServlet - GET "/actuator/health", parameters={}
2026-03-30 18:41:42.460 [http-nio-8080-exec-7] DEBUG o.s.w.s.m.m.a.RequestResponseBodyMethodProcessor - Read "application/octet-stream" to []
2026-03-30 18:41:42.653 [http-nio-8080-exec-7] DEBUG o.s.w.s.m.m.a.HttpEntityMethodProcessor - Using 'application/vnd.spring-boot.actuator.v3+json', given [*/*] and supported [application/vnd.spring-boot.actuator.v3+json, application/vnd.spring-boot.actuator.v2+json, application/json]
2026-03-30 18:41:42.663 [http-nio-8080-exec-7] DEBUG o.s.w.s.m.m.a.HttpEntityMethodProcessor - Writing [org.springframework.boot.health.actuate.endpoint.SystemHealthDescriptor@776a682d]
2026-03-30 18:41:42.718 [http-nio-8080-exec-7] DEBUG o.s.web.servlet.DispatcherServlet - Completed 200 OK
2026-03-30 18:42:14.995 [http-nio-8080-exec-8] DEBUG o.s.web.servlet.DispatcherServlet - GET "/actuator/health", parameters={}
2026-03-30 18:42:15.445 [http-nio-8080-exec-8] DEBUG o.s.w.s.m.m.a.RequestResponseBodyMethodProcessor - Read "application/octet-stream" to []
2026-03-30 18:42:15.826 [http-nio-8080-exec-8] DEBUG o.s.w.s.m.m.a.HttpEntityMethodProcessor - Using 'application/vnd.spring-boot.actuator.v3+json', given [*/*] and supported [application/vnd.spring-boot.actuator.v3+json, application/vnd.spring-boot.actuator.v2+json, application/json]
2026-03-30 18:42:15.868 [http-nio-8080-exec-8] DEBUG o.s.w.s.m.m.a.HttpEntityMethodProcessor - Writing [org.springframework.boot.health.actuate.endpoint.SystemHealthDescriptor@70a2546e]
2026-03-30 18:42:15.987 [http-nio-8080-exec-8] DEBUG o.s.web.servlet.DispatcherServlet - Completed 200 OK
2026-03-30 18:42:54.628 [http-nio-8080-exec-10] DEBUG o.s.web.servlet.DispatcherServlet - GET "/actuator/health", parameters={}
2026-03-30 18:42:54.794 [http-nio-8080-exec-10] DEBUG o.s.w.s.m.m.a.RequestResponseBodyMethodProcessor - Read "application/octet-stream" to []
2026-03-30 18:42:55.045 [http-nio-8080-exec-10] DEBUG o.s.w.s.m.m.a.HttpEntityMethodProcessor - Using 'application/vnd.spring-boot.actuator.v3+json', given [*/*] and supported [application/vnd.spring-boot.actuator.v3+json, application/vnd.spring-boot.actuator.v2+json, application/json]
2026-03-30 18:42:55.057 [http-nio-8080-exec-10] DEBUG o.s.w.s.m.m.a.HttpEntityMethodProcessor - Writing [org.springframework.boot.health.actuate.endpoint.SystemHealthDescriptor@5fc3ba17]
2026-03-30 18:42:55.204 [http-nio-8080-exec-10] DEBUG o.s.web.servlet.DispatcherServlet - Completed 200 OK
2026-03-30 18:43:39.945 [http-nio-8080-exec-2] DEBUG o.s.web.servlet.DispatcherServlet - GET "/actuator/health", parameters={}
2026-03-30 18:43:40.239 [http-nio-8080-exec-2] DEBUG o.s.w.s.m.m.a.RequestResponseBodyMethodProcessor - Read "application/octet-stream" to []
2026-03-30 18:43:41.119 [http-nio-8080-exec-2] DEBUG o.s.w.s.m.m.a.HttpEntityMethodProcessor - Using 'application/vnd.spring-boot.actuator.v3+json', given [*/*] and supported [application/vnd.spring-boot.actuator.v3+json, application/vnd.spring-boot.actuator.v2+json, application/json]
2026-03-30 18:43:41.356 [http-nio-8080-exec-2] DEBUG o.s.w.s.m.m.a.HttpEntityMethodProcessor - Writing [org.springframework.boot.health.actuate.endpoint.SystemHealthDescriptor@381631f0]
2026-03-30 18:43:43.730 [http-nio-8080-exec-2] DEBUG o.s.web.servlet.DispatcherServlet - Completed 200 OK
2026-03-30 18:44:22.338 [http-nio-8080-exec-1] DEBUG o.s.web.servlet.DispatcherServlet - GET "/actuator/health", parameters={}
2026-03-30 18:44:25.000 [http-nio-8080-exec-1] DEBUG o.s.w.s.m.m.a.RequestResponseBodyMethodProcessor - Read "application/octet-stream" to []
2026-03-30 18:44:25.655 [http-nio-8080-exec-1] DEBUG o.s.w.s.m.m.a.HttpEntityMethodProcessor - Using 'application/vnd.spring-boot.actuator.v3+json', given [*/*] and supported [application/vnd.spring-boot.actuator.v3+json, application/vnd.spring-boot.actuator.v2+json, application/json]
2026-03-30 18:44:25.698 [http-nio-8080-exec-1] DEBUG o.s.w.s.m.m.a.HttpEntityMethodProcessor - Writing [org.springframework.boot.health.actuate.endpoint.SystemHealthDescriptor@2a9aa8b]
2026-03-30 18:44:25.872 [http-nio-8080-exec-1] DEBUG o.s.web.servlet.DispatcherServlet - Completed 200 OK
2026-03-30 18:44:37.582 [http-nio-8080-exec-9] DEBUG o.s.web.servlet.DispatcherServlet - GET "/swagger-ui/index.html", parameters={}
2026-03-30 18:44:37.631 [http-nio-8080-exec-9] DEBUG o.s.w.s.h.SimpleUrlHandlerMapping - Mapped to ResourceHttpRequestHandler [classpath [META-INF/resources/webjars/]]
2026-03-30 18:44:37.922 [http-nio-8080-exec-9] DEBUG o.s.web.servlet.DispatcherServlet - Completed 304 NOT_MODIFIED
2026-03-30 18:44:37.976 [http-nio-8080-exec-4] DEBUG o.s.web.servlet.DispatcherServlet - GET "/swagger-ui/swagger-initializer.js", parameters={}
2026-03-30 18:44:37.983 [http-nio-8080-exec-4] DEBUG o.s.w.s.h.SimpleUrlHandlerMapping - Mapped to ResourceHttpRequestHandler [classpath [META-INF/resources/webjars/]]
2026-03-30 18:44:38.157 [http-nio-8080-exec-4] DEBUG o.s.web.servlet.DispatcherServlet - Completed 200 OK
2026-03-30 18:44:38.272 [http-nio-8080-exec-3] DEBUG o.s.web.servlet.DispatcherServlet - GET "/v3/api-docs/swagger-config", parameters={}
2026-03-30 18:44:38.277 [http-nio-8080-exec-3] DEBUG o.s.w.s.m.m.a.RequestMappingHandlerMapping - Mapped to org.springdoc.webmvc.ui.SwaggerConfigResource#openapiJson(HttpServletRequest)
2026-03-30 18:44:38.401 [http-nio-8080-exec-3] DEBUG o.s.w.s.m.m.a.RequestResponseBodyMethodProcessor - Using 'application/json', given [*/*] and supported [application/json]
2026-03-30 18:44:38.406 [http-nio-8080-exec-3] DEBUG o.s.w.s.m.m.a.RequestResponseBodyMethodProcessor - Writing [{configUrl=/v3/api-docs/swagger-config, oauth2RedirectUrl=http://localhost:8080/swagger-ui/oauth2-re (truncated)...]
2026-03-30 18:44:38.438 [http-nio-8080-exec-3] DEBUG o.s.web.servlet.DispatcherServlet - Completed 200 OK
2026-03-30 18:44:38.615 [http-nio-8080-exec-5] DEBUG o.s.web.servlet.DispatcherServlet - GET "/v3/api-docs", parameters={}
2026-03-30 18:44:38.638 [http-nio-8080-exec-5] DEBUG o.s.w.s.m.m.a.RequestMappingHandlerMapping - Mapped to org.springdoc.webmvc.api.OpenApiWebMvcResource#openapiJson(HttpServletRequest, String, Locale)
2026-03-30 18:44:38.952 [http-nio-8080-exec-5] DEBUG o.s.w.s.m.m.a.RequestResponseBodyMethodProcessor - Using 'application/json', given [application/json, */*] and supported [application/json]
2026-03-30 18:44:38.960 [http-nio-8080-exec-5] DEBUG o.s.w.s.m.m.a.RequestResponseBodyMethodProcessor - Writing [{7b226f70656e617069223a22332e312e30222c22696e666f223a7b227469746c65223a224f70656e41504920646566696e6 (truncated)...]
2026-03-30 18:44:38.963 [http-nio-8080-exec-5] DEBUG o.s.web.servlet.DispatcherServlet - Completed 200 OK
2026-03-30 18:44:56.330 [http-nio-8080-exec-6] DEBUG o.s.web.servlet.DispatcherServlet - GET "/actuator/health", parameters={}
2026-03-30 18:44:56.336 [http-nio-8080-exec-6] DEBUG o.s.w.s.m.m.a.RequestResponseBodyMethodProcessor - Read "application/octet-stream" to []
2026-03-30 18:44:56.371 [http-nio-8080-exec-6] DEBUG o.s.w.s.m.m.a.HttpEntityMethodProcessor - Using 'application/vnd.spring-boot.actuator.v3+json', given [*/*] and supported [application/vnd.spring-boot.actuator.v3+json, application/vnd.spring-boot.actuator.v2+json, application/json]
2026-03-30 18:44:56.373 [http-nio-8080-exec-6] DEBUG o.s.w.s.m.m.a.HttpEntityMethodProcessor - Writing [org.springframework.boot.health.actuate.endpoint.SystemHealthDescriptor@6f060093]
2026-03-30 18:44:56.381 [http-nio-8080-exec-6] DEBUG o.s.web.servlet.DispatcherServlet - Completed 200 OK
2026-03-30 18:45:26.800 [http-nio-8080-exec-7] DEBUG o.s.web.servlet.DispatcherServlet - GET "/actuator/health", parameters={}
2026-03-30 18:45:26.806 [http-nio-8080-exec-7] DEBUG o.s.w.s.m.m.a.RequestResponseBodyMethodProcessor - Read "application/octet-stream" to []
2026-03-30 18:45:26.813 [http-nio-8080-exec-7] DEBUG o.s.w.s.m.m.a.HttpEntityMethodProcessor - Using 'application/vnd.spring-boot.actuator.v3+json', given [*/*] and supported [application/vnd.spring-boot.actuator.v3+json, application/vnd.spring-boot.actuator.v2+json, application/json]
2026-03-30 18:45:26.815 [http-nio-8080-exec-7] DEBUG o.s.w.s.m.m.a.HttpEntityMethodProcessor - Writing [org.springframework.boot.health.actuate.endpoint.SystemHealthDescriptor@449ff284]
2026-03-30 18:45:26.819 [http-nio-8080-exec-7] DEBUG o.s.web.servlet.DispatcherServlet - Completed 200 OK
2026-03-30 18:45:57.179 [http-nio-8080-exec-2] DEBUG o.s.web.servlet.DispatcherServlet - GET "/actuator/health", parameters={}
2026-03-30 18:45:57.214 [http-nio-8080-exec-2] DEBUG o.s.w.s.m.m.a.RequestResponseBodyMethodProcessor - Read "application/octet-stream" to []
2026-03-30 18:45:57.266 [http-nio-8080-exec-2] DEBUG o.s.w.s.m.m.a.HttpEntityMethodProcessor - Using 'application/vnd.spring-boot.actuator.v3+json', given [*/*] and supported [application/vnd.spring-boot.actuator.v3+json, application/vnd.spring-boot.actuator.v2+json, application/json]
2026-03-30 18:45:57.285 [http-nio-8080-exec-2] DEBUG o.s.w.s.m.m.a.HttpEntityMethodProcessor - Writing [org.springframework.boot.health.actuate.endpoint.SystemHealthDescriptor@51880942]
2026-03-30 18:45:57.313 [http-nio-8080-exec-2] DEBUG o.s.web.servlet.DispatcherServlet - Completed 200 OK
2026-03-30 18:46:27.634 [http-nio-8080-exec-1] DEBUG o.s.web.servlet.DispatcherServlet - GET "/actuator/health", parameters={}
2026-03-30 18:46:27.643 [http-nio-8080-exec-1] DEBUG o.s.w.s.m.m.a.RequestResponseBodyMethodProcessor - Read "application/octet-stream" to []
2026-03-30 18:46:27.651 [http-nio-8080-exec-1] DEBUG o.s.w.s.m.m.a.HttpEntityMethodProcessor - Using 'application/vnd.spring-boot.actuator.v3+json', given [*/*] and supported [application/vnd.spring-boot.actuator.v3+json, application/vnd.spring-boot.actuator.v2+json, application/json]
2026-03-30 18:46:27.654 [http-nio-8080-exec-1] DEBUG o.s.w.s.m.m.a.HttpEntityMethodProcessor - Writing [org.springframework.boot.health.actuate.endpoint.SystemHealthDescriptor@50c8f248]
2026-03-30 18:46:27.660 [http-nio-8080-exec-1] DEBUG o.s.web.servlet.DispatcherServlet - Completed 200 OK
2026-03-30 18:46:57.948 [http-nio-8080-exec-9] DEBUG o.s.web.servlet.DispatcherServlet - GET "/actuator/health", parameters={}
2026-03-30 18:46:57.954 [http-nio-8080-exec-9] DEBUG o.s.w.s.m.m.a.RequestResponseBodyMethodProcessor - Read "application/octet-stream" to []
2026-03-30 18:46:57.960 [http-nio-8080-exec-9] DEBUG o.s.w.s.m.m.a.HttpEntityMethodProcessor - Using 'application/vnd.spring-boot.actuator.v3+json', given [*/*] and supported [application/vnd.spring-boot.actuator.v3+json, application/vnd.spring-boot.actuator.v2+json, application/json]
2026-03-30 18:46:57.962 [http-nio-8080-exec-9] DEBUG o.s.w.s.m.m.a.HttpEntityMethodProcessor - Writing [org.springframework.boot.health.actuate.endpoint.SystemHealthDescriptor@a2e6386]
2026-03-30 18:46:57.968 [http-nio-8080-exec-9] DEBUG o.s.web.servlet.DispatcherServlet - Completed 200 OK
2026-03-30 18:47:28.254 [http-nio-8080-exec-4] DEBUG o.s.web.servlet.DispatcherServlet - GET "/actuator/health", parameters={}
2026-03-30 18:47:28.259 [http-nio-8080-exec-4] DEBUG o.s.w.s.m.m.a.RequestResponseBodyMethodProcessor - Read "application/octet-stream" to []
2026-03-30 18:47:28.283 [http-nio-8080-exec-4] DEBUG o.s.w.s.m.m.a.HttpEntityMethodProcessor - Using 'application/vnd.spring-boot.actuator.v3+json', given [*/*] and supported [application/vnd.spring-boot.actuator.v3+json, application/vnd.spring-boot.actuator.v2+json, application/json]
2026-03-30 18:47:28.285 [http-nio-8080-exec-4] DEBUG o.s.w.s.m.m.a.HttpEntityMethodProcessor - Writing [org.springframework.boot.health.actuate.endpoint.SystemHealthDescriptor@6c958e6a]
2026-03-30 18:47:28.292 [http-nio-8080-exec-4] DEBUG o.s.web.servlet.DispatcherServlet - Completed 200 OK
2026-03-30 18:47:58.851 [http-nio-8080-exec-3] DEBUG o.s.web.servlet.DispatcherServlet - GET "/actuator/health", parameters={}
2026-03-30 18:47:58.859 [http-nio-8080-exec-3] DEBUG o.s.w.s.m.m.a.RequestResponseBodyMethodProcessor - Read "application/octet-stream" to []
2026-03-30 18:47:58.875 [http-nio-8080-exec-3] DEBUG o.s.w.s.m.m.a.HttpEntityMethodProcessor - Using 'application/vnd.spring-boot.actuator.v3+json', given [*/*] and supported [application/vnd.spring-boot.actuator.v3+json, application/vnd.spring-boot.actuator.v2+json, application/json]
2026-03-30 18:47:58.878 [http-nio-8080-exec-3] DEBUG o.s.w.s.m.m.a.HttpEntityMethodProcessor - Writing [org.springframework.boot.health.actuate.endpoint.SystemHealthDescriptor@43aa9d4e]
2026-03-30 18:47:58.885 [http-nio-8080-exec-3] DEBUG o.s.web.servlet.DispatcherServlet - Completed 200 OK
2026-03-30 18:48:38.141 [http-nio-8080-exec-6] DEBUG o.s.web.servlet.DispatcherServlet - GET "/v3/api-docs", parameters={}
2026-03-30 18:48:38.578 [http-nio-8080-exec-6] DEBUG o.s.w.s.m.m.a.RequestMappingHandlerMapping - Mapped to org.springdoc.webmvc.api.OpenApiWebMvcResource#openapiJson(HttpServletRequest, String, Locale)
2026-03-30 18:48:39.423 [http-nio-8080-exec-5] DEBUG o.s.web.servlet.DispatcherServlet - GET "/actuator/health", parameters={}
2026-03-30 18:48:39.557 [http-nio-8080-exec-5] DEBUG o.s.w.s.m.m.a.RequestResponseBodyMethodProcessor - Read "application/octet-stream" to []
2026-03-30 18:48:40.009 [http-nio-8080-exec-5] DEBUG o.s.w.s.m.m.a.HttpEntityMethodProcessor - Using 'application/vnd.spring-boot.actuator.v3+json', given [*/*] and supported [application/vnd.spring-boot.actuator.v3+json, application/vnd.spring-boot.actuator.v2+json, application/json]
2026-03-30 18:48:40.066 [http-nio-8080-exec-5] DEBUG o.s.w.s.m.m.a.HttpEntityMethodProcessor - Writing [org.springframework.boot.health.actuate.endpoint.SystemHealthDescriptor@6e0ef3b7]
2026-03-30 18:48:40.341 [http-nio-8080-exec-5] DEBUG o.s.web.servlet.DispatcherServlet - Completed 200 OK
2026-03-30 15:48:45.857 [background-preinit] INFO  o.h.validator.internal.util.Version - HV000001: Hibernate Validator 9.0.1.Final
2026-03-30 15:48:46.016 [main] INFO  b.c.d.cartoes.CartoesApplication - Starting CartoesApplication using Java 21.0.7 with PID 22452 (C:\Users\jukia\OneDrive\Desktop\DesafioItau\cartoes\cartoes\target\classes started by jukia in C:\Users\jukia\OneDrive\Desktop\DesafioItau\cartoes\cartoes)
2026-03-30 15:48:46.018 [main] DEBUG b.c.d.cartoes.CartoesApplication - Running with Spring Boot v4.0.4, Spring v7.0.6
2026-03-30 15:48:46.020 [main] INFO  b.c.d.cartoes.CartoesApplication - No active profile set, falling back to 1 default profile: "default"
2026-03-30 15:48:49.294 [main] INFO  o.s.d.r.c.RepositoryConfigurationDelegate - Bootstrapping Spring Data JPA repositories in DEFAULT mode.
2026-03-30 15:48:49.529 [main] INFO  o.s.d.r.c.RepositoryConfigurationDelegate - Finished Spring Data repository scanning in 204 ms. Found 2 JPA repository interfaces.
2026-03-30 18:48:50.121 [http-nio-8080-exec-6] INFO  o.s.api.AbstractOpenApiResource - Init duration for springdoc-openapi is: 10346 ms
2026-03-30 18:48:51.047 [http-nio-8080-exec-6] DEBUG o.s.w.s.m.m.a.RequestResponseBodyMethodProcessor - Using 'application/json', given [*/*] and supported [application/json]
2026-03-30 18:48:51.078 [http-nio-8080-exec-6] DEBUG o.s.w.s.m.m.a.RequestResponseBodyMethodProcessor - Writing [{7b226f70656e617069223a22332e312e30222c22696e666f223a7b227469746c65223a224f70656e41504920646566696e6 (truncated)...]
2026-03-30 18:48:51.135 [http-nio-8080-exec-6] DEBUG o.s.web.servlet.DispatcherServlet - Completed 200 OK
2026-03-30 15:48:51.869 [main] INFO  o.s.boot.tomcat.TomcatWebServer - Tomcat initialized with port 8080 (http)
2026-03-30 15:48:51.913 [main] INFO  o.a.coyote.http11.Http11NioProtocol - Initializing ProtocolHandler ["http-nio-8080"]
2026-03-30 15:48:51.919 [main] INFO  o.a.catalina.core.StandardService - Starting service [Tomcat]
2026-03-30 15:48:51.921 [main] INFO  o.a.catalina.core.StandardEngine - Starting Servlet engine: [Apache Tomcat/11.0.18]
2026-03-30 15:48:52.148 [main] INFO  o.s.b.w.c.s.WebApplicationContextInitializer - Root WebApplicationContext: initialization completed in 5918 ms
2026-03-30 15:48:52.513 [main] DEBUG o.s.w.f.ServerHttpObservationFilter - Filter 'webMvcObservationFilter' configured for use
2026-03-30 15:48:52.886 [main] INFO  org.hibernate.orm.jpa - HHH008540: Processing PersistenceUnitInfo [name: default]
2026-03-30 15:48:53.120 [main] INFO  org.hibernate.orm.core - HHH000001: Hibernate ORM core version 7.2.7.Final
2026-03-30 15:48:55.879 [main] INFO  o.s.o.j.p.SpringPersistenceUnitInfo - No LoadTimeWeaver setup: ignoring JPA class transformer
2026-03-30 15:48:56.009 [main] INFO  com.zaxxer.hikari.HikariDataSource - HikariPool-1 - Starting...
2026-03-30 15:48:56.816 [main] INFO  com.zaxxer.hikari.pool.HikariPool - HikariPool-1 - Added connection conn0: url=jdbc:h2:mem:cartoes user=SA
2026-03-30 15:48:56.823 [main] INFO  com.zaxxer.hikari.HikariDataSource - HikariPool-1 - Start completed.
2026-03-30 15:48:56.907 [main] WARN  org.hibernate.orm.deprecation - HHH90000025: H2Dialect does not need to be specified explicitly using 'hibernate.dialect' (remove the property setting and it will be selected by default)
2026-03-30 15:48:57.082 [main] INFO  o.hibernate.orm.connections.pooling - HHH10001005: Database info:
	Database JDBC URL [jdbc:h2:mem:cartoes]
	Database driver: H2 JDBC Driver
	Database dialect: H2Dialect
	Database version: 2.4.240
	Default catalog/schema: CARTOES/PUBLIC
	Autocommit mode: undefined/unknown
	Isolation level: READ_COMMITTED [default READ_COMMITTED]
	JDBC fetch size: 100
	Pool: DataSourceConnectionProvider
	Minimum pool size: undefined/unknown
	Maximum pool size: undefined/unknown
2026-03-30 15:49:01.904 [main] INFO  org.hibernate.orm.core - HHH000489: No JTA platform available (set 'hibernate.transaction.jta.platform' to enable JTA platform integration)
2026-03-30 15:49:02.166 [main] INFO  o.s.o.j.LocalContainerEntityManagerFactoryBean - Initialized JPA EntityManagerFactory for persistence unit 'default'
2026-03-30 15:49:02.497 [main] INFO  o.s.d.j.r.q.QueryEnhancerFactories - Hibernate is in classpath; If applicable, HQL parser will be used.
2026-03-30 15:49:03.531 [main] WARN  o.s.b.j.a.JpaBaseConfiguration$JpaWebConfiguration - spring.jpa.open-in-view is enabled by default. Therefore, database queries may be performed during view rendering. Explicitly configure spring.jpa.open-in-view to disable this warning
2026-03-30 15:49:03.998 [main] DEBUG o.s.w.s.m.m.a.RequestMappingHandlerMapping - 7 mappings in 'requestMappingHandlerMapping'
2026-03-30 15:49:04.092 [main] DEBUG o.s.w.s.h.SimpleUrlHandlerMapping - Patterns [/webjars/**, /**, /swagger-ui*/*swagger-initializer.js, /swagger-ui*/**] in 'resourceHandlerMapping'
2026-03-30 15:49:04.179 [main] DEBUG o.s.w.s.m.m.a.RequestMappingHandlerAdapter - ControllerAdvice beans: 0 @ModelAttribute, 0 @InitBinder, 2 RequestBodyAdvice, 1 ResponseBodyAdvice
2026-03-30 15:49:04.325 [main] DEBUG o.s.w.s.m.m.a.ExceptionHandlerExceptionResolver - ControllerAdvice beans: 2 @ExceptionHandler, 1 ResponseBodyAdvice
2026-03-30 15:49:04.994 [main] INFO  o.s.b.h.a.H2ConsoleAutoConfiguration - H2 console available at '/h2-console'. Database available at 'jdbc:h2:mem:cartoes'
2026-03-30 15:49:05.204 [main] INFO  o.s.b.a.e.web.EndpointLinksResolver - Exposing 1 endpoint beneath base path '/actuator'
2026-03-30 15:49:05.387 [main] INFO  o.a.coyote.http11.Http11NioProtocol - Starting ProtocolHandler ["http-nio-8080"]
2026-03-30 15:49:05.430 [main] WARN  o.s.b.w.s.s.c.AnnotationConfigServletWebServerApplicationContext - Exception encountered during context initialization - cancelling refresh attempt: org.springframework.context.ApplicationContextException: Failed to start bean 'webServerStartStop'
2026-03-30 15:49:05.435 [main] INFO  o.s.o.j.LocalContainerEntityManagerFactoryBean - Closing JPA EntityManagerFactory for persistence unit 'default'
2026-03-30 15:49:05.449 [main] INFO  com.zaxxer.hikari.HikariDataSource - HikariPool-1 - Shutdown initiated...
2026-03-30 15:49:05.462 [main] INFO  com.zaxxer.hikari.HikariDataSource - HikariPool-1 - Shutdown completed.
2026-03-30 15:49:05.498 [main] INFO  o.s.b.a.l.ConditionEvaluationReportLogger - 

Error starting ApplicationContext. To display the condition evaluation report re-run your application with 'debug' enabled.
2026-03-30 15:49:05.557 [main] ERROR o.s.b.d.LoggingFailureAnalysisReporter - 

***************************
APPLICATION FAILED TO START
***************************

Description:

Web server failed to start. Port 8080 was already in use.

Action:

Identify and stop the process that's listening on port 8080 or configure this application to listen on another port.

2026-03-30 18:49:12.938 [http-nio-8080-exec-7] DEBUG o.s.web.servlet.DispatcherServlet - GET "/actuator/health", parameters={}
2026-03-30 18:49:13.068 [http-nio-8080-exec-7] DEBUG o.s.w.s.m.m.a.RequestResponseBodyMethodProcessor - Read "application/octet-stream" to []
2026-03-30 18:49:13.312 [http-nio-8080-exec-7] DEBUG o.s.w.s.m.m.a.HttpEntityMethodProcessor - Using 'application/vnd.spring-boot.actuator.v3+json', given [*/*] and supported [application/vnd.spring-boot.actuator.v3+json, application/vnd.spring-boot.actuator.v2+json, application/json]
2026-03-30 18:49:13.325 [http-nio-8080-exec-7] DEBUG o.s.w.s.m.m.a.HttpEntityMethodProcessor - Writing [org.springframework.boot.health.actuate.endpoint.SystemHealthDescriptor@53acd929]
2026-03-30 18:49:13.423 [http-nio-8080-exec-7] DEBUG o.s.web.servlet.DispatcherServlet - Completed 200 OK
2026-03-30 18:49:30.037 [http-nio-8080-exec-8] DEBUG o.s.web.servlet.DispatcherServlet - GET "/v3/api-docs", parameters={}
2026-03-30 18:49:30.132 [http-nio-8080-exec-8] DEBUG o.s.w.s.m.m.a.RequestMappingHandlerMapping - Mapped to org.springdoc.webmvc.api.OpenApiWebMvcResource#openapiJson(HttpServletRequest, String, Locale)
2026-03-30 18:49:30.864 [http-nio-8080-exec-8] DEBUG o.s.w.s.m.m.a.RequestResponseBodyMethodProcessor - Using 'application/json', given [*/*] and supported [application/json]
2026-03-30 18:49:30.877 [http-nio-8080-exec-8] DEBUG o.s.w.s.m.m.a.RequestResponseBodyMethodProcessor - Writing [{7b226f70656e617069223a22332e312e30222c22696e666f223a7b227469746c65223a224f70656e41504920646566696e6 (truncated)...]
2026-03-30 18:49:31.008 [http-nio-8080-exec-8] DEBUG o.s.web.servlet.DispatcherServlet - Completed 200 OK
2026-03-30 18:49:46.706 [http-nio-8080-exec-10] DEBUG o.s.web.servlet.DispatcherServlet - GET "/actuator/health", parameters={}
2026-03-30 18:49:46.976 [http-nio-8080-exec-10] DEBUG o.s.w.s.m.m.a.RequestResponseBodyMethodProcessor - Read "application/octet-stream" to []
2026-03-30 18:49:47.358 [http-nio-8080-exec-10] DEBUG o.s.w.s.m.m.a.HttpEntityMethodProcessor - Using 'application/vnd.spring-boot.actuator.v3+json', given [*/*] and supported [application/vnd.spring-boot.actuator.v3+json, application/vnd.spring-boot.actuator.v2+json, application/json]
2026-03-30 18:49:47.376 [http-nio-8080-exec-10] DEBUG o.s.w.s.m.m.a.HttpEntityMethodProcessor - Writing [org.springframework.boot.health.actuate.endpoint.SystemHealthDescriptor@1ac12f8b]
2026-03-30 18:49:47.436 [http-nio-8080-exec-10] DEBUG o.s.web.servlet.DispatcherServlet - Completed 200 OK
2026-03-30 18:49:51.682 [http-nio-8080-exec-2] DEBUG o.s.web.servlet.DispatcherServlet - GET "/v3/api-docs", parameters={}
2026-03-30 18:49:51.708 [http-nio-8080-exec-2] DEBUG o.s.w.s.m.m.a.RequestMappingHandlerMapping - Mapped to org.springdoc.webmvc.api.OpenApiWebMvcResource#openapiJson(HttpServletRequest, String, Locale)
2026-03-30 18:49:52.570 [http-nio-8080-exec-2] DEBUG o.s.w.s.m.m.a.RequestResponseBodyMethodProcessor - Using 'application/json', given [*/*] and supported [application/json]
2026-03-30 18:49:52.842 [http-nio-8080-exec-2] DEBUG o.s.w.s.m.m.a.RequestResponseBodyMethodProcessor - Writing [{7b226f70656e617069223a22332e312e30222c22696e666f223a7b227469746c65223a224f70656e41504920646566696e6 (truncated)...]
2026-03-30 18:49:53.603 [http-nio-8080-exec-2] DEBUG o.s.web.servlet.DispatcherServlet - Completed 200 OK
2026-03-30 18:50:26.448 [http-nio-8080-exec-1] DEBUG o.s.web.servlet.DispatcherServlet - GET "/actuator/health", parameters={}
2026-03-30 18:50:27.431 [http-nio-8080-exec-1] DEBUG o.s.w.s.m.m.a.RequestResponseBodyMethodProcessor - Read "application/octet-stream" to []
2026-03-30 18:50:27.932 [http-nio-8080-exec-1] DEBUG o.s.w.s.m.m.a.HttpEntityMethodProcessor - Using 'application/vnd.spring-boot.actuator.v3+json', given [*/*] and supported [application/vnd.spring-boot.actuator.v3+json, application/vnd.spring-boot.actuator.v2+json, application/json]
2026-03-30 18:50:27.957 [http-nio-8080-exec-1] DEBUG o.s.w.s.m.m.a.HttpEntityMethodProcessor - Writing [org.springframework.boot.health.actuate.endpoint.SystemHealthDescriptor@1b0247a8]
2026-03-30 18:50:29.137 [http-nio-8080-exec-1] DEBUG o.s.web.servlet.DispatcherServlet - Completed 200 OK
2026-03-30 18:51:00.663 [http-nio-8080-exec-9] DEBUG o.s.web.servlet.DispatcherServlet - GET "/actuator/health", parameters={}
2026-03-30 18:51:01.219 [http-nio-8080-exec-9] DEBUG o.s.w.s.m.m.a.RequestResponseBodyMethodProcessor - Read "application/octet-stream" to []
2026-03-30 18:51:01.509 [http-nio-8080-exec-9] DEBUG o.s.w.s.m.m.a.HttpEntityMethodProcessor - Using 'application/vnd.spring-boot.actuator.v3+json', given [*/*] and supported [application/vnd.spring-boot.actuator.v3+json, application/vnd.spring-boot.actuator.v2+json, application/json]
2026-03-30 18:51:01.539 [http-nio-8080-exec-9] DEBUG o.s.w.s.m.m.a.HttpEntityMethodProcessor - Writing [org.springframework.boot.health.actuate.endpoint.SystemHealthDescriptor@54898828]
2026-03-30 18:51:02.096 [http-nio-8080-exec-9] DEBUG o.s.web.servlet.DispatcherServlet - Completed 200 OK
2026-03-30 18:51:42.647 [http-nio-8080-exec-4] DEBUG o.s.web.servlet.DispatcherServlet - GET "/actuator/health", parameters={}
2026-03-30 18:51:43.037 [http-nio-8080-exec-4] DEBUG o.s.w.s.m.m.a.RequestResponseBodyMethodProcessor - Read "application/octet-stream" to []
2026-03-30 18:51:44.053 [http-nio-8080-exec-4] DEBUG o.s.w.s.m.m.a.HttpEntityMethodProcessor - Using 'application/vnd.spring-boot.actuator.v3+json', given [*/*] and supported [application/vnd.spring-boot.actuator.v3+json, application/vnd.spring-boot.actuator.v2+json, application/json]
2026-03-30 18:51:44.120 [http-nio-8080-exec-4] DEBUG o.s.w.s.m.m.a.HttpEntityMethodProcessor - Writing [org.springframework.boot.health.actuate.endpoint.SystemHealthDescriptor@6b5e78e9]
2026-03-30 18:51:44.367 [http-nio-8080-exec-4] DEBUG o.s.web.servlet.DispatcherServlet - Completed 200 OK
2026-03-30 18:52:23.327 [http-nio-8080-exec-3] DEBUG o.s.web.servlet.DispatcherServlet - GET "/actuator/health", parameters={}
2026-03-30 18:52:23.874 [http-nio-8080-exec-3] DEBUG o.s.w.s.m.m.a.RequestResponseBodyMethodProcessor - Read "application/octet-stream" to []
2026-03-30 18:52:24.762 [http-nio-8080-exec-3] DEBUG o.s.w.s.m.m.a.HttpEntityMethodProcessor - Using 'application/vnd.spring-boot.actuator.v3+json', given [*/*] and supported [application/vnd.spring-boot.actuator.v3+json, application/vnd.spring-boot.actuator.v2+json, application/json]
2026-03-30 18:52:24.790 [http-nio-8080-exec-3] DEBUG o.s.w.s.m.m.a.HttpEntityMethodProcessor - Writing [org.springframework.boot.health.actuate.endpoint.SystemHealthDescriptor@295bfb2f]
2026-03-30 18:52:24.953 [http-nio-8080-exec-3] DEBUG o.s.web.servlet.DispatcherServlet - Completed 200 OK
2026-03-30 18:52:52.337 [http-nio-8080-exec-5] DEBUG o.s.web.servlet.DispatcherServlet - GET "/swagger-ui/index.html", parameters={}
2026-03-30 18:52:52.734 [http-nio-8080-exec-5] DEBUG o.s.w.s.h.SimpleUrlHandlerMapping - Mapped to ResourceHttpRequestHandler [classpath [META-INF/resources/webjars/]]
2026-03-30 18:52:54.186 [http-nio-8080-exec-6] DEBUG o.s.web.servlet.DispatcherServlet - GET "/v3/api-docs", parameters={}
2026-03-30 18:52:54.198 [http-nio-8080-exec-6] DEBUG o.s.w.s.m.m.a.RequestMappingHandlerMapping - Mapped to org.springdoc.webmvc.api.OpenApiWebMvcResource#openapiJson(HttpServletRequest, String, Locale)
2026-03-30 18:52:54.536 [http-nio-8080-exec-5] DEBUG o.s.web.servlet.DispatcherServlet - Completed 304 NOT_MODIFIED
2026-03-30 18:52:55.027 [http-nio-8080-exec-7] DEBUG o.s.web.servlet.DispatcherServlet - GET "/swagger-ui/swagger-initializer.js", parameters={}
2026-03-30 18:52:55.058 [http-nio-8080-exec-7] DEBUG o.s.w.s.h.SimpleUrlHandlerMapping - Mapped to ResourceHttpRequestHandler [classpath [META-INF/resources/webjars/]]
2026-03-30 18:52:55.174 [http-nio-8080-exec-6] DEBUG o.s.w.s.m.m.a.RequestResponseBodyMethodProcessor - Using 'application/json', given [*/*] and supported [application/json]
2026-03-30 18:52:55.232 [http-nio-8080-exec-6] DEBUG o.s.w.s.m.m.a.RequestResponseBodyMethodProcessor - Writing [{7b226f70656e617069223a22332e312e30222c22696e666f223a7b227469746c65223a224f70656e41504920646566696e6 (truncated)...]
2026-03-30 18:52:55.337 [http-nio-8080-exec-6] DEBUG o.s.web.servlet.DispatcherServlet - Completed 200 OK
2026-03-30 18:52:55.503 [http-nio-8080-exec-7] DEBUG o.s.web.servlet.DispatcherServlet - Completed 200 OK
2026-03-30 18:52:55.823 [http-nio-8080-exec-7] DEBUG o.s.web.servlet.DispatcherServlet - GET "/v3/api-docs/swagger-config", parameters={}
2026-03-30 18:52:55.832 [http-nio-8080-exec-7] DEBUG o.s.w.s.m.m.a.RequestMappingHandlerMapping - Mapped to org.springdoc.webmvc.ui.SwaggerConfigResource#openapiJson(HttpServletRequest)
2026-03-30 18:52:55.913 [http-nio-8080-exec-7] DEBUG o.s.w.s.m.m.a.RequestResponseBodyMethodProcessor - Using 'application/json', given [*/*] and supported [application/json]
2026-03-30 18:52:55.946 [http-nio-8080-exec-7] DEBUG o.s.w.s.m.m.a.RequestResponseBodyMethodProcessor - Writing [{configUrl=/v3/api-docs/swagger-config, oauth2RedirectUrl=http://localhost:8080/swagger-ui/oauth2-re (truncated)...]
2026-03-30 18:52:56.074 [http-nio-8080-exec-7] DEBUG o.s.web.servlet.DispatcherServlet - Completed 200 OK
2026-03-30 18:52:56.258 [http-nio-8080-exec-8] DEBUG o.s.web.servlet.DispatcherServlet - GET "/v3/api-docs", parameters={}
2026-03-30 18:52:56.270 [http-nio-8080-exec-8] DEBUG o.s.w.s.m.m.a.RequestMappingHandlerMapping - Mapped to org.springdoc.webmvc.api.OpenApiWebMvcResource#openapiJson(HttpServletRequest, String, Locale)
2026-03-30 18:52:56.339 [http-nio-8080-exec-8] DEBUG o.s.w.s.m.m.a.RequestResponseBodyMethodProcessor - Using 'application/json', given [application/json, */*] and supported [application/json]
2026-03-30 18:52:56.351 [http-nio-8080-exec-8] DEBUG o.s.w.s.m.m.a.RequestResponseBodyMethodProcessor - Writing [{7b226f70656e617069223a22332e312e30222c22696e666f223a7b227469746c65223a224f70656e41504920646566696e6 (truncated)...]
2026-03-30 18:52:56.360 [http-nio-8080-exec-8] DEBUG o.s.web.servlet.DispatcherServlet - Completed 200 OK
2026-03-30 18:52:58.915 [http-nio-8080-exec-10] DEBUG o.s.web.servlet.DispatcherServlet - GET "/actuator/health", parameters={}
2026-03-30 18:52:59.055 [http-nio-8080-exec-10] DEBUG o.s.w.s.m.m.a.RequestResponseBodyMethodProcessor - Read "application/octet-stream" to []
2026-03-30 18:52:59.378 [http-nio-8080-exec-10] DEBUG o.s.w.s.m.m.a.HttpEntityMethodProcessor - Using 'application/vnd.spring-boot.actuator.v3+json', given [*/*] and supported [application/vnd.spring-boot.actuator.v3+json, application/vnd.spring-boot.actuator.v2+json, application/json]
2026-03-30 18:52:59.383 [http-nio-8080-exec-10] DEBUG o.s.w.s.m.m.a.HttpEntityMethodProcessor - Writing [org.springframework.boot.health.actuate.endpoint.SystemHealthDescriptor@11fa655d]
2026-03-30 18:52:59.444 [http-nio-8080-exec-10] DEBUG o.s.web.servlet.DispatcherServlet - Completed 200 OK
2026-03-30 15:53:06.776 [background-preinit] INFO  o.h.validator.internal.util.Version - HV000001: Hibernate Validator 9.0.1.Final
2026-03-30 15:53:06.927 [main] INFO  b.c.d.cartoes.CartoesApplication - Starting CartoesApplication using Java 21.0.7 with PID 37436 (C:\Users\jukia\OneDrive\Desktop\DesafioItau\cartoes\cartoes\target\classes started by jukia in C:\Users\jukia\OneDrive\Desktop\DesafioItau\cartoes\cartoes)
2026-03-30 15:53:06.928 [main] DEBUG b.c.d.cartoes.CartoesApplication - Running with Spring Boot v4.0.4, Spring v7.0.6
2026-03-30 15:53:06.931 [main] INFO  b.c.d.cartoes.CartoesApplication - No active profile set, falling back to 1 default profile: "default"
2026-03-30 15:53:10.664 [main] INFO  o.s.d.r.c.RepositoryConfigurationDelegate - Bootstrapping Spring Data JPA repositories in DEFAULT mode.
2026-03-30 15:53:10.984 [main] INFO  o.s.d.r.c.RepositoryConfigurationDelegate - Finished Spring Data repository scanning in 287 ms. Found 2 JPA repository interfaces.
2026-03-30 15:53:14.718 [main] INFO  o.s.boot.tomcat.TomcatWebServer - Tomcat initialized with port 8080 (http)
2026-03-30 15:53:14.754 [main] INFO  o.a.coyote.http11.Http11NioProtocol - Initializing ProtocolHandler ["http-nio-8080"]
2026-03-30 15:53:14.760 [main] INFO  o.a.catalina.core.StandardService - Starting service [Tomcat]
2026-03-30 15:53:14.761 [main] INFO  o.a.catalina.core.StandardEngine - Starting Servlet engine: [Apache Tomcat/11.0.18]
2026-03-30 15:53:15.115 [main] INFO  o.s.b.w.c.s.WebApplicationContextInitializer - Root WebApplicationContext: initialization completed in 8056 ms
2026-03-30 15:53:15.972 [main] DEBUG o.s.w.f.ServerHttpObservationFilter - Filter 'webMvcObservationFilter' configured for use
2026-03-30 15:53:16.438 [main] INFO  org.hibernate.orm.jpa - HHH008540: Processing PersistenceUnitInfo [name: default]
2026-03-30 15:53:16.725 [main] INFO  org.hibernate.orm.core - HHH000001: Hibernate ORM core version 7.2.7.Final
2026-03-30 18:53:39.497 [http-nio-8080-exec-2] DEBUG o.s.web.servlet.DispatcherServlet - GET "/actuator/health", parameters={}
2026-03-30 18:53:39.922 [http-nio-8080-exec-2] DEBUG o.s.w.s.m.m.a.RequestResponseBodyMethodProcessor - Read "application/octet-stream" to []
2026-03-30 18:53:40.267 [http-nio-8080-exec-2] DEBUG o.s.w.s.m.m.a.HttpEntityMethodProcessor - Using 'application/vnd.spring-boot.actuator.v3+json', given [*/*] and supported [application/vnd.spring-boot.actuator.v3+json, application/vnd.spring-boot.actuator.v2+json, application/json]
2026-03-30 18:53:40.287 [http-nio-8080-exec-2] DEBUG o.s.w.s.m.m.a.HttpEntityMethodProcessor - Writing [org.springframework.boot.health.actuate.endpoint.SystemHealthDescriptor@46df60dc]
2026-03-30 18:53:40.450 [http-nio-8080-exec-2] DEBUG o.s.web.servlet.DispatcherServlet - Completed 200 OK
2026-03-30 18:54:13.426 [http-nio-8080-exec-4] DEBUG o.s.web.servlet.DispatcherServlet - GET "/actuator/health", parameters={}
2026-03-30 18:54:13.809 [http-nio-8080-exec-4] DEBUG o.s.w.s.m.m.a.RequestResponseBodyMethodProcessor - Read "application/octet-stream" to []
2026-03-30 18:54:14.236 [http-nio-8080-exec-4] DEBUG o.s.w.s.m.m.a.HttpEntityMethodProcessor - Using 'application/vnd.spring-boot.actuator.v3+json', given [*/*] and supported [application/vnd.spring-boot.actuator.v3+json, application/vnd.spring-boot.actuator.v2+json, application/json]
2026-03-30 18:54:14.286 [http-nio-8080-exec-4] DEBUG o.s.w.s.m.m.a.HttpEntityMethodProcessor - Writing [org.springframework.boot.health.actuate.endpoint.SystemHealthDescriptor@9eb9798]
2026-03-30 18:54:14.483 [http-nio-8080-exec-4] DEBUG o.s.web.servlet.DispatcherServlet - Completed 200 OK
2026-03-30 18:54:49.652 [http-nio-8080-exec-3] DEBUG o.s.web.servlet.DispatcherServlet - GET "/actuator/health", parameters={}
2026-03-30 18:54:50.411 [http-nio-8080-exec-3] DEBUG o.s.w.s.m.m.a.RequestResponseBodyMethodProcessor - Read "application/octet-stream" to []
2026-03-30 18:54:51.381 [http-nio-8080-exec-3] DEBUG o.s.w.s.m.m.a.HttpEntityMethodProcessor - Using 'application/vnd.spring-boot.actuator.v3+json', given [*/*] and supported [application/vnd.spring-boot.actuator.v3+json, application/vnd.spring-boot.actuator.v2+json, application/json]
2026-03-30 18:54:51.398 [http-nio-8080-exec-3] DEBUG o.s.w.s.m.m.a.HttpEntityMethodProcessor - Writing [org.springframework.boot.health.actuate.endpoint.SystemHealthDescriptor@28ba621]
2026-03-30 18:54:51.518 [http-nio-8080-exec-3] DEBUG o.s.web.servlet.DispatcherServlet - Completed 200 OK
2026-03-30 18:55:38.577 [http-nio-8080-exec-5] DEBUG o.s.web.servlet.DispatcherServlet - GET "/actuator/health", parameters={}
2026-03-30 18:55:38.767 [http-nio-8080-exec-5] DEBUG o.s.w.s.m.m.a.RequestResponseBodyMethodProcessor - Read "application/octet-stream" to []
2026-03-30 18:55:39.397 [http-nio-8080-exec-5] DEBUG o.s.w.s.m.m.a.HttpEntityMethodProcessor - Using 'application/vnd.spring-boot.actuator.v3+json', given [*/*] and supported [application/vnd.spring-boot.actuator.v3+json, application/vnd.spring-boot.actuator.v2+json, application/json]
2026-03-30 18:55:39.419 [http-nio-8080-exec-5] DEBUG o.s.w.s.m.m.a.HttpEntityMethodProcessor - Writing [org.springframework.boot.health.actuate.endpoint.SystemHealthDescriptor@3319c27]
2026-03-30 18:55:39.527 [http-nio-8080-exec-5] DEBUG o.s.web.servlet.DispatcherServlet - Completed 200 OK
2026-03-30 18:55:44.956 [http-nio-8080-exec-6] DEBUG o.s.web.servlet.DispatcherServlet - GET "/v3/api-docs", parameters={}
2026-03-30 18:55:44.986 [http-nio-8080-exec-6] DEBUG o.s.w.s.m.m.a.RequestMappingHandlerMapping - Mapped to org.springdoc.webmvc.api.OpenApiWebMvcResource#openapiJson(HttpServletRequest, String, Locale)
2026-03-30 18:55:45.773 [http-nio-8080-exec-6] DEBUG o.s.w.s.m.m.a.RequestResponseBodyMethodProcessor - Using 'application/json', given [*/*] and supported [application/json]
2026-03-30 18:55:45.879 [http-nio-8080-exec-6] DEBUG o.s.w.s.m.m.a.RequestResponseBodyMethodProcessor - Writing [{7b226f70656e617069223a22332e312e30222c22696e666f223a7b227469746c65223a224f70656e41504920646566696e6 (truncated)...]
2026-03-30 18:55:46.032 [http-nio-8080-exec-6] DEBUG o.s.web.servlet.DispatcherServlet - Completed 200 OK
2026-03-30 15:55:53.271 [background-preinit] INFO  o.h.validator.internal.util.Version - HV000001: Hibernate Validator 9.0.1.Final
2026-03-30 15:55:53.389 [main] INFO  b.c.d.cartoes.CartoesApplication - Starting CartoesApplication using Java 21.0.7 with PID 29396 (C:\Users\jukia\OneDrive\Desktop\DesafioItau\cartoes\cartoes\target\classes started by jukia in C:\Users\jukia\OneDrive\Desktop\DesafioItau\cartoes\cartoes)
2026-03-30 15:55:53.390 [main] DEBUG b.c.d.cartoes.CartoesApplication - Running with Spring Boot v4.0.4, Spring v7.0.6
2026-03-30 15:55:53.392 [main] INFO  b.c.d.cartoes.CartoesApplication - No active profile set, falling back to 1 default profile: "default"
2026-03-30 15:55:55.690 [main] INFO  o.s.d.r.c.RepositoryConfigurationDelegate - Bootstrapping Spring Data JPA repositories in DEFAULT mode.
2026-03-30 15:55:55.910 [main] INFO  o.s.d.r.c.RepositoryConfigurationDelegate - Finished Spring Data repository scanning in 194 ms. Found 2 JPA repository interfaces.
2026-03-30 15:55:57.578 [main] INFO  o.s.boot.tomcat.TomcatWebServer - Tomcat initialized with port 8080 (http)
2026-03-30 15:55:57.609 [main] INFO  o.a.coyote.http11.Http11NioProtocol - Initializing ProtocolHandler ["http-nio-8080"]
2026-03-30 15:55:57.615 [main] INFO  o.a.catalina.core.StandardService - Starting service [Tomcat]
2026-03-30 15:55:57.615 [main] INFO  o.a.catalina.core.StandardEngine - Starting Servlet engine: [Apache Tomcat/11.0.18]
2026-03-30 15:55:57.838 [main] INFO  o.s.b.w.c.s.WebApplicationContextInitializer - Root WebApplicationContext: initialization completed in 4354 ms
2026-03-30 15:55:58.227 [main] DEBUG o.s.w.f.ServerHttpObservationFilter - Filter 'webMvcObservationFilter' configured for use
2026-03-30 15:55:58.586 [main] INFO  org.hibernate.orm.jpa - HHH008540: Processing PersistenceUnitInfo [name: default]
2026-03-30 15:55:58.776 [main] INFO  org.hibernate.orm.core - HHH000001: Hibernate ORM core version 7.2.7.Final
2026-03-30 15:56:00.266 [main] INFO  o.s.o.j.p.SpringPersistenceUnitInfo - No LoadTimeWeaver setup: ignoring JPA class transformer
2026-03-30 15:56:00.377 [main] INFO  com.zaxxer.hikari.HikariDataSource - HikariPool-1 - Starting...
2026-03-30 15:56:01.003 [main] INFO  com.zaxxer.hikari.pool.HikariPool - HikariPool-1 - Added connection conn0: url=jdbc:h2:mem:cartoes user=SA
2026-03-30 15:56:01.008 [main] INFO  com.zaxxer.hikari.HikariDataSource - HikariPool-1 - Start completed.
2026-03-30 15:56:01.103 [main] WARN  org.hibernate.orm.deprecation - HHH90000025: H2Dialect does not need to be specified explicitly using 'hibernate.dialect' (remove the property setting and it will be selected by default)
2026-03-30 15:56:01.182 [main] INFO  o.hibernate.orm.connections.pooling - HHH10001005: Database info:
	Database JDBC URL [jdbc:h2:mem:cartoes]
	Database driver: H2 JDBC Driver
	Database dialect: H2Dialect
	Database version: 2.4.240
	Default catalog/schema: CARTOES/PUBLIC
	Autocommit mode: undefined/unknown
	Isolation level: READ_COMMITTED [default READ_COMMITTED]
	JDBC fetch size: 100
	Pool: DataSourceConnectionProvider
	Minimum pool size: undefined/unknown
	Maximum pool size: undefined/unknown
2026-03-30 18:56:17.020 [http-nio-8080-exec-7] DEBUG o.s.web.servlet.DispatcherServlet - GET "/actuator/health", parameters={}
2026-03-30 18:56:17.334 [http-nio-8080-exec-7] DEBUG o.s.w.s.m.m.a.RequestResponseBodyMethodProcessor - Read "application/octet-stream" to []
2026-03-30 18:56:17.638 [http-nio-8080-exec-7] DEBUG o.s.w.s.m.m.a.HttpEntityMethodProcessor - Using 'application/vnd.spring-boot.actuator.v3+json', given [*/*] and supported [application/vnd.spring-boot.actuator.v3+json, application/vnd.spring-boot.actuator.v2+json, application/json]
2026-03-30 18:56:17.653 [http-nio-8080-exec-7] DEBUG o.s.w.s.m.m.a.HttpEntityMethodProcessor - Writing [org.springframework.boot.health.actuate.endpoint.SystemHealthDescriptor@4f486dbb]
2026-03-30 18:56:17.747 [http-nio-8080-exec-7] DEBUG o.s.web.servlet.DispatcherServlet - Completed 200 OK
2026-03-30 18:56:36.866 [http-nio-8080-exec-8] DEBUG o.s.web.servlet.DispatcherServlet - GET "/swagger-ui/index.html", parameters={}
2026-03-30 18:56:37.193 [http-nio-8080-exec-8] DEBUG o.s.w.s.h.SimpleUrlHandlerMapping - Mapped to ResourceHttpRequestHandler [classpath [META-INF/resources/webjars/]]
2026-03-30 18:56:37.895 [http-nio-8080-exec-8] DEBUG o.s.web.servlet.DispatcherServlet - Completed 304 NOT_MODIFIED
2026-03-30 18:56:38.115 [http-nio-8080-exec-10] DEBUG o.s.web.servlet.DispatcherServlet - GET "/swagger-ui/swagger-initializer.js", parameters={}
2026-03-30 18:56:38.183 [http-nio-8080-exec-10] DEBUG o.s.w.s.h.SimpleUrlHandlerMapping - Mapped to ResourceHttpRequestHandler [classpath [META-INF/resources/webjars/]]
2026-03-30 18:56:38.917 [http-nio-8080-exec-10] DEBUG o.s.web.servlet.DispatcherServlet - Completed 200 OK
2026-03-30 18:56:39.077 [http-nio-8080-exec-2] DEBUG o.s.web.servlet.DispatcherServlet - GET "/v3/api-docs/swagger-config", parameters={}
2026-03-30 18:56:39.177 [http-nio-8080-exec-2] DEBUG o.s.w.s.m.m.a.RequestMappingHandlerMapping - Mapped to org.springdoc.webmvc.ui.SwaggerConfigResource#openapiJson(HttpServletRequest)
2026-03-30 18:56:39.347 [http-nio-8080-exec-2] DEBUG o.s.w.s.m.m.a.RequestResponseBodyMethodProcessor - Using 'application/json', given [*/*] and supported [application/json]
2026-03-30 18:56:39.654 [http-nio-8080-exec-2] DEBUG o.s.w.s.m.m.a.RequestResponseBodyMethodProcessor - Writing [{configUrl=/v3/api-docs/swagger-config, oauth2RedirectUrl=http://localhost:8080/swagger-ui/oauth2-re (truncated)...]
2026-03-30 18:56:40.198 [http-nio-8080-exec-2] DEBUG o.s.web.servlet.DispatcherServlet - Completed 200 OK
2026-03-30 18:56:41.074 [http-nio-8080-exec-1] DEBUG o.s.web.servlet.DispatcherServlet - GET "/v3/api-docs", parameters={}
2026-03-30 18:56:41.146 [http-nio-8080-exec-1] DEBUG o.s.w.s.m.m.a.RequestMappingHandlerMapping - Mapped to org.springdoc.webmvc.api.OpenApiWebMvcResource#openapiJson(HttpServletRequest, String, Locale)
2026-03-30 18:56:41.772 [http-nio-8080-exec-1] DEBUG o.s.w.s.m.m.a.RequestResponseBodyMethodProcessor - Using 'application/json', given [application/json, */*] and supported [application/json]
2026-03-30 18:56:41.817 [http-nio-8080-exec-1] DEBUG o.s.w.s.m.m.a.RequestResponseBodyMethodProcessor - Writing [{7b226f70656e617069223a22332e312e30222c22696e666f223a7b227469746c65223a224f70656e41504920646566696e6 (truncated)...]
2026-03-30 18:56:41.839 [http-nio-8080-exec-1] DEBUG o.s.web.servlet.DispatcherServlet - Completed 200 OK
2026-03-30 18:56:56.289 [http-nio-8080-exec-9] DEBUG o.s.web.servlet.DispatcherServlet - GET "/actuator/health", parameters={}
2026-03-30 18:56:56.319 [http-nio-8080-exec-9] DEBUG o.s.w.s.m.m.a.RequestResponseBodyMethodProcessor - Read "application/octet-stream" to []
2026-03-30 18:56:56.545 [http-nio-8080-exec-9] DEBUG o.s.w.s.m.m.a.HttpEntityMethodProcessor - Using 'application/vnd.spring-boot.actuator.v3+json', given [*/*] and supported [application/vnd.spring-boot.actuator.v3+json, application/vnd.spring-boot.actuator.v2+json, application/json]
2026-03-30 18:56:56.652 [http-nio-8080-exec-9] DEBUG o.s.w.s.m.m.a.HttpEntityMethodProcessor - Writing [org.springframework.boot.health.actuate.endpoint.SystemHealthDescriptor@6e3d2605]
2026-03-30 18:56:56.714 [http-nio-8080-exec-9] DEBUG o.s.web.servlet.DispatcherServlet - Completed 200 OK
2026-03-30 18:57:33.950 [http-nio-8080-exec-4] DEBUG o.s.web.servlet.DispatcherServlet - GET "/v3/api-docs", parameters={}
2026-03-30 18:57:34.009 [http-nio-8080-exec-3] DEBUG o.s.web.servlet.DispatcherServlet - GET "/actuator/health", parameters={}
2026-03-30 18:57:34.355 [http-nio-8080-exec-4] DEBUG o.s.w.s.m.m.a.RequestMappingHandlerMapping - Mapped to org.springdoc.webmvc.api.OpenApiWebMvcResource#openapiJson(HttpServletRequest, String, Locale)
2026-03-30 18:57:34.362 [http-nio-8080-exec-3] DEBUG o.s.w.s.m.m.a.RequestResponseBodyMethodProcessor - Read "application/octet-stream" to []
2026-03-30 18:57:34.865 [http-nio-8080-exec-3] DEBUG o.s.w.s.m.m.a.HttpEntityMethodProcessor - Using 'application/vnd.spring-boot.actuator.v3+json', given [*/*] and supported [application/vnd.spring-boot.actuator.v3+json, application/vnd.spring-boot.actuator.v2+json, application/json]
2026-03-30 18:57:34.912 [http-nio-8080-exec-3] DEBUG o.s.w.s.m.m.a.HttpEntityMethodProcessor - Writing [org.springframework.boot.health.actuate.endpoint.SystemHealthDescriptor@1fb48f22]
2026-03-30 18:57:35.107 [http-nio-8080-exec-3] DEBUG o.s.web.servlet.DispatcherServlet - Completed 200 OK
2026-03-30 18:57:35.511 [http-nio-8080-exec-4] DEBUG o.s.w.s.m.m.a.RequestResponseBodyMethodProcessor - Using 'application/json', given [*/*] and supported [application/json]
2026-03-30 18:57:35.519 [http-nio-8080-exec-4] DEBUG o.s.w.s.m.m.a.RequestResponseBodyMethodProcessor - Writing [{7b226f70656e617069223a22332e312e30222c22696e666f223a7b227469746c65223a224f70656e41504920646566696e6 (truncated)...]
2026-03-30 18:57:35.581 [http-nio-8080-exec-4] DEBUG o.s.web.servlet.DispatcherServlet - Completed 200 OK
2026-03-30 15:57:37.113 [background-preinit] INFO  o.h.validator.internal.util.Version - HV000001: Hibernate Validator 9.0.1.Final
2026-03-30 15:57:37.269 [main] INFO  b.c.d.cartoes.CartoesApplication - Starting CartoesApplication using Java 21.0.7 with PID 37880 (C:\Users\jukia\OneDrive\Desktop\DesafioItau\cartoes\cartoes\target\classes started by jukia in C:\Users\jukia\OneDrive\Desktop\DesafioItau\cartoes\cartoes)
2026-03-30 15:57:37.271 [main] DEBUG b.c.d.cartoes.CartoesApplication - Running with Spring Boot v4.0.4, Spring v7.0.6
2026-03-30 15:57:37.274 [main] INFO  b.c.d.cartoes.CartoesApplication - No active profile set, falling back to 1 default profile: "default"
2026-03-30 15:57:43.250 [main] INFO  o.s.d.r.c.RepositoryConfigurationDelegate - Bootstrapping Spring Data JPA repositories in DEFAULT mode.
2026-03-30 15:57:43.473 [main] INFO  o.s.d.r.c.RepositoryConfigurationDelegate - Finished Spring Data repository scanning in 197 ms. Found 2 JPA repository interfaces.
2026-03-30 15:57:45.451 [main] INFO  o.s.boot.tomcat.TomcatWebServer - Tomcat initialized with port 8080 (http)
2026-03-30 15:57:45.514 [main] INFO  o.a.coyote.http11.Http11NioProtocol - Initializing ProtocolHandler ["http-nio-8080"]
2026-03-30 15:57:45.523 [main] INFO  o.a.catalina.core.StandardService - Starting service [Tomcat]
2026-03-30 15:57:45.524 [main] INFO  o.a.catalina.core.StandardEngine - Starting Servlet engine: [Apache Tomcat/11.0.18]
2026-03-30 15:57:45.791 [main] INFO  o.s.b.w.c.s.WebApplicationContextInitializer - Root WebApplicationContext: initialization completed in 8392 ms
2026-03-30 15:57:46.378 [main] DEBUG o.s.w.f.ServerHttpObservationFilter - Filter 'webMvcObservationFilter' configured for use
2026-03-30 15:57:46.820 [main] INFO  org.hibernate.orm.jpa - HHH008540: Processing PersistenceUnitInfo [name: default]
2026-03-30 15:57:47.089 [main] INFO  org.hibernate.orm.core - HHH000001: Hibernate ORM core version 7.2.7.Final
2026-03-30 18:58:14.648 [http-nio-8080-exec-7] DEBUG o.s.web.servlet.DispatcherServlet - GET "/actuator/health", parameters={}
2026-03-30 18:58:14.886 [http-nio-8080-exec-7] DEBUG o.s.w.s.m.m.a.RequestResponseBodyMethodProcessor - Read "application/octet-stream" to []
2026-03-30 18:58:15.363 [http-nio-8080-exec-7] DEBUG o.s.w.s.m.m.a.HttpEntityMethodProcessor - Using 'application/vnd.spring-boot.actuator.v3+json', given [*/*] and supported [application/vnd.spring-boot.actuator.v3+json, application/vnd.spring-boot.actuator.v2+json, application/json]
2026-03-30 18:58:15.401 [http-nio-8080-exec-7] DEBUG o.s.w.s.m.m.a.HttpEntityMethodProcessor - Writing [org.springframework.boot.health.actuate.endpoint.SystemHealthDescriptor@11b4e6c8]
2026-03-30 18:58:15.563 [http-nio-8080-exec-7] DEBUG o.s.web.servlet.DispatcherServlet - Completed 200 OK
2026-03-30 18:58:47.484 [http-nio-8080-exec-8] DEBUG o.s.web.servlet.DispatcherServlet - GET "/actuator/health", parameters={}
2026-03-30 18:58:47.652 [http-nio-8080-exec-8] DEBUG o.s.w.s.m.m.a.RequestResponseBodyMethodProcessor - Read "application/octet-stream" to []
2026-03-30 18:58:47.868 [http-nio-8080-exec-8] DEBUG o.s.w.s.m.m.a.HttpEntityMethodProcessor - Using 'application/vnd.spring-boot.actuator.v3+json', given [*/*] and supported [application/vnd.spring-boot.actuator.v3+json, application/vnd.spring-boot.actuator.v2+json, application/json]
2026-03-30 18:58:47.885 [http-nio-8080-exec-8] DEBUG o.s.w.s.m.m.a.HttpEntityMethodProcessor - Writing [org.springframework.boot.health.actuate.endpoint.SystemHealthDescriptor@2b6152e3]
2026-03-30 18:58:47.971 [http-nio-8080-exec-8] DEBUG o.s.web.servlet.DispatcherServlet - Completed 200 OK
2026-03-30 18:59:19.669 [http-nio-8080-exec-10] DEBUG o.s.web.servlet.DispatcherServlet - GET "/actuator/health", parameters={}
2026-03-30 18:59:19.912 [http-nio-8080-exec-10] DEBUG o.s.w.s.m.m.a.RequestResponseBodyMethodProcessor - Read "application/octet-stream" to []
2026-03-30 18:59:20.230 [http-nio-8080-exec-10] DEBUG o.s.w.s.m.m.a.HttpEntityMethodProcessor - Using 'application/vnd.spring-boot.actuator.v3+json', given [*/*] and supported [application/vnd.spring-boot.actuator.v3+json, application/vnd.spring-boot.actuator.v2+json, application/json]
2026-03-30 18:59:20.331 [http-nio-8080-exec-10] DEBUG o.s.w.s.m.m.a.HttpEntityMethodProcessor - Writing [org.springframework.boot.health.actuate.endpoint.SystemHealthDescriptor@1bd5b48a]
2026-03-30 18:59:20.620 [http-nio-8080-exec-10] DEBUG o.s.web.servlet.DispatcherServlet - Completed 200 OK
2026-03-30 18:59:43.957 [http-nio-8080-exec-2] DEBUG o.s.web.servlet.DispatcherServlet - GET "/v3/api-docs", parameters={}
2026-03-30 18:59:44.208 [http-nio-8080-exec-2] DEBUG o.s.w.s.m.m.a.RequestMappingHandlerMapping - Mapped to org.springdoc.webmvc.api.OpenApiWebMvcResource#openapiJson(HttpServletRequest, String, Locale)
2026-03-30 18:59:46.958 [http-nio-8080-exec-1] DEBUG o.s.web.servlet.DispatcherServlet - GET "/swagger-ui/index.html", parameters={}
2026-03-30 15:59:47.173 [background-preinit] INFO  o.h.validator.internal.util.Version - HV000001: Hibernate Validator 9.0.1.Final
2026-03-30 18:59:47.198 [http-nio-8080-exec-1] DEBUG o.s.w.s.h.SimpleUrlHandlerMapping - Mapped to ResourceHttpRequestHandler [classpath [META-INF/resources/webjars/]]
2026-03-30 15:59:47.542 [main] INFO  b.c.d.cartoes.CartoesApplication - Starting CartoesApplication using Java 21.0.7 with PID 39924 (C:\Users\jukia\OneDrive\Desktop\DesafioItau\cartoes\cartoes\target\classes started by jukia in C:\Users\jukia\OneDrive\Desktop\DesafioItau\cartoes\cartoes)
2026-03-30 15:59:47.545 [main] DEBUG b.c.d.cartoes.CartoesApplication - Running with Spring Boot v4.0.4, Spring v7.0.6
2026-03-30 15:59:47.548 [main] INFO  b.c.d.cartoes.CartoesApplication - No active profile set, falling back to 1 default profile: "default"
2026-03-30 18:59:51.907 [http-nio-8080-exec-1] DEBUG o.s.web.servlet.DispatcherServlet - Completed 304 NOT_MODIFIED
2026-03-30 18:59:53.762 [http-nio-8080-exec-2] DEBUG o.s.w.s.m.m.a.RequestResponseBodyMethodProcessor - Using 'application/json', given [*/*] and supported [application/json]
2026-03-30 18:59:53.876 [http-nio-8080-exec-2] DEBUG o.s.w.s.m.m.a.RequestResponseBodyMethodProcessor - Writing [{7b226f70656e617069223a22332e312e30222c22696e666f223a7b227469746c65223a224f70656e41504920646566696e6 (truncated)...]
2026-03-30 18:59:53.945 [http-nio-8080-exec-2] DEBUG o.s.web.servlet.DispatcherServlet - Completed 200 OK
2026-03-30 18:59:54.207 [http-nio-8080-exec-3] DEBUG o.s.web.servlet.DispatcherServlet - GET "/swagger-ui/swagger-initializer.js", parameters={}
2026-03-30 18:59:54.280 [http-nio-8080-exec-3] DEBUG o.s.w.s.h.SimpleUrlHandlerMapping - Mapped to ResourceHttpRequestHandler [classpath [META-INF/resources/webjars/]]
2026-03-30 18:59:54.703 [http-nio-8080-exec-3] DEBUG o.s.web.servlet.DispatcherServlet - Completed 200 OK
2026-03-30 18:59:54.954 [http-nio-8080-exec-4] DEBUG o.s.web.servlet.DispatcherServlet - GET "/v3/api-docs/swagger-config", parameters={}
2026-03-30 18:59:55.262 [http-nio-8080-exec-4] DEBUG o.s.w.s.m.m.a.RequestMappingHandlerMapping - Mapped to org.springdoc.webmvc.ui.SwaggerConfigResource#openapiJson(HttpServletRequest)
2026-03-30 18:59:55.504 [http-nio-8080-exec-4] DEBUG o.s.w.s.m.m.a.RequestResponseBodyMethodProcessor - Using 'application/json', given [*/*] and supported [application/json]
2026-03-30 18:59:55.608 [http-nio-8080-exec-4] DEBUG o.s.w.s.m.m.a.RequestResponseBodyMethodProcessor - Writing [{configUrl=/v3/api-docs/swagger-config, oauth2RedirectUrl=http://localhost:8080/swagger-ui/oauth2-re (truncated)...]
2026-03-30 18:59:55.750 [http-nio-8080-exec-4] DEBUG o.s.web.servlet.DispatcherServlet - Completed 200 OK
2026-03-30 18:59:56.992 [http-nio-8080-exec-5] DEBUG o.s.web.servlet.DispatcherServlet - GET "/v3/api-docs", parameters={}
2026-03-30 18:59:57.551 [http-nio-8080-exec-5] DEBUG o.s.w.s.m.m.a.RequestMappingHandlerMapping - Mapped to org.springdoc.webmvc.api.OpenApiWebMvcResource#openapiJson(HttpServletRequest, String, Locale)
2026-03-30 18:59:58.137 [http-nio-8080-exec-5] DEBUG o.s.w.s.m.m.a.RequestResponseBodyMethodProcessor - Using 'application/json', given [application/json, */*] and supported [application/json]
2026-03-30 18:59:58.335 [http-nio-8080-exec-5] DEBUG o.s.w.s.m.m.a.RequestResponseBodyMethodProcessor - Writing [{7b226f70656e617069223a22332e312e30222c22696e666f223a7b227469746c65223a224f70656e41504920646566696e6 (truncated)...]
2026-03-30 18:59:58.374 [http-nio-8080-exec-5] DEBUG o.s.web.servlet.DispatcherServlet - Completed 200 OK
2026-03-30 16:00:05.847 [main] INFO  o.s.d.r.c.RepositoryConfigurationDelegate - Bootstrapping Spring Data JPA repositories in DEFAULT mode.
2026-03-30 16:00:07.576 [main] INFO  o.s.d.r.c.RepositoryConfigurationDelegate - Finished Spring Data repository scanning in 1553 ms. Found 2 JPA repository interfaces.
2026-03-30 16:00:25.741 [main] INFO  o.s.boot.tomcat.TomcatWebServer - Tomcat initialized with port 8080 (http)
2026-03-30 16:00:26.014 [main] INFO  o.a.coyote.http11.Http11NioProtocol - Initializing ProtocolHandler ["http-nio-8080"]
2026-03-30 16:00:26.063 [main] INFO  o.a.catalina.core.StandardService - Starting service [Tomcat]
2026-03-30 16:00:26.068 [main] INFO  o.a.catalina.core.StandardEngine - Starting Servlet engine: [Apache Tomcat/11.0.18]
2026-03-30 16:00:29.173 [main] INFO  o.s.b.w.c.s.WebApplicationContextInitializer - Root WebApplicationContext: initialization completed in 40752 ms
2026-03-30 16:00:32.210 [main] DEBUG o.s.w.f.ServerHttpObservationFilter - Filter 'webMvcObservationFilter' configured for use
2026-03-30 16:00:40.298 [main] INFO  org.hibernate.orm.jpa - HHH008540: Processing PersistenceUnitInfo [name: default]
2026-03-30 16:00:44.475 [main] INFO  org.hibernate.orm.core - HHH000001: Hibernate ORM core version 7.2.7.Final
2026-03-30 16:00:50.224 [main] INFO  o.s.o.j.p.SpringPersistenceUnitInfo - No LoadTimeWeaver setup: ignoring JPA class transformer
2026-03-30 16:00:50.351 [main] INFO  com.zaxxer.hikari.HikariDataSource - HikariPool-1 - Starting...
2026-03-30 16:00:50.993 [main] INFO  com.zaxxer.hikari.pool.HikariPool - HikariPool-1 - Added connection conn0: url=jdbc:h2:mem:cartoes user=SA
2026-03-30 16:00:50.997 [main] INFO  com.zaxxer.hikari.HikariDataSource - HikariPool-1 - Start completed.
2026-03-30 16:00:51.084 [main] WARN  org.hibernate.orm.deprecation - HHH90000025: H2Dialect does not need to be specified explicitly using 'hibernate.dialect' (remove the property setting and it will be selected by default)
2026-03-30 16:00:51.168 [main] INFO  o.hibernate.orm.connections.pooling - HHH10001005: Database info:
	Database JDBC URL [jdbc:h2:mem:cartoes]
	Database driver: H2 JDBC Driver
	Database dialect: H2Dialect
	Database version: 2.4.240
	Default catalog/schema: CARTOES/PUBLIC
	Autocommit mode: undefined/unknown
	Isolation level: READ_COMMITTED [default READ_COMMITTED]
	JDBC fetch size: 100
	Pool: DataSourceConnectionProvider
	Minimum pool size: undefined/unknown
	Maximum pool size: undefined/unknown
2026-03-30 19:00:50.176 [http-nio-8080-exec-6] DEBUG o.s.web.servlet.DispatcherServlet - GET "/actuator/health", parameters={}
2026-03-30 19:00:59.036 [http-nio-8080-exec-6] DEBUG o.s.w.s.m.m.a.RequestResponseBodyMethodProcessor - Read "application/octet-stream" to []
2026-03-30 16:01:00.356 [main] INFO  org.hibernate.orm.core - HHH000489: No JTA platform available (set 'hibernate.transaction.jta.platform' to enable JTA platform integration)
2026-03-30 16:01:00.606 [main] INFO  o.s.o.j.LocalContainerEntityManagerFactoryBean - Initialized JPA EntityManagerFactory for persistence unit 'default'
2026-03-30 16:01:01.072 [main] INFO  o.s.d.j.r.q.QueryEnhancerFactories - Hibernate is in classpath; If applicable, HQL parser will be used.
2026-03-30 19:01:00.799 [http-nio-8080-exec-10] DEBUG o.s.web.servlet.DispatcherServlet - GET "/actuator/health", parameters={}
2026-03-30 19:01:01.005 [http-nio-8080-exec-10] DEBUG o.s.w.s.m.m.a.RequestResponseBodyMethodProcessor - Read "application/octet-stream" to []
2026-03-30 19:01:01.203 [http-nio-8080-exec-6] DEBUG o.s.w.s.m.m.a.HttpEntityMethodProcessor - Using 'application/vnd.spring-boot.actuator.v3+json', given [*/*] and supported [application/vnd.spring-boot.actuator.v3+json, application/vnd.spring-boot.actuator.v2+json, application/json]
2026-03-30 19:01:01.205 [http-nio-8080-exec-10] DEBUG o.s.w.s.m.m.a.HttpEntityMethodProcessor - Using 'application/vnd.spring-boot.actuator.v3+json', given [*/*] and supported [application/vnd.spring-boot.actuator.v3+json, application/vnd.spring-boot.actuator.v2+json, application/json]
2026-03-30 19:01:01.281 [http-nio-8080-exec-6] DEBUG o.s.w.s.m.m.a.HttpEntityMethodProcessor - Writing [org.springframework.boot.health.actuate.endpoint.SystemHealthDescriptor@5d2300c2]
2026-03-30 19:01:01.287 [http-nio-8080-exec-10] DEBUG o.s.w.s.m.m.a.HttpEntityMethodProcessor - Writing [org.springframework.boot.health.actuate.endpoint.SystemHealthDescriptor@72c448f7]
2026-03-30 19:01:01.559 [http-nio-8080-exec-6] DEBUG o.s.web.servlet.DispatcherServlet - Completed 200 OK
2026-03-30 19:01:01.561 [http-nio-8080-exec-10] DEBUG o.s.web.servlet.DispatcherServlet - Completed 200 OK
2026-03-30 16:01:02.771 [main] WARN  o.s.b.j.a.JpaBaseConfiguration$JpaWebConfiguration - spring.jpa.open-in-view is enabled by default. Therefore, database queries may be performed during view rendering. Explicitly configure spring.jpa.open-in-view to disable this warning
2026-03-30 16:01:03.268 [main] DEBUG o.s.w.s.m.m.a.RequestMappingHandlerMapping - 7 mappings in 'requestMappingHandlerMapping'
2026-03-30 16:01:03.349 [main] DEBUG o.s.w.s.h.SimpleUrlHandlerMapping - Patterns [/webjars/**, /**, /swagger-ui*/*swagger-initializer.js, /swagger-ui*/**] in 'resourceHandlerMapping'
2026-03-30 16:01:03.436 [main] DEBUG o.s.w.s.m.m.a.RequestMappingHandlerAdapter - ControllerAdvice beans: 0 @ModelAttribute, 0 @InitBinder, 2 RequestBodyAdvice, 1 ResponseBodyAdvice
2026-03-30 16:01:03.571 [main] DEBUG o.s.w.s.m.m.a.ExceptionHandlerExceptionResolver - ControllerAdvice beans: 2 @ExceptionHandler, 1 ResponseBodyAdvice
2026-03-30 16:01:04.130 [main] INFO  o.s.b.h.a.H2ConsoleAutoConfiguration - H2 console available at '/h2-console'. Database available at 'jdbc:h2:mem:cartoes'
2026-03-30 16:01:04.376 [main] INFO  o.s.b.a.e.web.EndpointLinksResolver - Exposing 1 endpoint beneath base path '/actuator'
2026-03-30 16:01:04.547 [main] INFO  o.a.coyote.http11.Http11NioProtocol - Starting ProtocolHandler ["http-nio-8080"]
2026-03-30 16:01:04.601 [main] WARN  o.s.b.w.s.s.c.AnnotationConfigServletWebServerApplicationContext - Exception encountered during context initialization - cancelling refresh attempt: org.springframework.context.ApplicationContextException: Failed to start bean 'webServerStartStop'
2026-03-30 16:01:04.607 [main] INFO  o.s.o.j.LocalContainerEntityManagerFactoryBean - Closing JPA EntityManagerFactory for persistence unit 'default'
2026-03-30 16:01:04.623 [main] INFO  com.zaxxer.hikari.HikariDataSource - HikariPool-1 - Shutdown initiated...
2026-03-30 16:01:04.635 [main] INFO  com.zaxxer.hikari.HikariDataSource - HikariPool-1 - Shutdown completed.
2026-03-30 16:01:04.668 [main] INFO  o.s.b.a.l.ConditionEvaluationReportLogger - 

Error starting ApplicationContext. To display the condition evaluation report re-run your application with 'debug' enabled.
2026-03-30 16:01:04.715 [main] ERROR o.s.b.d.LoggingFailureAnalysisReporter - 

***************************
APPLICATION FAILED TO START
***************************

Description:

Web server failed to start. Port 8080 was already in use.

Action:

Identify and stop the process that's listening on port 8080 or configure this application to listen on another port.

2026-03-30 19:01:19.716 [http-nio-8080-exec-1] DEBUG o.s.web.servlet.DispatcherServlet - GET "/v3/api-docs", parameters={}
2026-03-30 19:01:19.742 [http-nio-8080-exec-1] DEBUG o.s.w.s.m.m.a.RequestMappingHandlerMapping - Mapped to org.springdoc.webmvc.api.OpenApiWebMvcResource#openapiJson(HttpServletRequest, String, Locale)
2026-03-30 19:01:20.231 [http-nio-8080-exec-1] DEBUG o.s.w.s.m.m.a.RequestResponseBodyMethodProcessor - Using 'application/json', given [*/*] and supported [application/json]
2026-03-30 19:01:20.252 [http-nio-8080-exec-1] DEBUG o.s.w.s.m.m.a.RequestResponseBodyMethodProcessor - Writing [{7b226f70656e617069223a22332e312e30222c22696e666f223a7b227469746c65223a224f70656e41504920646566696e6 (truncated)...]
2026-03-30 19:01:20.295 [http-nio-8080-exec-1] DEBUG o.s.web.servlet.DispatcherServlet - Completed 200 OK
2026-03-30 19:01:32.975 [http-nio-8080-exec-2] DEBUG o.s.web.servlet.DispatcherServlet - GET "/actuator/health", parameters={}
2026-03-30 19:01:32.991 [http-nio-8080-exec-2] DEBUG o.s.w.s.m.m.a.RequestResponseBodyMethodProcessor - Read "application/octet-stream" to []
2026-03-30 19:01:33.034 [http-nio-8080-exec-2] DEBUG o.s.w.s.m.m.a.HttpEntityMethodProcessor - Using 'application/vnd.spring-boot.actuator.v3+json', given [*/*] and supported [application/vnd.spring-boot.actuator.v3+json, application/vnd.spring-boot.actuator.v2+json, application/json]
2026-03-30 19:01:33.043 [http-nio-8080-exec-2] DEBUG o.s.w.s.m.m.a.HttpEntityMethodProcessor - Writing [org.springframework.boot.health.actuate.endpoint.SystemHealthDescriptor@6c3e72c2]
2026-03-30 19:01:33.116 [http-nio-8080-exec-2] DEBUG o.s.web.servlet.DispatcherServlet - Completed 200 OK
2026-03-30 19:02:10.068 [http-nio-8080-exec-9] DEBUG o.s.web.servlet.DispatcherServlet - GET "/actuator/health", parameters={}
2026-03-30 19:02:10.389 [http-nio-8080-exec-9] DEBUG o.s.w.s.m.m.a.RequestResponseBodyMethodProcessor - Read "application/octet-stream" to []
2026-03-30 19:02:10.769 [http-nio-8080-exec-9] DEBUG o.s.w.s.m.m.a.HttpEntityMethodProcessor - Using 'application/vnd.spring-boot.actuator.v3+json', given [*/*] and supported [application/vnd.spring-boot.actuator.v3+json, application/vnd.spring-boot.actuator.v2+json, application/json]
2026-03-30 19:02:10.860 [http-nio-8080-exec-9] DEBUG o.s.w.s.m.m.a.HttpEntityMethodProcessor - Writing [org.springframework.boot.health.actuate.endpoint.SystemHealthDescriptor@50525e40]
2026-03-30 19:02:11.082 [http-nio-8080-exec-9] DEBUG o.s.web.servlet.DispatcherServlet - Completed 200 OK
2026-03-30 19:02:17.054 [http-nio-8080-exec-3] DEBUG o.s.web.servlet.DispatcherServlet - GET "/actuator/beans", parameters={}
2026-03-30 19:02:17.267 [http-nio-8080-exec-3] DEBUG o.s.w.s.h.SimpleUrlHandlerMapping - Mapped to ResourceHttpRequestHandler [classpath [META-INF/resources/], classpath [resources/], classpath [static/], classpath [public/], ServletContext [/]]
2026-03-30 19:02:17.872 [http-nio-8080-exec-3] DEBUG o.s.w.s.r.ResourceHttpRequestHandler - Resource not found
2026-03-30 19:02:18.003 [http-nio-8080-exec-3] DEBUG o.s.w.s.m.m.a.ExceptionHandlerExceptionResolver - Using @ExceptionHandler br.com.desafio.cartoes.exception.GlobalExceptionHandler#handleGeneralException(Exception)
2026-03-30 19:02:18.028 [http-nio-8080-exec-3] ERROR b.c.d.c.e.GlobalExceptionHandler - Erro inesperado na aplicação
org.springframework.web.servlet.resource.NoResourceFoundException: No static resource actuator/beans for request '/actuator/beans'.
	at org.springframework.web.servlet.resource.ResourceHttpRequestHandler.handleRequest(ResourceHttpRequestHandler.java:527)
	at org.springframework.web.servlet.mvc.HttpRequestHandlerAdapter.handle(HttpRequestHandlerAdapter.java:50)
	at org.springframework.web.servlet.DispatcherServlet.doDispatch(DispatcherServlet.java:963)
	at org.springframework.web.servlet.DispatcherServlet.doService(DispatcherServlet.java:866)
	at org.springframework.web.servlet.FrameworkServlet.processRequest(FrameworkServlet.java:1000)
	at org.springframework.web.servlet.FrameworkServlet.doGet(FrameworkServlet.java:892)
	at jakarta.servlet.http.HttpServlet.service(HttpServlet.java:633)
	at org.springframework.web.servlet.FrameworkServlet.service(FrameworkServlet.java:874)
	at jakarta.servlet.http.HttpServlet.service(HttpServlet.java:723)
	at org.apache.catalina.core.ApplicationFilterChain.doFilter(ApplicationFilterChain.java:128)
	at org.apache.tomcat.websocket.server.WsFilter.doFilter(WsFilter.java:53)
	at org.apache.catalina.core.ApplicationFilterChain.doFilter(ApplicationFilterChain.java:107)
	at org.springframework.web.filter.RequestContextFilter.doFilterInternal(RequestContextFilter.java:100)
	at org.springframework.web.filter.OncePerRequestFilter.doFilter(OncePerRequestFilter.java:116)
	at org.apache.catalina.core.ApplicationFilterChain.doFilter(ApplicationFilterChain.java:107)
	at org.springframework.web.filter.FormContentFilter.doFilterInternal(FormContentFilter.java:93)
	at org.springframework.web.filter.OncePerRequestFilter.doFilter(OncePerRequestFilter.java:116)
	at org.apache.catalina.core.ApplicationFilterChain.doFilter(ApplicationFilterChain.java:107)
	at org.springframework.web.filter.ServerHttpObservationFilter.doFilterInternal(ServerHttpObservationFilter.java:110)
	at org.springframework.web.filter.OncePerRequestFilter.doFilter(OncePerRequestFilter.java:116)
	at org.apache.catalina.core.ApplicationFilterChain.doFilter(ApplicationFilterChain.java:107)
	at org.springframework.web.filter.CharacterEncodingFilter.doFilterInternal(CharacterEncodingFilter.java:199)
	at org.springframework.web.filter.OncePerRequestFilter.doFilter(OncePerRequestFilter.java:116)
	at org.apache.catalina.core.ApplicationFilterChain.doFilter(ApplicationFilterChain.java:107)
	at org.apache.catalina.core.StandardWrapperValve.invoke(StandardWrapperValve.java:165)
	at org.apache.catalina.core.StandardContextValve.invoke(StandardContextValve.java:77)
	at org.apache.catalina.authenticator.AuthenticatorBase.invoke(AuthenticatorBase.java:492)
	at org.apache.catalina.core.StandardHostValve.invoke(StandardHostValve.java:113)
	at org.apache.catalina.valves.ErrorReportValve.invoke(ErrorReportValve.java:83)
	at org.apache.catalina.core.StandardEngineValve.invoke(StandardEngineValve.java:72)
	at org.apache.catalina.connector.CoyoteAdapter.service(CoyoteAdapter.java:341)
	at org.apache.coyote.http11.Http11Processor.service(Http11Processor.java:397)
	at org.apache.coyote.AbstractProcessorLight.process(AbstractProcessorLight.java:63)
	at org.apache.coyote.AbstractProtocol$ConnectionHandler.process(AbstractProtocol.java:903)
	at org.apache.tomcat.util.net.NioEndpoint$SocketProcessor.doRun(NioEndpoint.java:1779)
	at org.apache.tomcat.util.net.SocketProcessorBase.run(SocketProcessorBase.java:52)
	at org.apache.tomcat.util.threads.ThreadPoolExecutor.runWorker(ThreadPoolExecutor.java:946)
	at org.apache.tomcat.util.threads.ThreadPoolExecutor$Worker.run(ThreadPoolExecutor.java:480)
	at org.apache.tomcat.util.threads.TaskThread$WrappingRunnable.run(TaskThread.java:57)
	at java.base/java.lang.Thread.run(Unknown Source)
2026-03-30 19:02:19.658 [http-nio-8080-exec-3] DEBUG o.s.w.s.m.m.a.HttpEntityMethodProcessor - Using 'application/problem+json', given [*/*] and supported [application/problem+json]
2026-03-30 19:02:19.680 [http-nio-8080-exec-3] DEBUG o.s.w.s.m.m.a.HttpEntityMethodProcessor - Writing [ProblemDetail[type='null', title='Internal Server Error', status=500, detail='Um erro inesperado oco (truncated)...]
2026-03-30 19:02:19.752 [http-nio-8080-exec-3] DEBUG o.s.w.s.m.m.a.ExceptionHandlerExceptionResolver - Resolved [org.springframework.web.servlet.resource.NoResourceFoundException: No static resource actuator/beans for request '/actuator/beans'.]
2026-03-30 19:02:19.791 [http-nio-8080-exec-3] DEBUG o.s.web.servlet.DispatcherServlet - Completed 500 INTERNAL_SERVER_ERROR
2026-03-30 19:02:25.395 [http-nio-8080-exec-4] DEBUG o.s.web.servlet.DispatcherServlet - GET "/actuator/beans", parameters={}
2026-03-30 19:02:25.477 [http-nio-8080-exec-4] DEBUG o.s.w.s.h.SimpleUrlHandlerMapping - Mapped to ResourceHttpRequestHandler [classpath [META-INF/resources/], classpath [resources/], classpath [static/], classpath [public/], ServletContext [/]]
2026-03-30 19:02:25.774 [http-nio-8080-exec-4] DEBUG o.s.w.s.r.ResourceHttpRequestHandler - Resource not found
2026-03-30 19:02:25.904 [http-nio-8080-exec-4] DEBUG o.s.w.s.m.m.a.ExceptionHandlerExceptionResolver - Using @ExceptionHandler br.com.desafio.cartoes.exception.GlobalExceptionHandler#handleGeneralException(Exception)
2026-03-30 19:02:25.969 [http-nio-8080-exec-4] ERROR b.c.d.c.e.GlobalExceptionHandler - Erro inesperado na aplicação
org.springframework.web.servlet.resource.NoResourceFoundException: No static resource actuator/beans for request '/actuator/beans'.
	at org.springframework.web.servlet.resource.ResourceHttpRequestHandler.handleRequest(ResourceHttpRequestHandler.java:527)
	at org.springframework.web.servlet.mvc.HttpRequestHandlerAdapter.handle(HttpRequestHandlerAdapter.java:50)
	at org.springframework.web.servlet.DispatcherServlet.doDispatch(DispatcherServlet.java:963)
	at org.springframework.web.servlet.DispatcherServlet.doService(DispatcherServlet.java:866)
	at org.springframework.web.servlet.FrameworkServlet.processRequest(FrameworkServlet.java:1000)
	at org.springframework.web.servlet.FrameworkServlet.doGet(FrameworkServlet.java:892)
	at jakarta.servlet.http.HttpServlet.service(HttpServlet.java:633)
	at org.springframework.web.servlet.FrameworkServlet.service(FrameworkServlet.java:874)
	at jakarta.servlet.http.HttpServlet.service(HttpServlet.java:723)
	at org.apache.catalina.core.ApplicationFilterChain.doFilter(ApplicationFilterChain.java:128)
	at org.apache.tomcat.websocket.server.WsFilter.doFilter(WsFilter.java:53)
	at org.apache.catalina.core.ApplicationFilterChain.doFilter(ApplicationFilterChain.java:107)
	at org.springframework.web.filter.RequestContextFilter.doFilterInternal(RequestContextFilter.java:100)
	at org.springframework.web.filter.OncePerRequestFilter.doFilter(OncePerRequestFilter.java:116)
	at org.apache.catalina.core.ApplicationFilterChain.doFilter(ApplicationFilterChain.java:107)
	at org.springframework.web.filter.FormContentFilter.doFilterInternal(FormContentFilter.java:93)
	at org.springframework.web.filter.OncePerRequestFilter.doFilter(OncePerRequestFilter.java:116)
	at org.apache.catalina.core.ApplicationFilterChain.doFilter(ApplicationFilterChain.java:107)
	at org.springframework.web.filter.ServerHttpObservationFilter.doFilterInternal(ServerHttpObservationFilter.java:110)
	at org.springframework.web.filter.OncePerRequestFilter.doFilter(OncePerRequestFilter.java:116)
	at org.apache.catalina.core.ApplicationFilterChain.doFilter(ApplicationFilterChain.java:107)
	at org.springframework.web.filter.CharacterEncodingFilter.doFilterInternal(CharacterEncodingFilter.java:199)
	at org.springframework.web.filter.OncePerRequestFilter.doFilter(OncePerRequestFilter.java:116)
	at org.apache.catalina.core.ApplicationFilterChain.doFilter(ApplicationFilterChain.java:107)
	at org.apache.catalina.core.StandardWrapperValve.invoke(StandardWrapperValve.java:165)
	at org.apache.catalina.core.StandardContextValve.invoke(StandardContextValve.java:77)
	at org.apache.catalina.authenticator.AuthenticatorBase.invoke(AuthenticatorBase.java:492)
	at org.apache.catalina.core.StandardHostValve.invoke(StandardHostValve.java:113)
	at org.apache.catalina.valves.ErrorReportValve.invoke(ErrorReportValve.java:83)
	at org.apache.catalina.core.StandardEngineValve.invoke(StandardEngineValve.java:72)
	at org.apache.catalina.connector.CoyoteAdapter.service(CoyoteAdapter.java:341)
	at org.apache.coyote.http11.Http11Processor.service(Http11Processor.java:397)
	at org.apache.coyote.AbstractProcessorLight.process(AbstractProcessorLight.java:63)
	at org.apache.coyote.AbstractProtocol$ConnectionHandler.process(AbstractProtocol.java:903)
	at org.apache.tomcat.util.net.NioEndpoint$SocketProcessor.doRun(NioEndpoint.java:1779)
	at org.apache.tomcat.util.net.SocketProcessorBase.run(SocketProcessorBase.java:52)
	at org.apache.tomcat.util.threads.ThreadPoolExecutor.runWorker(ThreadPoolExecutor.java:946)
	at org.apache.tomcat.util.threads.ThreadPoolExecutor$Worker.run(ThreadPoolExecutor.java:480)
	at org.apache.tomcat.util.threads.TaskThread$WrappingRunnable.run(TaskThread.java:57)
	at java.base/java.lang.Thread.run(Unknown Source)
2026-03-30 19:02:26.051 [http-nio-8080-exec-4] DEBUG o.s.w.s.m.m.a.HttpEntityMethodProcessor - Using 'application/problem+json', given [*/*] and supported [application/problem+json]
2026-03-30 19:02:26.113 [http-nio-8080-exec-4] DEBUG o.s.w.s.m.m.a.HttpEntityMethodProcessor - Writing [ProblemDetail[type='null', title='Internal Server Error', status=500, detail='Um erro inesperado oco (truncated)...]
2026-03-30 19:02:26.151 [http-nio-8080-exec-4] DEBUG o.s.w.s.m.m.a.ExceptionHandlerExceptionResolver - Resolved [org.springframework.web.servlet.resource.NoResourceFoundException: No static resource actuator/beans for request '/actuator/beans'.]
2026-03-30 19:02:26.184 [http-nio-8080-exec-4] DEBUG o.s.web.servlet.DispatcherServlet - Completed 500 INTERNAL_SERVER_ERROR
2026-03-30 19:02:32.316 [http-nio-8080-exec-5] DEBUG o.s.web.servlet.DispatcherServlet - GET "/actuator", parameters={}
2026-03-30 19:02:33.685 [http-nio-8080-exec-5] DEBUG o.s.w.s.m.m.a.RequestResponseBodyMethodProcessor - Using 'application/vnd.spring-boot.actuator.v3+json', given [*/*] and supported [application/vnd.spring-boot.actuator.v3+json, application/vnd.spring-boot.actuator.v2+json, application/json]
2026-03-30 19:02:33.704 [http-nio-8080-exec-5] DEBUG o.s.w.s.m.m.a.RequestResponseBodyMethodProcessor - Writing [{_links={self=[Link@2fbf601c href = 'http://localhost:8080/actuator'], health=[Link@4fb4c436 href =  (truncated)...]
2026-03-30 19:02:34.144 [http-nio-8080-exec-5] DEBUG o.s.web.servlet.DispatcherServlet - Completed 200 OK
2026-03-30 16:02:38.112 [background-preinit] INFO  o.h.validator.internal.util.Version - HV000001: Hibernate Validator 9.0.1.Final
2026-03-30 16:02:38.293 [main] INFO  b.c.d.cartoes.CartoesApplication - Starting CartoesApplication using Java 21.0.7 with PID 18240 (C:\Users\jukia\OneDrive\Desktop\DesafioItau\cartoes\cartoes\target\classes started by jukia in C:\Users\jukia\OneDrive\Desktop\DesafioItau\cartoes\cartoes)
2026-03-30 16:02:38.295 [main] DEBUG b.c.d.cartoes.CartoesApplication - Running with Spring Boot v4.0.4, Spring v7.0.6
2026-03-30 16:02:38.299 [main] INFO  b.c.d.cartoes.CartoesApplication - No active profile set, falling back to 1 default profile: "default"
2026-03-30 19:02:42.669 [http-nio-8080-exec-8] DEBUG o.s.web.servlet.DispatcherServlet - GET "/swagger-ui/index.html", parameters={}
2026-03-30 19:02:42.742 [http-nio-8080-exec-8] DEBUG o.s.w.s.h.SimpleUrlHandlerMapping - Mapped to ResourceHttpRequestHandler [classpath [META-INF/resources/webjars/]]
2026-03-30 19:02:43.015 [http-nio-8080-exec-8] DEBUG o.s.web.servlet.DispatcherServlet - Completed 304 NOT_MODIFIED
2026-03-30 19:02:43.092 [http-nio-8080-exec-6] DEBUG o.s.web.servlet.DispatcherServlet - GET "/swagger-ui/swagger-initializer.js", parameters={}
2026-03-30 19:02:43.126 [http-nio-8080-exec-6] DEBUG o.s.w.s.h.SimpleUrlHandlerMapping - Mapped to ResourceHttpRequestHandler [classpath [META-INF/resources/webjars/]]
2026-03-30 19:02:43.333 [http-nio-8080-exec-6] DEBUG o.s.web.servlet.DispatcherServlet - Completed 200 OK
2026-03-30 19:02:43.472 [http-nio-8080-exec-10] DEBUG o.s.web.servlet.DispatcherServlet - GET "/v3/api-docs/swagger-config", parameters={}
2026-03-30 19:02:43.484 [http-nio-8080-exec-10] DEBUG o.s.w.s.m.m.a.RequestMappingHandlerMapping - Mapped to org.springdoc.webmvc.ui.SwaggerConfigResource#openapiJson(HttpServletRequest)
2026-03-30 19:02:43.535 [http-nio-8080-exec-10] DEBUG o.s.w.s.m.m.a.RequestResponseBodyMethodProcessor - Using 'application/json', given [*/*] and supported [application/json]
2026-03-30 19:02:43.547 [http-nio-8080-exec-10] DEBUG o.s.w.s.m.m.a.RequestResponseBodyMethodProcessor - Writing [{configUrl=/v3/api-docs/swagger-config, oauth2RedirectUrl=http://localhost:8080/swagger-ui/oauth2-re (truncated)...]
2026-03-30 19:02:43.574 [http-nio-8080-exec-10] DEBUG o.s.web.servlet.DispatcherServlet - Completed 200 OK
2026-03-30 19:02:43.646 [http-nio-8080-exec-1] DEBUG o.s.web.servlet.DispatcherServlet - GET "/v3/api-docs", parameters={}
2026-03-30 19:02:43.699 [http-nio-8080-exec-1] DEBUG o.s.w.s.m.m.a.RequestMappingHandlerMapping - Mapped to org.springdoc.webmvc.api.OpenApiWebMvcResource#openapiJson(HttpServletRequest, String, Locale)
2026-03-30 19:02:44.055 [http-nio-8080-exec-1] DEBUG o.s.w.s.m.m.a.RequestResponseBodyMethodProcessor - Using 'application/json', given [application/json, */*] and supported [application/json]
2026-03-30 19:02:44.111 [http-nio-8080-exec-1] DEBUG o.s.w.s.m.m.a.RequestResponseBodyMethodProcessor - Writing [{7b226f70656e617069223a22332e312e30222c22696e666f223a7b227469746c65223a224f70656e41504920646566696e6 (truncated)...]
2026-03-30 19:02:44.187 [http-nio-8080-exec-1] DEBUG o.s.web.servlet.DispatcherServlet - Completed 200 OK
2026-03-30 19:02:51.520 [http-nio-8080-exec-2] DEBUG o.s.web.servlet.DispatcherServlet - GET "/actuator/health", parameters={}
2026-03-30 19:02:51.690 [http-nio-8080-exec-2] DEBUG o.s.w.s.m.m.a.RequestResponseBodyMethodProcessor - Read "application/octet-stream" to []
2026-03-30 19:02:53.806 [http-nio-8080-exec-2] DEBUG o.s.w.s.m.m.a.HttpEntityMethodProcessor - Using 'application/vnd.spring-boot.actuator.v3+json', given [*/*] and supported [application/vnd.spring-boot.actuator.v3+json, application/vnd.spring-boot.actuator.v2+json, application/json]
2026-03-30 19:02:53.916 [http-nio-8080-exec-2] DEBUG o.s.w.s.m.m.a.HttpEntityMethodProcessor - Writing [org.springframework.boot.health.actuate.endpoint.SystemHealthDescriptor@51da2619]
2026-03-30 19:02:54.235 [http-nio-8080-exec-2] DEBUG o.s.web.servlet.DispatcherServlet - Completed 200 OK
2026-03-30 16:04:58.170 [background-preinit] INFO  o.h.validator.internal.util.Version - HV000001: Hibernate Validator 9.0.1.Final
2026-03-30 16:04:58.325 [main] INFO  b.c.d.cartoes.CartoesApplication - Starting CartoesApplication using Java 21.0.7 with PID 22920 (C:\Users\jukia\OneDrive\Desktop\DesafioItau\cartoes\cartoes\target\classes started by jukia in C:\Users\jukia\OneDrive\Desktop\DesafioItau\cartoes\cartoes)
2026-03-30 16:04:58.326 [main] DEBUG b.c.d.cartoes.CartoesApplication - Running with Spring Boot v4.0.4, Spring v7.0.6
2026-03-30 16:04:58.328 [main] INFO  b.c.d.cartoes.CartoesApplication - No active profile set, falling back to 1 default profile: "default"
2026-03-30 16:05:02.723 [main] INFO  o.s.d.r.c.RepositoryConfigurationDelegate - Bootstrapping Spring Data JPA repositories in DEFAULT mode.
2026-03-30 16:05:02.891 [main] INFO  o.s.d.r.c.RepositoryConfigurationDelegate - Finished Spring Data repository scanning in 141 ms. Found 2 JPA repository interfaces.
2026-03-30 16:05:04.503 [main] INFO  o.s.boot.tomcat.TomcatWebServer - Tomcat initialized with port 8080 (http)
2026-03-30 16:05:04.534 [main] INFO  o.a.coyote.http11.Http11NioProtocol - Initializing ProtocolHandler ["http-nio-8080"]
2026-03-30 16:05:04.538 [main] INFO  o.a.catalina.core.StandardService - Starting service [Tomcat]
2026-03-30 16:05:04.538 [main] INFO  o.a.catalina.core.StandardEngine - Starting Servlet engine: [Apache Tomcat/11.0.18]
2026-03-30 16:05:04.760 [main] INFO  o.s.b.w.c.s.WebApplicationContextInitializer - Root WebApplicationContext: initialization completed in 6309 ms
2026-03-30 16:05:05.095 [main] DEBUG o.s.w.f.ServerHttpObservationFilter - Filter 'webMvcObservationFilter' configured for use
2026-03-30 16:05:05.427 [main] INFO  org.hibernate.orm.jpa - HHH008540: Processing PersistenceUnitInfo [name: default]
2026-03-30 16:05:05.648 [main] INFO  org.hibernate.orm.core - HHH000001: Hibernate ORM core version 7.2.7.Final
2026-03-30 16:05:07.320 [main] INFO  o.s.o.j.p.SpringPersistenceUnitInfo - No LoadTimeWeaver setup: ignoring JPA class transformer
2026-03-30 16:05:07.435 [main] INFO  com.zaxxer.hikari.HikariDataSource - HikariPool-1 - Starting...
2026-03-30 16:05:08.054 [main] INFO  com.zaxxer.hikari.pool.HikariPool - HikariPool-1 - Added connection conn0: url=jdbc:h2:mem:cartoes user=SA
2026-03-30 16:05:08.060 [main] INFO  com.zaxxer.hikari.HikariDataSource - HikariPool-1 - Start completed.
2026-03-30 16:05:08.142 [main] WARN  org.hibernate.orm.deprecation - HHH90000025: H2Dialect does not need to be specified explicitly using 'hibernate.dialect' (remove the property setting and it will be selected by default)
2026-03-30 16:05:08.236 [main] INFO  o.hibernate.orm.connections.pooling - HHH10001005: Database info:
	Database JDBC URL [jdbc:h2:mem:cartoes]
	Database driver: H2 JDBC Driver
	Database dialect: H2Dialect
	Database version: 2.4.240
	Default catalog/schema: CARTOES/PUBLIC
	Autocommit mode: undefined/unknown
	Isolation level: READ_COMMITTED [default READ_COMMITTED]
	JDBC fetch size: 100
	Pool: DataSourceConnectionProvider
	Minimum pool size: undefined/unknown
	Maximum pool size: undefined/unknown
2026-03-30 16:05:13.492 [main] INFO  org.hibernate.orm.core - HHH000489: No JTA platform available (set 'hibernate.transaction.jta.platform' to enable JTA platform integration)
2026-03-30 16:05:13.912 [main] INFO  o.s.o.j.LocalContainerEntityManagerFactoryBean - Initialized JPA EntityManagerFactory for persistence unit 'default'
2026-03-30 16:05:14.409 [main] INFO  o.s.d.j.r.q.QueryEnhancerFactories - Hibernate is in classpath; If applicable, HQL parser will be used.
2026-03-30 16:05:15.862 [main] WARN  o.s.b.j.a.JpaBaseConfiguration$JpaWebConfiguration - spring.jpa.open-in-view is enabled by default. Therefore, database queries may be performed during view rendering. Explicitly configure spring.jpa.open-in-view to disable this warning
2026-03-30 16:05:16.623 [main] DEBUG o.s.w.s.m.m.a.RequestMappingHandlerMapping - 7 mappings in 'requestMappingHandlerMapping'
2026-03-30 16:05:16.715 [main] DEBUG o.s.w.s.h.SimpleUrlHandlerMapping - Patterns [/webjars/**, /**, /swagger-ui*/*swagger-initializer.js, /swagger-ui*/**] in 'resourceHandlerMapping'
2026-03-30 16:05:16.887 [main] DEBUG o.s.w.s.m.m.a.RequestMappingHandlerAdapter - ControllerAdvice beans: 0 @ModelAttribute, 0 @InitBinder, 2 RequestBodyAdvice, 1 ResponseBodyAdvice
2026-03-30 16:05:17.132 [main] DEBUG o.s.w.s.m.m.a.ExceptionHandlerExceptionResolver - ControllerAdvice beans: 2 @ExceptionHandler, 1 ResponseBodyAdvice
2026-03-30 16:05:18.133 [main] INFO  o.s.b.h.a.H2ConsoleAutoConfiguration - H2 console available at '/h2-console'. Database available at 'jdbc:h2:mem:cartoes'
2026-03-30 16:05:18.533 [main] INFO  o.s.b.a.e.web.EndpointLinksResolver - Exposing 1 endpoint beneath base path '/actuator'
2026-03-30 16:05:18.984 [main] INFO  o.a.coyote.http11.Http11NioProtocol - Starting ProtocolHandler ["http-nio-8080"]
2026-03-30 16:05:19.185 [main] INFO  o.s.boot.tomcat.TomcatWebServer - Tomcat started on port 8080 (http) with context path '/'
2026-03-30 16:05:19.232 [main] INFO  b.c.d.cartoes.CartoesApplication - Started CartoesApplication in 22.945 seconds (process running for 24.202)
2026-03-30 16:05:20.577 [http-nio-8080-exec-4] INFO  o.a.c.c.C.[Tomcat].[localhost].[/] - Initializing Spring DispatcherServlet 'dispatcherServlet'
2026-03-30 16:05:20.578 [http-nio-8080-exec-4] INFO  o.s.web.servlet.DispatcherServlet - Initializing Servlet 'dispatcherServlet'
2026-03-30 16:05:20.579 [http-nio-8080-exec-4] DEBUG o.s.web.servlet.DispatcherServlet - Detected StandardServletMultipartResolver
2026-03-30 16:05:20.579 [http-nio-8080-exec-4] DEBUG o.s.web.servlet.DispatcherServlet - Detected AcceptHeaderLocaleResolver
2026-03-30 16:05:20.583 [http-nio-8080-exec-4] DEBUG o.s.web.servlet.DispatcherServlet - Detected org.springframework.web.servlet.view.DefaultRequestToViewNameTranslator@4b1ef6a
2026-03-30 16:05:20.584 [http-nio-8080-exec-4] DEBUG o.s.web.servlet.DispatcherServlet - Detected org.springframework.web.servlet.support.SessionFlashMapManager@681302ad
2026-03-30 16:05:20.584 [http-nio-8080-exec-4] DEBUG o.s.web.servlet.DispatcherServlet - enableLoggingRequestDetails='false': request parameters and headers will be masked to prevent unsafe logging of potentially sensitive data
2026-03-30 16:05:20.585 [http-nio-8080-exec-4] INFO  o.s.web.servlet.DispatcherServlet - Completed initialization in 5 ms
2026-03-30 16:05:20.605 [main] WARN  o.s.c.events.SpringDocAppInitializer - SpringDoc /v3/api-docs endpoint is enabled by default. To disable it in production, set the property 'springdoc.api-docs.enabled=false'
2026-03-30 16:05:20.607 [main] WARN  o.s.c.events.SpringDocAppInitializer - SpringDoc /swagger-ui.html endpoint is enabled by default. To disable it in production, set the property 'springdoc.swagger-ui.enabled=false'
2026-03-30 16:05:20.645 [http-nio-8080-exec-4] DEBUG o.s.web.servlet.DispatcherServlet - GET "/v3/api-docs", parameters={}
2026-03-30 16:05:20.672 [http-nio-8080-exec-4] DEBUG o.s.w.s.m.m.a.RequestMappingHandlerMapping - Mapped to org.springdoc.webmvc.api.OpenApiWebMvcResource#openapiJson(HttpServletRequest, String, Locale)
2026-03-30 16:05:22.532 [http-nio-8080-exec-4] INFO  o.s.api.AbstractOpenApiResource - Init duration for springdoc-openapi is: 1765 ms
2026-03-30 16:05:22.835 [http-nio-8080-exec-4] DEBUG o.s.w.s.m.m.a.RequestResponseBodyMethodProcessor - Using 'application/json', given [*/*] and supported [application/json]
2026-03-30 16:05:22.840 [http-nio-8080-exec-4] DEBUG o.s.w.s.m.m.a.RequestResponseBodyMethodProcessor - Writing [{7b226f70656e617069223a22332e312e30222c22696e666f223a7b227469746c65223a224f70656e41504920646566696e6 (truncated)...]
2026-03-30 16:05:22.897 [http-nio-8080-exec-4] DEBUG o.s.web.servlet.DispatcherServlet - Completed 200 OK
2026-03-30 19:09:31.989 [background-preinit] INFO  o.h.validator.internal.util.Version - HV000001: Hibernate Validator 9.0.1.Final
2026-03-30 19:09:32.453 [main] INFO  b.c.d.cartoes.CartoesApplication - Starting CartoesApplication v0.0.1-SNAPSHOT using Java 17.0.18 with PID 1 (/app/app.jar started by root in /app)
2026-03-30 19:09:32.484 [main] DEBUG b.c.d.cartoes.CartoesApplication - Running with Spring Boot v4.0.4, Spring v7.0.6
2026-03-30 19:09:32.497 [main] INFO  b.c.d.cartoes.CartoesApplication - The following 1 profile is active: "dev"
2026-03-30 19:09:38.997 [main] INFO  o.s.d.r.c.RepositoryConfigurationDelegate - Bootstrapping Spring Data JPA repositories in DEFAULT mode.
2026-03-30 19:09:39.308 [main] INFO  o.s.d.r.c.RepositoryConfigurationDelegate - Finished Spring Data repository scanning in 231 ms. Found 1 JPA repository interface.
2026-03-30 19:09:43.372 [main] INFO  o.s.boot.tomcat.TomcatWebServer - Tomcat initialized with port 8080 (http)
2026-03-30 19:09:43.418 [main] INFO  o.a.coyote.http11.Http11NioProtocol - Initializing ProtocolHandler ["http-nio-8080"]
2026-03-30 19:09:43.432 [main] INFO  o.a.catalina.core.StandardService - Starting service [Tomcat]
2026-03-30 19:09:43.434 [main] INFO  o.a.catalina.core.StandardEngine - Starting Servlet engine: [Apache Tomcat/11.0.18]
2026-03-30 19:09:43.582 [main] INFO  o.s.b.w.c.s.WebApplicationContextInitializer - Root WebApplicationContext: initialization completed in 10709 ms
2026-03-30 19:09:43.935 [main] DEBUG o.s.w.f.ServerHttpObservationFilter - Filter 'webMvcObservationFilter' configured for use
2026-03-30 19:09:44.338 [main] INFO  org.hibernate.orm.jpa - HHH008540: Processing PersistenceUnitInfo [name: default]
2026-03-30 19:09:44.567 [main] INFO  org.hibernate.orm.core - HHH000001: Hibernate ORM core version 7.2.7.Final
2026-03-30 19:09:46.768 [main] INFO  o.s.o.j.p.SpringPersistenceUnitInfo - No LoadTimeWeaver setup: ignoring JPA class transformer
2026-03-30 19:09:46.896 [main] INFO  com.zaxxer.hikari.HikariDataSource - HikariPool-1 - Starting...
2026-03-30 19:09:47.597 [main] INFO  com.zaxxer.hikari.pool.HikariPool - HikariPool-1 - Added connection conn0: url=jdbc:h2:mem:cartoes user=SA
2026-03-30 19:09:47.605 [main] INFO  com.zaxxer.hikari.HikariDataSource - HikariPool-1 - Start completed.
2026-03-30 19:09:47.691 [main] WARN  org.hibernate.orm.deprecation - HHH90000025: H2Dialect does not need to be specified explicitly using 'hibernate.dialect' (remove the property setting and it will be selected by default)
2026-03-30 19:09:47.799 [main] INFO  o.hibernate.orm.connections.pooling - HHH10001005: Database info:
	Database JDBC URL [jdbc:h2:mem:cartoes]
	Database driver: H2 JDBC Driver
	Database dialect: H2Dialect
	Database version: 2.4.240
	Default catalog/schema: CARTOES/PUBLIC
	Autocommit mode: undefined/unknown
	Isolation level: READ_COMMITTED [default READ_COMMITTED]
	JDBC fetch size: 100
	Pool: DataSourceConnectionProvider
	Minimum pool size: undefined/unknown
	Maximum pool size: undefined/unknown
2026-03-30 19:09:50.414 [main] INFO  org.hibernate.orm.core - HHH000489: No JTA platform available (set 'hibernate.transaction.jta.platform' to enable JTA platform integration)
2026-03-30 19:09:50.546 [main] INFO  o.s.o.j.LocalContainerEntityManagerFactoryBean - Initialized JPA EntityManagerFactory for persistence unit 'default'
2026-03-30 19:09:50.850 [main] INFO  o.s.d.j.r.q.QueryEnhancerFactories - Hibernate is in classpath; If applicable, HQL parser will be used.
2026-03-30 19:09:51.737 [main] WARN  o.s.b.j.a.JpaBaseConfiguration$JpaWebConfiguration - spring.jpa.open-in-view is enabled by default. Therefore, database queries may be performed during view rendering. Explicitly configure spring.jpa.open-in-view to disable this warning
2026-03-30 19:09:52.534 [main] DEBUG o.s.w.s.m.m.a.RequestMappingHandlerMapping - 7 mappings in 'requestMappingHandlerMapping'
2026-03-30 19:09:52.748 [main] DEBUG o.s.w.s.h.SimpleUrlHandlerMapping - Patterns [/webjars/**, /**, /swagger-ui*/*swagger-initializer.js, /swagger-ui*/**] in 'resourceHandlerMapping'
2026-03-30 19:09:52.923 [main] DEBUG o.s.w.s.m.m.a.RequestMappingHandlerAdapter - ControllerAdvice beans: 0 @ModelAttribute, 0 @InitBinder, 2 RequestBodyAdvice, 1 ResponseBodyAdvice
2026-03-30 19:09:53.170 [main] DEBUG o.s.w.s.m.m.a.ExceptionHandlerExceptionResolver - ControllerAdvice beans: 2 @ExceptionHandler, 1 ResponseBodyAdvice
2026-03-30 19:09:53.905 [main] INFO  o.s.b.h.a.H2ConsoleAutoConfiguration - H2 console available at '/h2-console'. Database available at 'jdbc:h2:mem:cartoes'
2026-03-30 19:09:54.179 [main] INFO  o.s.b.a.e.web.EndpointLinksResolver - Exposing 1 endpoint beneath base path '/actuator'
2026-03-30 19:09:54.366 [main] INFO  o.a.coyote.http11.Http11NioProtocol - Starting ProtocolHandler ["http-nio-8080"]
2026-03-30 19:09:54.432 [main] INFO  o.s.boot.tomcat.TomcatWebServer - Tomcat started on port 8080 (http) with context path '/'
2026-03-30 19:09:54.477 [main] INFO  b.c.d.cartoes.CartoesApplication - Started CartoesApplication in 30.517 seconds (process running for 35.87)
2026-03-30 19:09:56.032 [main] WARN  o.s.c.events.SpringDocAppInitializer - SpringDoc /v3/api-docs endpoint is enabled by default. To disable it in production, set the property 'springdoc.api-docs.enabled=false'
2026-03-30 19:09:56.034 [main] WARN  o.s.c.events.SpringDocAppInitializer - SpringDoc /swagger-ui.html endpoint is enabled by default. To disable it in production, set the property 'springdoc.swagger-ui.enabled=false'
2026-03-30 19:10:10.613 [http-nio-8080-exec-1] INFO  o.a.c.c.C.[Tomcat].[localhost].[/] - Initializing Spring DispatcherServlet 'dispatcherServlet'
2026-03-30 19:10:10.614 [http-nio-8080-exec-1] INFO  o.s.web.servlet.DispatcherServlet - Initializing Servlet 'dispatcherServlet'
2026-03-30 19:10:10.619 [http-nio-8080-exec-1] DEBUG o.s.web.servlet.DispatcherServlet - Detected StandardServletMultipartResolver
2026-03-30 19:10:10.621 [http-nio-8080-exec-1] DEBUG o.s.web.servlet.DispatcherServlet - Detected AcceptHeaderLocaleResolver
2026-03-30 19:10:10.625 [http-nio-8080-exec-1] DEBUG o.s.web.servlet.DispatcherServlet - Detected org.springframework.web.servlet.view.DefaultRequestToViewNameTranslator@13515709
2026-03-30 19:10:10.627 [http-nio-8080-exec-1] DEBUG o.s.web.servlet.DispatcherServlet - Detected org.springframework.web.servlet.support.SessionFlashMapManager@33e80a27
2026-03-30 19:10:10.628 [http-nio-8080-exec-1] DEBUG o.s.web.servlet.DispatcherServlet - enableLoggingRequestDetails='false': request parameters and headers will be masked to prevent unsafe logging of potentially sensitive data
2026-03-30 19:10:10.630 [http-nio-8080-exec-1] INFO  o.s.web.servlet.DispatcherServlet - Completed initialization in 12 ms
2026-03-30 19:10:10.698 [http-nio-8080-exec-1] DEBUG o.s.web.servlet.DispatcherServlet - GET "/swagger-ui/index.html", parameters={}
2026-03-30 19:10:10.735 [http-nio-8080-exec-1] DEBUG o.s.w.s.h.SimpleUrlHandlerMapping - Mapped to ResourceHttpRequestHandler [classpath [META-INF/resources/webjars/]]
2026-03-30 19:10:10.826 [http-nio-8080-exec-1] DEBUG o.s.web.servlet.DispatcherServlet - Completed 304 NOT_MODIFIED
2026-03-30 19:10:10.892 [http-nio-8080-exec-2] DEBUG o.s.web.servlet.DispatcherServlet - GET "/swagger-ui/swagger-initializer.js", parameters={}
2026-03-30 19:10:10.895 [http-nio-8080-exec-2] DEBUG o.s.w.s.h.SimpleUrlHandlerMapping - Mapped to ResourceHttpRequestHandler [classpath [META-INF/resources/webjars/]]
2026-03-30 19:10:11.057 [http-nio-8080-exec-2] DEBUG o.s.web.servlet.DispatcherServlet - Completed 200 OK
2026-03-30 19:10:11.242 [http-nio-8080-exec-3] DEBUG o.s.web.servlet.DispatcherServlet - GET "/v3/api-docs/swagger-config", parameters={}
2026-03-30 19:10:11.250 [http-nio-8080-exec-3] DEBUG o.s.w.s.m.m.a.RequestMappingHandlerMapping - Mapped to org.springdoc.webmvc.ui.SwaggerConfigResource#openapiJson(HttpServletRequest)
2026-03-30 19:10:11.322 [http-nio-8080-exec-3] DEBUG o.s.w.s.m.m.a.RequestResponseBodyMethodProcessor - Using 'application/json', given [*/*] and supported [application/json]
2026-03-30 19:10:11.335 [http-nio-8080-exec-3] DEBUG o.s.w.s.m.m.a.RequestResponseBodyMethodProcessor - Writing [{configUrl=/v3/api-docs/swagger-config, oauth2RedirectUrl=http://localhost:8080/swagger-ui/oauth2-re (truncated)...]
2026-03-30 19:10:11.496 [http-nio-8080-exec-3] DEBUG o.s.web.servlet.DispatcherServlet - Completed 200 OK
2026-03-30 19:10:11.522 [http-nio-8080-exec-4] DEBUG o.s.web.servlet.DispatcherServlet - GET "/v3/api-docs", parameters={}
2026-03-30 19:10:11.525 [http-nio-8080-exec-4] DEBUG o.s.w.s.m.m.a.RequestMappingHandlerMapping - Mapped to org.springdoc.webmvc.api.OpenApiWebMvcResource#openapiJson(HttpServletRequest, String, Locale)
2026-03-30 19:10:14.345 [http-nio-8080-exec-4] INFO  o.s.api.AbstractOpenApiResource - Init duration for springdoc-openapi is: 2777 ms
2026-03-30 19:10:14.440 [http-nio-8080-exec-4] DEBUG o.s.w.s.m.m.a.RequestResponseBodyMethodProcessor - Using 'application/json', given [application/json, */*] and supported [application/json]
2026-03-30 19:10:14.444 [http-nio-8080-exec-4] DEBUG o.s.w.s.m.m.a.RequestResponseBodyMethodProcessor - Writing [{7b226f70656e617069223a22332e312e30222c22696e666f223a7b227469746c65223a224f70656e41504920646566696e6 (truncated)...]
2026-03-30 19:10:14.456 [http-nio-8080-exec-4] DEBUG o.s.web.servlet.DispatcherServlet - Completed 200 OK
2026-03-30 19:10:24.269 [http-nio-8080-exec-5] DEBUG o.s.web.servlet.DispatcherServlet - GET "/actuator/health", parameters={}
2026-03-30 19:10:24.288 [http-nio-8080-exec-5] DEBUG o.s.w.s.m.m.a.RequestResponseBodyMethodProcessor - Read "application/octet-stream" to []
2026-03-30 19:10:24.406 [http-nio-8080-exec-5] DEBUG o.s.w.s.m.m.a.HttpEntityMethodProcessor - Using 'application/vnd.spring-boot.actuator.v3+json', given [*/*] and supported [application/vnd.spring-boot.actuator.v3+json, application/vnd.spring-boot.actuator.v2+json, application/json]
2026-03-30 19:10:24.410 [http-nio-8080-exec-5] DEBUG o.s.w.s.m.m.a.HttpEntityMethodProcessor - Writing [org.springframework.boot.health.actuate.endpoint.SystemHealthDescriptor@38533480]
2026-03-30 19:10:24.633 [http-nio-8080-exec-5] DEBUG o.s.web.servlet.DispatcherServlet - Completed 200 OK
2026-03-30 19:10:54.772 [http-nio-8080-exec-6] DEBUG o.s.web.servlet.DispatcherServlet - GET "/actuator/health", parameters={}
2026-03-30 19:10:54.776 [http-nio-8080-exec-6] DEBUG o.s.w.s.m.m.a.RequestResponseBodyMethodProcessor - Read "application/octet-stream" to []
2026-03-30 19:10:54.782 [http-nio-8080-exec-6] DEBUG o.s.w.s.m.m.a.HttpEntityMethodProcessor - Using 'application/vnd.spring-boot.actuator.v3+json', given [*/*] and supported [application/vnd.spring-boot.actuator.v3+json, application/vnd.spring-boot.actuator.v2+json, application/json]
2026-03-30 19:10:54.784 [http-nio-8080-exec-6] DEBUG o.s.w.s.m.m.a.HttpEntityMethodProcessor - Writing [org.springframework.boot.health.actuate.endpoint.SystemHealthDescriptor@2a18acfd]
2026-03-30 19:10:54.789 [http-nio-8080-exec-6] DEBUG o.s.web.servlet.DispatcherServlet - Completed 200 OK
2026-03-30 19:10:58.775 [SpringApplicationShutdownHook] INFO  o.s.boot.tomcat.GracefulShutdown - Commencing graceful shutdown. Waiting for active requests to complete
2026-03-30 19:10:58.851 [tomcat-shutdown] INFO  o.s.boot.tomcat.GracefulShutdown - Graceful shutdown complete
2026-03-30 19:10:58.977 [SpringApplicationShutdownHook] INFO  o.s.o.j.LocalContainerEntityManagerFactoryBean - Closing JPA EntityManagerFactory for persistence unit 'default'
2026-03-30 19:10:59.109 [SpringApplicationShutdownHook] INFO  com.zaxxer.hikari.HikariDataSource - HikariPool-1 - Shutdown initiated...
2026-03-30 19:10:59.130 [SpringApplicationShutdownHook] INFO  com.zaxxer.hikari.HikariDataSource - HikariPool-1 - Shutdown completed.
2026-03-30 19:13:42.539 [background-preinit] INFO  o.h.validator.internal.util.Version - HV000001: Hibernate Validator 9.0.1.Final
2026-03-30 19:13:42.854 [main] INFO  b.c.d.cartoes.CartoesApplication - Starting CartoesApplication v0.0.1-SNAPSHOT using Java 17.0.18 with PID 1 (/app/app.jar started by root in /app)
2026-03-30 19:13:42.859 [main] DEBUG b.c.d.cartoes.CartoesApplication - Running with Spring Boot v4.0.4, Spring v7.0.6
2026-03-30 19:13:42.875 [main] INFO  b.c.d.cartoes.CartoesApplication - The following 1 profile is active: "dev"
2026-03-30 19:13:48.157 [main] INFO  o.s.d.r.c.RepositoryConfigurationDelegate - Bootstrapping Spring Data JPA repositories in DEFAULT mode.
2026-03-30 19:13:48.381 [main] INFO  o.s.d.r.c.RepositoryConfigurationDelegate - Finished Spring Data repository scanning in 182 ms. Found 2 JPA repository interfaces.
2026-03-30 19:13:51.557 [main] INFO  o.s.boot.tomcat.TomcatWebServer - Tomcat initialized with port 8080 (http)
2026-03-30 19:13:51.614 [main] INFO  o.a.coyote.http11.Http11NioProtocol - Initializing ProtocolHandler ["http-nio-8080"]
2026-03-30 19:13:51.643 [main] INFO  o.a.catalina.core.StandardService - Starting service [Tomcat]
2026-03-30 19:13:51.650 [main] INFO  o.a.catalina.core.StandardEngine - Starting Servlet engine: [Apache Tomcat/11.0.18]
2026-03-30 19:13:51.868 [main] INFO  o.s.b.w.c.s.WebApplicationContextInitializer - Root WebApplicationContext: initialization completed in 8544 ms
2026-03-30 19:13:52.375 [main] DEBUG o.s.w.f.ServerHttpObservationFilter - Filter 'webMvcObservationFilter' configured for use
2026-03-30 19:13:53.091 [main] INFO  org.hibernate.orm.jpa - HHH008540: Processing PersistenceUnitInfo [name: default]
2026-03-30 19:13:53.372 [main] INFO  org.hibernate.orm.core - HHH000001: Hibernate ORM core version 7.2.7.Final
2026-03-30 19:13:55.706 [main] INFO  o.s.o.j.p.SpringPersistenceUnitInfo - No LoadTimeWeaver setup: ignoring JPA class transformer
2026-03-30 19:13:55.919 [main] INFO  com.zaxxer.hikari.HikariDataSource - HikariPool-1 - Starting...
2026-03-30 19:13:56.963 [main] INFO  com.zaxxer.hikari.pool.HikariPool - HikariPool-1 - Added connection conn0: url=jdbc:h2:mem:cartoes user=SA
2026-03-30 19:13:56.969 [main] INFO  com.zaxxer.hikari.HikariDataSource - HikariPool-1 - Start completed.
2026-03-30 19:13:57.071 [main] WARN  org.hibernate.orm.deprecation - HHH90000025: H2Dialect does not need to be specified explicitly using 'hibernate.dialect' (remove the property setting and it will be selected by default)
2026-03-30 19:13:57.181 [main] INFO  o.hibernate.orm.connections.pooling - HHH10001005: Database info:
	Database JDBC URL [jdbc:h2:mem:cartoes]
	Database driver: H2 JDBC Driver
	Database dialect: H2Dialect
	Database version: 2.4.240
	Default catalog/schema: CARTOES/PUBLIC
	Autocommit mode: undefined/unknown
	Isolation level: READ_COMMITTED [default READ_COMMITTED]
	JDBC fetch size: 100
	Pool: DataSourceConnectionProvider
	Minimum pool size: undefined/unknown
	Maximum pool size: undefined/unknown
2026-03-30 19:14:00.712 [main] INFO  org.hibernate.orm.core - HHH000489: No JTA platform available (set 'hibernate.transaction.jta.platform' to enable JTA platform integration)
2026-03-30 19:14:01.061 [main] INFO  o.s.o.j.LocalContainerEntityManagerFactoryBean - Initialized JPA EntityManagerFactory for persistence unit 'default'
2026-03-30 19:14:01.459 [main] INFO  o.s.d.j.r.q.QueryEnhancerFactories - Hibernate is in classpath; If applicable, HQL parser will be used.
2026-03-30 19:14:05.208 [main] WARN  o.s.b.j.a.JpaBaseConfiguration$JpaWebConfiguration - spring.jpa.open-in-view is enabled by default. Therefore, database queries may be performed during view rendering. Explicitly configure spring.jpa.open-in-view to disable this warning
2026-03-30 19:14:05.033 [main] DEBUG o.s.w.s.m.m.a.RequestMappingHandlerMapping - 7 mappings in 'requestMappingHandlerMapping'
2026-03-30 19:14:05.240 [main] DEBUG o.s.w.s.h.SimpleUrlHandlerMapping - Patterns [/webjars/**, /**, /swagger-ui*/*swagger-initializer.js, /swagger-ui*/**] in 'resourceHandlerMapping'
2026-03-30 19:14:05.438 [main] DEBUG o.s.w.s.m.m.a.RequestMappingHandlerAdapter - ControllerAdvice beans: 0 @ModelAttribute, 0 @InitBinder, 2 RequestBodyAdvice, 1 ResponseBodyAdvice
2026-03-30 19:14:05.827 [main] DEBUG o.s.w.s.m.m.a.ExceptionHandlerExceptionResolver - ControllerAdvice beans: 2 @ExceptionHandler, 1 ResponseBodyAdvice
2026-03-30 19:14:07.303 [main] INFO  o.s.b.h.a.H2ConsoleAutoConfiguration - H2 console available at '/h2-console'. Database available at 'jdbc:h2:mem:cartoes'
2026-03-30 19:14:07.742 [main] INFO  o.s.b.a.e.web.EndpointLinksResolver - Exposing 1 endpoint beneath base path '/actuator'
2026-03-30 19:14:07.996 [main] INFO  o.a.coyote.http11.Http11NioProtocol - Starting ProtocolHandler ["http-nio-8080"]
2026-03-30 19:14:08.152 [main] INFO  o.s.boot.tomcat.TomcatWebServer - Tomcat started on port 8080 (http) with context path '/'
2026-03-30 19:14:08.182 [main] INFO  b.c.d.cartoes.CartoesApplication - Started CartoesApplication in 28.728 seconds (process running for 40.061)
2026-03-30 19:14:09.176 [http-nio-8080-exec-1] INFO  o.a.c.c.C.[Tomcat].[localhost].[/] - Initializing Spring DispatcherServlet 'dispatcherServlet'
2026-03-30 19:14:09.177 [http-nio-8080-exec-1] INFO  o.s.web.servlet.DispatcherServlet - Initializing Servlet 'dispatcherServlet'
2026-03-30 19:14:09.180 [http-nio-8080-exec-1] DEBUG o.s.web.servlet.DispatcherServlet - Detected StandardServletMultipartResolver
2026-03-30 19:14:09.183 [http-nio-8080-exec-1] DEBUG o.s.web.servlet.DispatcherServlet - Detected AcceptHeaderLocaleResolver
2026-03-30 19:14:09.188 [http-nio-8080-exec-1] DEBUG o.s.web.servlet.DispatcherServlet - Detected org.springframework.web.servlet.view.DefaultRequestToViewNameTranslator@62cbe18c
2026-03-30 19:14:09.192 [http-nio-8080-exec-1] DEBUG o.s.web.servlet.DispatcherServlet - Detected org.springframework.web.servlet.support.SessionFlashMapManager@6eaa8abf
2026-03-30 19:14:09.200 [http-nio-8080-exec-1] DEBUG o.s.web.servlet.DispatcherServlet - enableLoggingRequestDetails='false': request parameters and headers will be masked to prevent unsafe logging of potentially sensitive data
2026-03-30 19:14:09.201 [http-nio-8080-exec-1] INFO  o.s.web.servlet.DispatcherServlet - Completed initialization in 22 ms
2026-03-30 19:14:09.228 [main] WARN  o.s.c.events.SpringDocAppInitializer - SpringDoc /v3/api-docs endpoint is enabled by default. To disable it in production, set the property 'springdoc.api-docs.enabled=false'
2026-03-30 19:14:09.232 [main] WARN  o.s.c.events.SpringDocAppInitializer - SpringDoc /swagger-ui.html endpoint is enabled by default. To disable it in production, set the property 'springdoc.swagger-ui.enabled=false'
2026-03-30 19:14:09.293 [http-nio-8080-exec-1] DEBUG o.s.web.servlet.DispatcherServlet - GET "/actuator/health", parameters={}
2026-03-30 19:14:09.407 [http-nio-8080-exec-1] DEBUG o.s.w.s.m.m.a.RequestResponseBodyMethodProcessor - Read "application/octet-stream" to []
2026-03-30 19:14:09.495 [http-nio-8080-exec-1] DEBUG o.s.w.s.m.m.a.HttpEntityMethodProcessor - Using 'application/vnd.spring-boot.actuator.v3+json', given [*/*] and supported [application/vnd.spring-boot.actuator.v3+json, application/vnd.spring-boot.actuator.v2+json, application/json]
2026-03-30 19:14:09.507 [http-nio-8080-exec-1] DEBUG o.s.w.s.m.m.a.HttpEntityMethodProcessor - Writing [org.springframework.boot.health.actuate.endpoint.SystemHealthDescriptor@8d1dd21]
2026-03-30 19:14:09.877 [http-nio-8080-exec-1] DEBUG o.s.web.servlet.DispatcherServlet - Completed 200 OK
2026-03-30 19:14:20.340 [http-nio-8080-exec-3] DEBUG o.s.web.servlet.DispatcherServlet - GET "/v3/api-docs", parameters={}
2026-03-30 19:14:20.354 [http-nio-8080-exec-3] DEBUG o.s.w.s.m.m.a.RequestMappingHandlerMapping - Mapped to org.springdoc.webmvc.api.OpenApiWebMvcResource#openapiJson(HttpServletRequest, String, Locale)
2026-03-30 19:14:21.796 [http-nio-8080-exec-3] INFO  o.s.api.AbstractOpenApiResource - Init duration for springdoc-openapi is: 1386 ms
2026-03-30 19:14:21.844 [http-nio-8080-exec-3] DEBUG o.s.w.s.m.m.a.RequestResponseBodyMethodProcessor - Using 'application/json', given [*/*] and supported [application/json]
2026-03-30 19:14:21.848 [http-nio-8080-exec-3] DEBUG o.s.w.s.m.m.a.RequestResponseBodyMethodProcessor - Writing [{7b226f70656e617069223a22332e312e30222c22696e666f223a7b227469746c65223a224f70656e41504920646566696e6 (truncated)...]
2026-03-30 19:14:21.850 [http-nio-8080-exec-3] DEBUG o.s.web.servlet.DispatcherServlet - Completed 200 OK
2026-03-30 19:14:22.040 [http-nio-8080-exec-2] DEBUG o.s.web.servlet.DispatcherServlet - GET "/v3/api-docs", parameters={}
2026-03-30 19:14:22.048 [http-nio-8080-exec-2] DEBUG o.s.w.s.m.m.a.RequestMappingHandlerMapping - Mapped to org.springdoc.webmvc.api.OpenApiWebMvcResource#openapiJson(HttpServletRequest, String, Locale)
2026-03-30 19:14:22.057 [http-nio-8080-exec-2] DEBUG o.s.w.s.m.m.a.RequestResponseBodyMethodProcessor - Using 'application/json', given [*/*] and supported [application/json]
2026-03-30 19:14:22.068 [http-nio-8080-exec-2] DEBUG o.s.w.s.m.m.a.RequestResponseBodyMethodProcessor - Writing [{7b226f70656e617069223a22332e312e30222c22696e666f223a7b227469746c65223a224f70656e41504920646566696e6 (truncated)...]
2026-03-30 19:14:22.077 [http-nio-8080-exec-2] DEBUG o.s.web.servlet.DispatcherServlet - Completed 200 OK
2026-03-30 19:14:22.526 [http-nio-8080-exec-6] DEBUG o.s.web.servlet.DispatcherServlet - GET "/v3/api-docs", parameters={}
2026-03-30 19:14:22.531 [http-nio-8080-exec-6] DEBUG o.s.w.s.m.m.a.RequestMappingHandlerMapping - Mapped to org.springdoc.webmvc.api.OpenApiWebMvcResource#openapiJson(HttpServletRequest, String, Locale)
2026-03-30 19:14:22.547 [http-nio-8080-exec-6] DEBUG o.s.w.s.m.m.a.RequestResponseBodyMethodProcessor - Using 'application/json', given [*/*] and supported [application/json]
2026-03-30 19:14:22.549 [http-nio-8080-exec-6] DEBUG o.s.w.s.m.m.a.RequestResponseBodyMethodProcessor - Writing [{7b226f70656e617069223a22332e312e30222c22696e666f223a7b227469746c65223a224f70656e41504920646566696e6 (truncated)...]
2026-03-30 19:14:22.552 [http-nio-8080-exec-6] DEBUG o.s.web.servlet.DispatcherServlet - Completed 200 OK
2026-03-30 19:14:26.156 [http-nio-8080-exec-5] DEBUG o.s.web.servlet.DispatcherServlet - GET "/v3/api-docs", parameters={}
2026-03-30 19:14:26.159 [http-nio-8080-exec-5] DEBUG o.s.w.s.m.m.a.RequestMappingHandlerMapping - Mapped to org.springdoc.webmvc.api.OpenApiWebMvcResource#openapiJson(HttpServletRequest, String, Locale)
2026-03-30 19:14:26.169 [http-nio-8080-exec-5] DEBUG o.s.w.s.m.m.a.RequestResponseBodyMethodProcessor - Using 'application/json', given [*/*] and supported [application/json]
2026-03-30 19:14:26.171 [http-nio-8080-exec-5] DEBUG o.s.w.s.m.m.a.RequestResponseBodyMethodProcessor - Writing [{7b226f70656e617069223a22332e312e30222c22696e666f223a7b227469746c65223a224f70656e41504920646566696e6 (truncated)...]
2026-03-30 19:14:26.174 [http-nio-8080-exec-5] DEBUG o.s.web.servlet.DispatcherServlet - Completed 200 OK
2026-03-30 19:14:33.958 [http-nio-8080-exec-4] DEBUG o.s.web.servlet.DispatcherServlet - POST "/cartoes", parameters={}
2026-03-30 19:14:33.962 [http-nio-8080-exec-4] DEBUG o.s.w.s.m.m.a.RequestMappingHandlerMapping - Mapped to br.com.desafio.cartoes.controller.CartoesController#solicitar(SolicitacaoRequestDTO)
2026-03-30 19:14:34.323 [http-nio-8080-exec-4] DEBUG o.s.w.s.m.m.a.RequestResponseBodyMethodProcessor - Read "application/json;charset=UTF-8" to [SolicitacaoRequestDTO(cliente=ClienteRequestDTO(nome=Cliente Teste, cpf=123.456.789-10, idade=25, da (truncated)...]
2026-03-30 19:14:36.465 [http-nio-8080-exec-4] INFO  b.c.d.c.controller.CartoesController - POST /cartoes recebido para CPF: 123.456.789-10
2026-03-30 19:14:36.469 [http-nio-8080-exec-4] INFO  b.c.d.cartoes.service.CartaoService - Iniciando processamento de solicitação para CPF: 123.456.789-10
2026-03-30 19:14:36.472 [http-nio-8080-exec-4] DEBUG b.c.d.c.s.ValidacaoClienteService - Iniciando validação do cliente: 123.456.789-10
2026-03-30 19:14:36.492 [http-nio-8080-exec-4] DEBUG b.c.d.c.s.ValidacaoClienteService - Validação do cliente 123.456.789-10 passou com sucesso
2026-03-30 19:14:36.504 [http-nio-8080-exec-4] INFO  b.c.d.c.service.ElegibilidadeService - Processando elegibilidade do cliente: 123.456.789-10
2026-03-30 19:14:39.211 [http-nio-8080-exec-4] DEBUG b.c.d.c.service.ElegibilidadeService - Cartões carregados: 3
2026-03-30 19:14:39.217 [http-nio-8080-exec-4] DEBUG b.c.d.c.service.ElegibilidadeService - Regra RegraPorIdade aplicada: 3 → 3 cartões
2026-03-30 19:14:39.229 [http-nio-8080-exec-4] DEBUG b.c.d.c.service.ElegibilidadeService - Regra RegraPorRenda aplicada: 3 → 1 cartões
2026-03-30 19:14:39.234 [http-nio-8080-exec-4] DEBUG b.c.d.c.service.ElegibilidadeService - Regra RegraPorUF aplicada: 1 → 1 cartões
2026-03-30 19:14:39.239 [http-nio-8080-exec-4] INFO  b.c.d.c.service.ElegibilidadeService - Elegibilidade processada para 123.456.789-10: 1 cartões aprovados
2026-03-30 19:14:39.313 [http-nio-8080-exec-4] INFO  b.c.d.cartoes.service.CartaoService - Solicitação 90386da2-2647-4bf5-8d20-e2e1887ea3bd salva no banco de dados para CPF: 123.456.789-10 com 1 cartões aprovados
2026-03-30 19:14:39.316 [http-nio-8080-exec-4] INFO  b.c.d.c.controller.CartoesController - Cartões encontrados para CPF 123.456.789-10: 1 cartões - retornando 200
2026-03-30 19:14:39.330 [http-nio-8080-exec-4] DEBUG o.s.w.s.m.m.a.HttpEntityMethodProcessor - Using 'application/json', given [*/*] and supported [application/json, application/*+json, application/yaml]
2026-03-30 19:14:39.334 [http-nio-8080-exec-4] DEBUG o.s.w.s.m.m.a.HttpEntityMethodProcessor - Writing [SolicitacaoResponseDTO(numeroSolicitacao=90386da2-2647-4bf5-8d20-e2e1887ea3bd, dataSolicitacao=2026- (truncated)...]
2026-03-30 19:14:39.434 [http-nio-8080-exec-4] DEBUG o.s.web.servlet.DispatcherServlet - Completed 200 OK
2026-03-30 19:14:41.861 [http-nio-8080-exec-8] DEBUG o.s.web.servlet.DispatcherServlet - GET "/actuator/health", parameters={}
2026-03-30 19:14:41.864 [http-nio-8080-exec-8] DEBUG o.s.w.s.m.m.a.RequestResponseBodyMethodProcessor - Read "application/octet-stream" to []
2026-03-30 19:14:41.878 [http-nio-8080-exec-8] DEBUG o.s.w.s.m.m.a.HttpEntityMethodProcessor - Using 'application/vnd.spring-boot.actuator.v3+json', given [*/*] and supported [application/vnd.spring-boot.actuator.v3+json, application/vnd.spring-boot.actuator.v2+json, application/json]
2026-03-30 19:14:41.879 [http-nio-8080-exec-8] DEBUG o.s.w.s.m.m.a.HttpEntityMethodProcessor - Writing [org.springframework.boot.health.actuate.endpoint.SystemHealthDescriptor@5ba6ac51]
2026-03-30 19:14:41.885 [http-nio-8080-exec-8] DEBUG o.s.web.servlet.DispatcherServlet - Completed 200 OK
2026-03-30 19:15:13.676 [http-nio-8080-exec-9] DEBUG o.s.web.servlet.DispatcherServlet - GET "/actuator/health", parameters={}
2026-03-30 19:15:13.737 [http-nio-8080-exec-9] DEBUG o.s.w.s.m.m.a.RequestResponseBodyMethodProcessor - Read "application/octet-stream" to []
2026-03-30 19:15:13.799 [http-nio-8080-exec-9] DEBUG o.s.w.s.m.m.a.HttpEntityMethodProcessor - Using 'application/vnd.spring-boot.actuator.v3+json', given [*/*] and supported [application/vnd.spring-boot.actuator.v3+json, application/vnd.spring-boot.actuator.v2+json, application/json]
2026-03-30 19:15:13.802 [http-nio-8080-exec-9] DEBUG o.s.w.s.m.m.a.HttpEntityMethodProcessor - Writing [org.springframework.boot.health.actuate.endpoint.SystemHealthDescriptor@597daa57]
2026-03-30 19:15:13.841 [http-nio-8080-exec-9] DEBUG o.s.web.servlet.DispatcherServlet - Completed 200 OK
2026-03-30 19:15:36.552 [http-nio-8080-exec-10] DEBUG o.s.web.servlet.DispatcherServlet - GET "/swagger-ui/index.html", parameters={}
2026-03-30 19:15:36.735 [http-nio-8080-exec-10] DEBUG o.s.w.s.h.SimpleUrlHandlerMapping - Mapped to ResourceHttpRequestHandler [classpath [META-INF/resources/webjars/]]
2026-03-30 19:15:37.338 [http-nio-8080-exec-10] DEBUG o.s.web.servlet.DispatcherServlet - Completed 200 OK
2026-03-30 19:15:37.380 [http-nio-8080-exec-1] DEBUG o.s.web.servlet.DispatcherServlet - GET "/swagger-ui/swagger-initializer.js", parameters={}
2026-03-30 19:15:37.383 [http-nio-8080-exec-1] DEBUG o.s.w.s.h.SimpleUrlHandlerMapping - Mapped to ResourceHttpRequestHandler [classpath [META-INF/resources/webjars/]]
2026-03-30 19:15:37.562 [http-nio-8080-exec-1] DEBUG o.s.web.servlet.DispatcherServlet - Completed 200 OK
2026-03-30 19:15:37.683 [http-nio-8080-exec-3] DEBUG o.s.web.servlet.DispatcherServlet - GET "/v3/api-docs/swagger-config", parameters={}
2026-03-30 19:15:37.687 [http-nio-8080-exec-3] DEBUG o.s.w.s.m.m.a.RequestMappingHandlerMapping - Mapped to org.springdoc.webmvc.ui.SwaggerConfigResource#openapiJson(HttpServletRequest)
2026-03-30 19:15:37.717 [http-nio-8080-exec-3] DEBUG o.s.w.s.m.m.a.RequestResponseBodyMethodProcessor - Using 'application/json', given [*/*] and supported [application/json]
2026-03-30 19:15:37.724 [http-nio-8080-exec-3] DEBUG o.s.w.s.m.m.a.RequestResponseBodyMethodProcessor - Writing [{configUrl=/v3/api-docs/swagger-config, oauth2RedirectUrl=http://localhost:8080/swagger-ui/oauth2-re (truncated)...]
2026-03-30 19:15:37.883 [http-nio-8080-exec-3] DEBUG o.s.web.servlet.DispatcherServlet - Completed 200 OK
2026-03-30 19:15:37.934 [http-nio-8080-exec-2] DEBUG o.s.web.servlet.DispatcherServlet - GET "/v3/api-docs", parameters={}
2026-03-30 19:15:37.938 [http-nio-8080-exec-2] DEBUG o.s.w.s.m.m.a.RequestMappingHandlerMapping - Mapped to org.springdoc.webmvc.api.OpenApiWebMvcResource#openapiJson(HttpServletRequest, String, Locale)
2026-03-30 19:15:39.633 [http-nio-8080-exec-2] INFO  o.s.api.AbstractOpenApiResource - Init duration for springdoc-openapi is: 1601 ms
2026-03-30 19:15:39.647 [http-nio-8080-exec-2] DEBUG o.s.w.s.m.m.a.RequestResponseBodyMethodProcessor - Using 'application/json', given [application/json, */*] and supported [application/json]
2026-03-30 19:15:39.650 [http-nio-8080-exec-2] DEBUG o.s.w.s.m.m.a.RequestResponseBodyMethodProcessor - Writing [{7b226f70656e617069223a22332e312e30222c22696e666f223a7b227469746c65223a224f70656e41504920646566696e6 (truncated)...]
2026-03-30 19:15:39.653 [http-nio-8080-exec-2] DEBUG o.s.web.servlet.DispatcherServlet - Completed 200 OK
2026-03-30 19:15:45.125 [http-nio-8080-exec-6] DEBUG o.s.web.servlet.DispatcherServlet - GET "/actuator/health", parameters={}
2026-03-30 19:15:45.132 [http-nio-8080-exec-6] DEBUG o.s.w.s.m.m.a.RequestResponseBodyMethodProcessor - Read "application/octet-stream" to []
2026-03-30 19:15:45.163 [http-nio-8080-exec-6] DEBUG o.s.w.s.m.m.a.HttpEntityMethodProcessor - Using 'application/vnd.spring-boot.actuator.v3+json', given [*/*] and supported [application/vnd.spring-boot.actuator.v3+json, application/vnd.spring-boot.actuator.v2+json, application/json]
2026-03-30 19:15:45.165 [http-nio-8080-exec-6] DEBUG o.s.w.s.m.m.a.HttpEntityMethodProcessor - Writing [org.springframework.boot.health.actuate.endpoint.SystemHealthDescriptor@6927c566]
2026-03-30 19:15:45.234 [http-nio-8080-exec-6] DEBUG o.s.web.servlet.DispatcherServlet - Completed 200 OK
2026-03-30 19:16:15.779 [http-nio-8080-exec-5] DEBUG o.s.web.servlet.DispatcherServlet - GET "/actuator/health", parameters={}
2026-03-30 19:16:15.812 [http-nio-8080-exec-5] DEBUG o.s.w.s.m.m.a.RequestResponseBodyMethodProcessor - Read "application/octet-stream" to []
2026-03-30 19:16:15.849 [http-nio-8080-exec-5] DEBUG o.s.w.s.m.m.a.HttpEntityMethodProcessor - Using 'application/vnd.spring-boot.actuator.v3+json', given [*/*] and supported [application/vnd.spring-boot.actuator.v3+json, application/vnd.spring-boot.actuator.v2+json, application/json]
2026-03-30 19:16:15.852 [http-nio-8080-exec-5] DEBUG o.s.w.s.m.m.a.HttpEntityMethodProcessor - Writing [org.springframework.boot.health.actuate.endpoint.SystemHealthDescriptor@243f8ba]
2026-03-30 19:16:15.869 [http-nio-8080-exec-5] DEBUG o.s.web.servlet.DispatcherServlet - Completed 200 OK
2026-03-30 19:16:46.149 [http-nio-8080-exec-8] DEBUG o.s.web.servlet.DispatcherServlet - GET "/actuator/health", parameters={}
2026-03-30 19:16:46.154 [http-nio-8080-exec-8] DEBUG o.s.w.s.m.m.a.RequestResponseBodyMethodProcessor - Read "application/octet-stream" to []
2026-03-30 19:16:46.162 [http-nio-8080-exec-8] DEBUG o.s.w.s.m.m.a.HttpEntityMethodProcessor - Using 'application/vnd.spring-boot.actuator.v3+json', given [*/*] and supported [application/vnd.spring-boot.actuator.v3+json, application/vnd.spring-boot.actuator.v2+json, application/json]
2026-03-30 19:16:46.164 [http-nio-8080-exec-8] DEBUG o.s.w.s.m.m.a.HttpEntityMethodProcessor - Writing [org.springframework.boot.health.actuate.endpoint.SystemHealthDescriptor@3d5b0012]
2026-03-30 19:16:46.168 [http-nio-8080-exec-8] DEBUG o.s.web.servlet.DispatcherServlet - Completed 200 OK
2026-03-30 19:17:16.964 [http-nio-8080-exec-9] DEBUG o.s.web.servlet.DispatcherServlet - GET "/actuator/health", parameters={}
2026-03-30 19:17:16.972 [http-nio-8080-exec-9] DEBUG o.s.w.s.m.m.a.RequestResponseBodyMethodProcessor - Read "application/octet-stream" to []
2026-03-30 19:17:16.982 [http-nio-8080-exec-9] DEBUG o.s.w.s.m.m.a.HttpEntityMethodProcessor - Using 'application/vnd.spring-boot.actuator.v3+json', given [*/*] and supported [application/vnd.spring-boot.actuator.v3+json, application/vnd.spring-boot.actuator.v2+json, application/json]
2026-03-30 19:17:16.992 [http-nio-8080-exec-9] DEBUG o.s.w.s.m.m.a.HttpEntityMethodProcessor - Writing [org.springframework.boot.health.actuate.endpoint.SystemHealthDescriptor@5d4235a0]
2026-03-30 19:17:16.998 [http-nio-8080-exec-9] DEBUG o.s.web.servlet.DispatcherServlet - Completed 200 OK
2026-03-30 16:17:41.831 [background-preinit] INFO  o.h.validator.internal.util.Version - HV000001: Hibernate Validator 9.0.1.Final
2026-03-30 16:17:41.906 [main] INFO  b.c.d.c.CartoesApplicationTests - Starting CartoesApplicationTests using Java 21.0.7 with PID 29676 (started by jukia in C:\Users\jukia\OneDrive\Desktop\DesafioItau\cartoes\cartoes)
2026-03-30 16:17:41.908 [main] DEBUG b.c.d.c.CartoesApplicationTests - Running with Spring Boot v4.0.4, Spring v7.0.6
2026-03-30 16:17:41.909 [main] INFO  b.c.d.c.CartoesApplicationTests - No active profile set, falling back to 1 default profile: "default"
2026-03-30 16:17:42.039 [main] DEBUG o.s.w.c.s.GenericWebApplicationContext - Refreshing org.springframework.web.context.support.GenericWebApplicationContext@315f09ef
2026-03-30 16:17:44.596 [main] INFO  o.s.d.r.c.RepositoryConfigurationDelegate - Bootstrapping Spring Data JPA repositories in DEFAULT mode.
2026-03-30 16:17:44.788 [main] INFO  o.s.d.r.c.RepositoryConfigurationDelegate - Finished Spring Data repository scanning in 165 ms. Found 2 JPA repository interfaces.
2026-03-30 16:17:46.352 [main] INFO  org.hibernate.orm.jpa - HHH008540: Processing PersistenceUnitInfo [name: default]
2026-03-30 16:17:46.591 [main] INFO  org.hibernate.orm.core - HHH000001: Hibernate ORM core version 7.2.7.Final
2026-03-30 19:17:47.501 [http-nio-8080-exec-10] DEBUG o.s.web.servlet.DispatcherServlet - GET "/actuator/health", parameters={}
2026-03-30 19:17:47.537 [http-nio-8080-exec-10] DEBUG o.s.w.s.m.m.a.RequestResponseBodyMethodProcessor - Read "application/octet-stream" to []
2026-03-30 19:17:47.672 [http-nio-8080-exec-10] DEBUG o.s.w.s.m.m.a.HttpEntityMethodProcessor - Using 'application/vnd.spring-boot.actuator.v3+json', given [*/*] and supported [application/vnd.spring-boot.actuator.v3+json, application/vnd.spring-boot.actuator.v2+json, application/json]
2026-03-30 19:17:47.677 [http-nio-8080-exec-10] DEBUG o.s.w.s.m.m.a.HttpEntityMethodProcessor - Writing [org.springframework.boot.health.actuate.endpoint.SystemHealthDescriptor@2dee0170]
2026-03-30 19:17:47.706 [http-nio-8080-exec-10] DEBUG o.s.web.servlet.DispatcherServlet - Completed 200 OK
2026-03-30 16:17:48.344 [main] INFO  o.s.o.j.p.SpringPersistenceUnitInfo - No LoadTimeWeaver setup: ignoring JPA class transformer
2026-03-30 16:17:48.454 [main] INFO  com.zaxxer.hikari.HikariDataSource - HikariPool-1 - Starting...
2026-03-30 16:17:49.063 [main] INFO  com.zaxxer.hikari.pool.HikariPool - HikariPool-1 - Added connection conn0: url=jdbc:h2:mem:cartoes user=SA
2026-03-30 16:17:49.068 [main] INFO  com.zaxxer.hikari.HikariDataSource - HikariPool-1 - Start completed.
2026-03-30 16:17:49.144 [main] WARN  org.hibernate.orm.deprecation - HHH90000025: H2Dialect does not need to be specified explicitly using 'hibernate.dialect' (remove the property setting and it will be selected by default)
2026-03-30 16:17:49.204 [main] INFO  o.hibernate.orm.connections.pooling - HHH10001005: Database info:
	Database JDBC URL [jdbc:h2:mem:cartoes]
	Database driver: H2 JDBC Driver
	Database dialect: H2Dialect
	Database version: 2.4.240
	Default catalog/schema: CARTOES/PUBLIC
	Autocommit mode: undefined/unknown
	Isolation level: READ_COMMITTED [default READ_COMMITTED]
	JDBC fetch size: 100
	Pool: DataSourceConnectionProvider
	Minimum pool size: undefined/unknown
	Maximum pool size: undefined/unknown
2026-03-30 16:17:51.989 [main] INFO  org.hibernate.orm.core - HHH000489: No JTA platform available (set 'hibernate.transaction.jta.platform' to enable JTA platform integration)
2026-03-30 16:17:52.086 [main] INFO  o.s.o.j.LocalContainerEntityManagerFactoryBean - Initialized JPA EntityManagerFactory for persistence unit 'default'
2026-03-30 16:17:52.370 [main] INFO  o.s.d.j.r.q.QueryEnhancerFactories - Hibernate is in classpath; If applicable, HQL parser will be used.
2026-03-30 16:17:53.369 [main] WARN  o.s.b.j.a.JpaBaseConfiguration$JpaWebConfiguration - spring.jpa.open-in-view is enabled by default. Therefore, database queries may be performed during view rendering. Explicitly configure spring.jpa.open-in-view to disable this warning
2026-03-30 16:17:53.998 [main] DEBUG o.s.w.s.m.m.a.RequestMappingHandlerMapping - 7 mappings in 'requestMappingHandlerMapping'
2026-03-30 16:17:54.082 [main] DEBUG o.s.w.s.h.SimpleUrlHandlerMapping - Patterns [/webjars/**, /**, /swagger-ui*/*swagger-initializer.js, /swagger-ui*/**] in 'resourceHandlerMapping'
2026-03-30 16:17:54.182 [main] DEBUG o.s.w.s.m.m.a.RequestMappingHandlerAdapter - ControllerAdvice beans: 0 @ModelAttribute, 0 @InitBinder, 2 RequestBodyAdvice, 1 ResponseBodyAdvice
2026-03-30 16:17:54.335 [main] DEBUG o.s.w.s.m.m.a.ExceptionHandlerExceptionResolver - ControllerAdvice beans: 2 @ExceptionHandler, 1 ResponseBodyAdvice
2026-03-30 16:17:55.217 [main] INFO  o.s.b.h.a.H2ConsoleAutoConfiguration - H2 console available at '/h2-console'. Database available at 'jdbc:h2:mem:cartoes'
2026-03-30 16:17:55.661 [main] INFO  o.s.b.a.e.web.EndpointLinksResolver - Exposing 1 endpoint beneath base path '/actuator'
2026-03-30 16:17:55.882 [main] INFO  b.c.d.c.CartoesApplicationTests - Started CartoesApplicationTests in 15.249 seconds (process running for 19.197)
2026-03-30 16:17:57.027 [main] WARN  o.s.c.events.SpringDocAppInitializer - SpringDoc /v3/api-docs endpoint is enabled by default. To disable it in production, set the property 'springdoc.api-docs.enabled=false'
2026-03-30 16:17:57.028 [main] WARN  o.s.c.events.SpringDocAppInitializer - SpringDoc /swagger-ui.html endpoint is enabled by default. To disable it in production, set the property 'springdoc.swagger-ui.enabled=false'
2026-03-30 16:17:58.606 [main] DEBUG o.s.w.s.m.m.a.RequestMappingHandlerMapping - 1 mappings in org.springframework.web.servlet.mvc.method.annotation.RequestMappingHandlerMapping
2026-03-30 16:17:58.612 [main] DEBUG o.s.w.s.m.m.a.RequestMappingHandlerAdapter - ControllerAdvice beans: 0 @ModelAttribute, 0 @InitBinder, 2 RequestBodyAdvice, 1 ResponseBodyAdvice
2026-03-30 16:17:58.616 [main] DEBUG o.s.w.s.m.m.a.ExceptionHandlerExceptionResolver - ControllerAdvice beans: 1 @ExceptionHandler, 1 ResponseBodyAdvice
2026-03-30 16:17:58.622 [main] INFO  o.s.mock.web.MockServletContext - Initializing Spring TestDispatcherServlet ''
2026-03-30 16:17:58.623 [main] INFO  o.s.t.w.s.TestDispatcherServlet - Initializing Servlet ''
2026-03-30 16:17:58.625 [main] INFO  o.s.t.w.s.TestDispatcherServlet - Completed initialization in 2 ms
2026-03-30 16:17:58.809 [main] DEBUG o.s.w.s.m.m.a.RequestMappingHandlerMapping - Mapped to br.com.desafio.cartoes.controller.CartoesController#solicitar(SolicitacaoRequestDTO)
2026-03-30 16:17:59.178 [main] DEBUG o.s.w.s.m.m.a.RequestResponseBodyMethodProcessor - Read "application/json" to [SolicitacaoRequestDTO(cliente=ClienteRequestDTO(nome=João, cpf=null, idade=null, dataNascimento=null (truncated)...]
2026-03-30 16:17:59.403 [main] DEBUG o.s.w.s.m.m.a.ExceptionHandlerExceptionResolver - Using @ExceptionHandler br.com.desafio.cartoes.exception.GlobalExceptionHandler#handleValidationErrors(MethodArgumentNotValidException)
2026-03-30 16:17:59.404 [main] WARN  b.c.d.c.e.GlobalExceptionHandler - Erro de validação de entrada detectado
2026-03-30 16:17:59.471 [main] DEBUG o.s.w.s.m.m.a.HttpEntityMethodProcessor - Using 'application/json', given [*/*] and supported [application/json, application/*+json]
2026-03-30 16:17:59.476 [main] DEBUG o.s.w.s.m.m.a.HttpEntityMethodProcessor - Writing [ErroResponseDTO(codigo=400, mensagem=Validação de entrada falhou, detalheErro=ErroDetalheDTO(app=car (truncated)...]
2026-03-30 16:17:59.506 [main] DEBUG o.s.w.s.m.m.a.ExceptionHandlerExceptionResolver - Resolved [org.springframework.web.bind.MethodArgumentNotValidException: Validation failed for argument [0] in public org.springframework.http.ResponseEntity<?> br.com.desafio.cartoes.controller.CartoesController.solicitar(br.com.desafio.cartoes.domain.dto.SolicitacaoRequestDTO) with 7 errors: [Field error in object 'solicitacaoRequestDTO' on field 'cliente.dataNascimento': rejected value [null]; codes [NotNull.solicitacaoRequestDTO.cliente.dataNascimento,NotNull.cliente.dataNascimento,NotNull.dataNascimento,NotNull.java.time.LocalDate,NotNull]; arguments [org.springframework.context.support.DefaultMessageSourceResolvable: codes [solicitacaoRequestDTO.cliente.dataNascimento,cliente.dataNascimento]; arguments []; default message [cliente.dataNascimento]]; default message [Data de nascimento é obrigatória]] [Field error in object 'solicitacaoRequestDTO' on field 'cliente.telefoneWhatsapp': rejected value [null]; codes [NotBlank.solicitacaoRequestDTO.cliente.telefoneWhatsapp,NotBlank.cliente.telefoneWhatsapp,NotBlank.telefoneWhatsapp,NotBlank.java.lang.String,NotBlank]; arguments [org.springframework.context.support.DefaultMessageSourceResolvable: codes [solicitacaoRequestDTO.cliente.telefoneWhatsapp,cliente.telefoneWhatsapp]; arguments []; default message [cliente.telefoneWhatsapp]]; default message [Telefone WhatsApp é obrigatório]] [Field error in object 'solicitacaoRequestDTO' on field 'cliente.uf': rejected value [null]; codes [NotBlank.solicitacaoRequestDTO.cliente.uf,NotBlank.cliente.uf,NotBlank.uf,NotBlank.java.lang.String,NotBlank]; arguments [org.springframework.context.support.DefaultMessageSourceResolvable: codes [solicitacaoRequestDTO.cliente.uf,cliente.uf]; arguments []; default message [cliente.uf]]; default message [UF é obrigatória]] [Field error in object 'solicitacaoRequestDTO' on field 'cliente.email': rejected value [null]; codes [NotBlank.solicitacaoRequestDTO.cliente.email,NotBlank.cliente.email,NotBlank.email,NotBlank.java.lang.String,NotBlank]; arguments [org.springframework.context.support.DefaultMessageSourceResolvable: codes [solicitacaoRequestDTO.cliente.email,cliente.email]; arguments []; default message [cliente.email]]; default message [Email é obrigatório]] [Field error in object 'solicitacaoRequestDTO' on field 'cliente.cpf': rejected value [null]; codes [NotBlank.solicitacaoRequestDTO.cliente.cpf,NotBlank.cliente.cpf,NotBlank.cpf,NotBlank.java.lang.String,NotBlank]; arguments [org.springframework.context.support.DefaultMessageSourceResolvable: codes [solicitacaoRequestDTO.cliente.cpf,cliente.cpf]; arguments []; default message [cliente.cpf]]; default message [CPF é obrigatório]] [Field error in object 'solicitacaoRequestDTO' on field 'cliente.rendaMensal': rejected value [null]; codes [NotNull.solicitacaoRequestDTO.cliente.rendaMensal,NotNull.cliente.rendaMensal,NotNull.rendaMensal,NotNull.java.math.BigDecimal,NotNull]; arguments [org.springframework.context.support.DefaultMessageSourceResolvable: codes [solicitacaoRequestDTO.cliente.rendaMensal,cliente.rendaMensal]; arguments []; default message [cliente.rendaMensal]]; default message [Renda mensal é obrigatória]] [Field error in object 'solicitacaoRequestDTO' on field 'cliente.idade': rejected value [null]; codes [NotNull.solicitacaoRequestDTO.cliente.idade,NotNull.cliente.idade,NotNull.idade,NotNull.java.lang.Integer,NotNull]; arguments [org.springframework.context.support.DefaultMessageSourceResolvable: codes [solicitacaoRequestDTO.cliente.idade,cliente.idade]; arguments []; default message [cliente.idade]]; default message [Idade é obrigatória]] ]
2026-03-30 16:17:59.558 [main] DEBUG o.s.w.s.m.m.a.RequestMappingHandlerMapping - 1 mappings in org.springframework.web.servlet.mvc.method.annotation.RequestMappingHandlerMapping
2026-03-30 16:17:59.560 [main] DEBUG o.s.w.s.m.m.a.RequestMappingHandlerAdapter - ControllerAdvice beans: 0 @ModelAttribute, 0 @InitBinder, 2 RequestBodyAdvice, 1 ResponseBodyAdvice
2026-03-30 16:17:59.563 [main] DEBUG o.s.w.s.m.m.a.ExceptionHandlerExceptionResolver - ControllerAdvice beans: 1 @ExceptionHandler, 1 ResponseBodyAdvice
2026-03-30 16:17:59.564 [main] INFO  o.s.mock.web.MockServletContext - Initializing Spring TestDispatcherServlet ''
2026-03-30 16:17:59.565 [main] INFO  o.s.t.w.s.TestDispatcherServlet - Initializing Servlet ''
2026-03-30 16:17:59.565 [main] INFO  o.s.t.w.s.TestDispatcherServlet - Completed initialization in 0 ms
2026-03-30 16:17:59.640 [main] DEBUG o.s.w.s.m.m.a.RequestMappingHandlerMapping - Mapped to br.com.desafio.cartoes.controller.CartoesController#solicitar(SolicitacaoRequestDTO)
2026-03-30 16:17:59.655 [main] DEBUG o.s.w.s.m.m.a.RequestResponseBodyMethodProcessor - Read "application/json" to [SolicitacaoRequestDTO(cliente=ClienteRequestDTO(nome=João Silva, cpf=12345678901, idade=30, dataNasc (truncated)...]
2026-03-30 16:17:59.729 [main] INFO  b.c.d.c.controller.CartoesController - POST /cartoes recebido para CPF: 12345678901
2026-03-30 16:17:59.744 [main] INFO  b.c.d.c.controller.CartoesController - Nenhum cartão elegível para CPF: 12345678901 - retornando 204
2026-03-30 16:17:59.749 [main] DEBUG o.s.w.s.m.m.a.HttpEntityMethodProcessor - Using 'application/octet-stream', given [*/*] and supported [*/*]
2026-03-30 16:17:59.779 [main] DEBUG o.s.w.s.m.m.a.RequestMappingHandlerMapping - 1 mappings in org.springframework.web.servlet.mvc.method.annotation.RequestMappingHandlerMapping
2026-03-30 16:17:59.782 [main] DEBUG o.s.w.s.m.m.a.RequestMappingHandlerAdapter - ControllerAdvice beans: 0 @ModelAttribute, 0 @InitBinder, 2 RequestBodyAdvice, 1 ResponseBodyAdvice
2026-03-30 16:17:59.784 [main] DEBUG o.s.w.s.m.m.a.ExceptionHandlerExceptionResolver - ControllerAdvice beans: 1 @ExceptionHandler, 1 ResponseBodyAdvice
2026-03-30 16:17:59.785 [main] INFO  o.s.mock.web.MockServletContext - Initializing Spring TestDispatcherServlet ''
2026-03-30 16:17:59.786 [main] INFO  o.s.t.w.s.TestDispatcherServlet - Initializing Servlet ''
2026-03-30 16:17:59.787 [main] INFO  o.s.t.w.s.TestDispatcherServlet - Completed initialization in 1 ms
2026-03-30 16:17:59.802 [main] DEBUG o.s.w.s.m.m.a.RequestMappingHandlerMapping - Mapped to br.com.desafio.cartoes.controller.CartoesController#solicitar(SolicitacaoRequestDTO)
2026-03-30 16:17:59.813 [main] DEBUG o.s.w.s.m.m.a.RequestResponseBodyMethodProcessor - Read "application/json" to [SolicitacaoRequestDTO(cliente=ClienteRequestDTO(nome=João Silva, cpf=12345678901, idade=30, dataNasc (truncated)...]
2026-03-30 16:17:59.839 [main] INFO  b.c.d.c.controller.CartoesController - POST /cartoes recebido para CPF: 12345678901
2026-03-30 16:17:59.841 [main] DEBUG o.s.w.s.m.m.a.ExceptionHandlerExceptionResolver - Using @ExceptionHandler br.com.desafio.cartoes.exception.GlobalExceptionHandler#handleClienteInvalidoException(ClienteInvalidoException)
2026-03-30 16:17:59.842 [main] WARN  b.c.d.c.e.GlobalExceptionHandler - Regra de negócio violada: CLIENTE_MENOR_DE_IDADE - Cliente menor de 18 anos não é elegível
2026-03-30 16:17:59.850 [main] DEBUG o.s.w.s.m.m.a.HttpEntityMethodProcessor - Using 'application/json', given [*/*] and supported [application/json, application/*+json]
2026-03-30 16:17:59.851 [main] DEBUG o.s.w.s.m.m.a.HttpEntityMethodProcessor - Writing [ErroResponseDTO(codigo=422, mensagem=Cliente menor de 18 anos não é elegível, detalheErro=ErroDetalh (truncated)...]
2026-03-30 16:17:59.853 [main] DEBUG o.s.w.s.m.m.a.ExceptionHandlerExceptionResolver - Resolved [br.com.desafio.cartoes.exception.ClienteInvalidoException: Cliente menor de 18 anos não é elegível]
2026-03-30 16:18:00.055 [main] DEBUG o.s.w.s.m.m.a.RequestMappingHandlerMapping - 1 mappings in org.springframework.web.servlet.mvc.method.annotation.RequestMappingHandlerMapping
2026-03-30 16:18:00.057 [main] DEBUG o.s.w.s.m.m.a.RequestMappingHandlerAdapter - ControllerAdvice beans: 0 @ModelAttribute, 0 @InitBinder, 2 RequestBodyAdvice, 1 ResponseBodyAdvice
2026-03-30 16:18:00.059 [main] DEBUG o.s.w.s.m.m.a.ExceptionHandlerExceptionResolver - ControllerAdvice beans: 1 @ExceptionHandler, 1 ResponseBodyAdvice
2026-03-30 16:18:00.060 [main] INFO  o.s.mock.web.MockServletContext - Initializing Spring TestDispatcherServlet ''
2026-03-30 16:18:00.060 [main] INFO  o.s.t.w.s.TestDispatcherServlet - Initializing Servlet ''
2026-03-30 16:18:00.061 [main] INFO  o.s.t.w.s.TestDispatcherServlet - Completed initialization in 0 ms
2026-03-30 16:18:00.062 [main] DEBUG o.s.w.s.m.m.a.RequestMappingHandlerMapping - Mapped to br.com.desafio.cartoes.controller.CartoesController#solicitar(SolicitacaoRequestDTO)
2026-03-30 16:18:00.069 [main] DEBUG o.s.w.s.m.m.a.RequestResponseBodyMethodProcessor - Read "application/json" to [SolicitacaoRequestDTO(cliente=ClienteRequestDTO(nome=João Silva, cpf=12345678901, idade=30, dataNasc (truncated)...]
2026-03-30 16:18:00.126 [main] DEBUG o.s.w.s.m.m.a.ExceptionHandlerExceptionResolver - Using @ExceptionHandler br.com.desafio.cartoes.exception.GlobalExceptionHandler#handleValidationErrors(MethodArgumentNotValidException)
2026-03-30 16:18:00.127 [main] WARN  b.c.d.c.e.GlobalExceptionHandler - Erro de validação de entrada detectado
2026-03-30 16:18:00.129 [main] DEBUG o.s.w.s.m.m.a.HttpEntityMethodProcessor - Using 'application/json', given [*/*] and supported [application/json, application/*+json]
2026-03-30 16:18:00.130 [main] DEBUG o.s.w.s.m.m.a.HttpEntityMethodProcessor - Writing [ErroResponseDTO(codigo=400, mensagem=Validação de entrada falhou, detalheErro=ErroDetalheDTO(app=car (truncated)...]
2026-03-30 16:18:00.133 [main] DEBUG o.s.w.s.m.m.a.ExceptionHandlerExceptionResolver - Resolved [org.springframework.web.bind.MethodArgumentNotValidException: Validation failed for argument [0] in public org.springframework.http.ResponseEntity<?> br.com.desafio.cartoes.controller.CartoesController.solicitar(br.com.desafio.cartoes.domain.dto.SolicitacaoRequestDTO): [Field error in object 'solicitacaoRequestDTO' on field 'cliente.email': rejected value [invalido]; codes [Email.solicitacaoRequestDTO.cliente.email,Email.cliente.email,Email.email,Email.java.lang.String,Email]; arguments [org.springframework.context.support.DefaultMessageSourceResolvable: codes [solicitacaoRequestDTO.cliente.email,cliente.email]; arguments []; default message [cliente.email],[Ljakarta.validation.constraints.Pattern$Flag;@476a0071,.*]; default message [Email inválido]] ]
2026-03-30 16:18:00.152 [main] DEBUG o.s.w.s.m.m.a.RequestMappingHandlerMapping - 1 mappings in org.springframework.web.servlet.mvc.method.annotation.RequestMappingHandlerMapping
2026-03-30 16:18:00.153 [main] DEBUG o.s.w.s.m.m.a.RequestMappingHandlerAdapter - ControllerAdvice beans: 0 @ModelAttribute, 0 @InitBinder, 2 RequestBodyAdvice, 1 ResponseBodyAdvice
2026-03-30 16:18:00.154 [main] DEBUG o.s.w.s.m.m.a.ExceptionHandlerExceptionResolver - ControllerAdvice beans: 1 @ExceptionHandler, 1 ResponseBodyAdvice
2026-03-30 16:18:00.155 [main] INFO  o.s.mock.web.MockServletContext - Initializing Spring TestDispatcherServlet ''
2026-03-30 16:18:00.156 [main] INFO  o.s.t.w.s.TestDispatcherServlet - Initializing Servlet ''
2026-03-30 16:18:00.156 [main] INFO  o.s.t.w.s.TestDispatcherServlet - Completed initialization in 0 ms
2026-03-30 16:18:00.157 [main] DEBUG o.s.w.s.m.m.a.RequestMappingHandlerMapping - Mapped to br.com.desafio.cartoes.controller.CartoesController#solicitar(SolicitacaoRequestDTO)
2026-03-30 16:18:00.161 [main] DEBUG o.s.w.s.m.m.a.RequestResponseBodyMethodProcessor - Read "application/json" to [SolicitacaoRequestDTO(cliente=ClienteRequestDTO(nome=João, cpf=null, idade=null, dataNascimento=null (truncated)...]
2026-03-30 16:18:00.177 [main] DEBUG o.s.w.s.m.m.a.ExceptionHandlerExceptionResolver - Using @ExceptionHandler br.com.desafio.cartoes.exception.GlobalExceptionHandler#handleValidationErrors(MethodArgumentNotValidException)
2026-03-30 16:18:00.178 [main] WARN  b.c.d.c.e.GlobalExceptionHandler - Erro de validação de entrada detectado
2026-03-30 16:18:00.180 [main] DEBUG o.s.w.s.m.m.a.HttpEntityMethodProcessor - Using 'application/json', given [*/*] and supported [application/json, application/*+json]
2026-03-30 16:18:00.181 [main] DEBUG o.s.w.s.m.m.a.HttpEntityMethodProcessor - Writing [ErroResponseDTO(codigo=400, mensagem=Validação de entrada falhou, detalheErro=ErroDetalheDTO(app=car (truncated)...]
2026-03-30 16:18:00.187 [main] DEBUG o.s.w.s.m.m.a.ExceptionHandlerExceptionResolver - Resolved [org.springframework.web.bind.MethodArgumentNotValidException: Validation failed for argument [0] in public org.springframework.http.ResponseEntity<?> br.com.desafio.cartoes.controller.CartoesController.solicitar(br.com.desafio.cartoes.domain.dto.SolicitacaoRequestDTO) with 7 errors: [Field error in object 'solicitacaoRequestDTO' on field 'cliente.dataNascimento': rejected value [null]; codes [NotNull.solicitacaoRequestDTO.cliente.dataNascimento,NotNull.cliente.dataNascimento,NotNull.dataNascimento,NotNull.java.time.LocalDate,NotNull]; arguments [org.springframework.context.support.DefaultMessageSourceResolvable: codes [solicitacaoRequestDTO.cliente.dataNascimento,cliente.dataNascimento]; arguments []; default message [cliente.dataNascimento]]; default message [Data de nascimento é obrigatória]] [Field error in object 'solicitacaoRequestDTO' on field 'cliente.telefoneWhatsapp': rejected value [null]; codes [NotBlank.solicitacaoRequestDTO.cliente.telefoneWhatsapp,NotBlank.cliente.telefoneWhatsapp,NotBlank.telefoneWhatsapp,NotBlank.java.lang.String,NotBlank]; arguments [org.springframework.context.support.DefaultMessageSourceResolvable: codes [solicitacaoRequestDTO.cliente.telefoneWhatsapp,cliente.telefoneWhatsapp]; arguments []; default message [cliente.telefoneWhatsapp]]; default message [Telefone WhatsApp é obrigatório]] [Field error in object 'solicitacaoRequestDTO' on field 'cliente.uf': rejected value [null]; codes [NotBlank.solicitacaoRequestDTO.cliente.uf,NotBlank.cliente.uf,NotBlank.uf,NotBlank.java.lang.String,NotBlank]; arguments [org.springframework.context.support.DefaultMessageSourceResolvable: codes [solicitacaoRequestDTO.cliente.uf,cliente.uf]; arguments []; default message [cliente.uf]]; default message [UF é obrigatória]] [Field error in object 'solicitacaoRequestDTO' on field 'cliente.email': rejected value [null]; codes [NotBlank.solicitacaoRequestDTO.cliente.email,NotBlank.cliente.email,NotBlank.email,NotBlank.java.lang.String,NotBlank]; arguments [org.springframework.context.support.DefaultMessageSourceResolvable: codes [solicitacaoRequestDTO.cliente.email,cliente.email]; arguments []; default message [cliente.email]]; default message [Email é obrigatório]] [Field error in object 'solicitacaoRequestDTO' on field 'cliente.rendaMensal': rejected value [null]; codes [NotNull.solicitacaoRequestDTO.cliente.rendaMensal,NotNull.cliente.rendaMensal,NotNull.rendaMensal,NotNull.java.math.BigDecimal,NotNull]; arguments [org.springframework.context.support.DefaultMessageSourceResolvable: codes [solicitacaoRequestDTO.cliente.rendaMensal,cliente.rendaMensal]; arguments []; default message [cliente.rendaMensal]]; default message [Renda mensal é obrigatória]] [Field error in object 'solicitacaoRequestDTO' on field 'cliente.cpf': rejected value [null]; codes [NotBlank.solicitacaoRequestDTO.cliente.cpf,NotBlank.cliente.cpf,NotBlank.cpf,NotBlank.java.lang.String,NotBlank]; arguments [org.springframework.context.support.DefaultMessageSourceResolvable: codes [solicitacaoRequestDTO.cliente.cpf,cliente.cpf]; arguments []; default message [cliente.cpf]]; default message [CPF é obrigatório]] [Field error in object 'solicitacaoRequestDTO' on field 'cliente.idade': rejected value [null]; codes [NotNull.solicitacaoRequestDTO.cliente.idade,NotNull.cliente.idade,NotNull.idade,NotNull.java.lang.Integer,NotNull]; arguments [org.springframework.context.support.DefaultMessageSourceResolvable: codes [solicitacaoRequestDTO.cliente.idade,cliente.idade]; arguments []; default message [cliente.idade]]; default message [Idade é obrigatória]] ]
2026-03-30 16:18:00.222 [main] DEBUG o.s.w.s.m.m.a.RequestMappingHandlerMapping - 1 mappings in org.springframework.web.servlet.mvc.method.annotation.RequestMappingHandlerMapping
2026-03-30 16:18:00.224 [main] DEBUG o.s.w.s.m.m.a.RequestMappingHandlerAdapter - ControllerAdvice beans: 0 @ModelAttribute, 0 @InitBinder, 2 RequestBodyAdvice, 1 ResponseBodyAdvice
2026-03-30 16:18:00.226 [main] DEBUG o.s.w.s.m.m.a.ExceptionHandlerExceptionResolver - ControllerAdvice beans: 1 @ExceptionHandler, 1 ResponseBodyAdvice
2026-03-30 16:18:00.228 [main] INFO  o.s.mock.web.MockServletContext - Initializing Spring TestDispatcherServlet ''
2026-03-30 16:18:00.228 [main] INFO  o.s.t.w.s.TestDispatcherServlet - Initializing Servlet ''
2026-03-30 16:18:00.228 [main] INFO  o.s.t.w.s.TestDispatcherServlet - Completed initialization in 0 ms
2026-03-30 16:18:00.230 [main] DEBUG o.s.w.s.m.m.a.RequestMappingHandlerMapping - Mapped to br.com.desafio.cartoes.controller.CartoesController#solicitar(SolicitacaoRequestDTO)
2026-03-30 16:18:00.238 [main] DEBUG o.s.w.s.m.m.a.RequestResponseBodyMethodProcessor - Read "application/json" to [SolicitacaoRequestDTO(cliente=ClienteRequestDTO(nome=João Silva, cpf=12345678901, idade=30, dataNasc (truncated)...]
2026-03-30 16:18:00.260 [main] DEBUG o.s.w.s.m.m.a.ExceptionHandlerExceptionResolver - Using @ExceptionHandler br.com.desafio.cartoes.exception.GlobalExceptionHandler#handleValidationErrors(MethodArgumentNotValidException)
2026-03-30 16:18:00.261 [main] WARN  b.c.d.c.e.GlobalExceptionHandler - Erro de validação de entrada detectado
2026-03-30 16:18:00.276 [main] DEBUG o.s.w.s.m.m.a.HttpEntityMethodProcessor - Using 'application/json', given [*/*] and supported [application/json, application/*+json]
2026-03-30 16:18:00.278 [main] DEBUG o.s.w.s.m.m.a.HttpEntityMethodProcessor - Writing [ErroResponseDTO(codigo=400, mensagem=Validação de entrada falhou, detalheErro=ErroDetalheDTO(app=car (truncated)...]
2026-03-30 16:18:00.281 [main] DEBUG o.s.w.s.m.m.a.ExceptionHandlerExceptionResolver - Resolved [org.springframework.web.bind.MethodArgumentNotValidException: Validation failed for argument [0] in public org.springframework.http.ResponseEntity<?> br.com.desafio.cartoes.controller.CartoesController.solicitar(br.com.desafio.cartoes.domain.dto.SolicitacaoRequestDTO): [Field error in object 'solicitacaoRequestDTO' on field 'cliente.rendaMensal': rejected value [-1000]; codes [PositiveOrZero.solicitacaoRequestDTO.cliente.rendaMensal,PositiveOrZero.cliente.rendaMensal,PositiveOrZero.rendaMensal,PositiveOrZero.java.math.BigDecimal,PositiveOrZero]; arguments [org.springframework.context.support.DefaultMessageSourceResolvable: codes [solicitacaoRequestDTO.cliente.rendaMensal,cliente.rendaMensal]; arguments []; default message [cliente.rendaMensal]]; default message [Renda mensal não deve ser negativa]] ]
2026-03-30 16:18:00.314 [main] DEBUG o.s.w.s.m.m.a.RequestMappingHandlerMapping - 1 mappings in org.springframework.web.servlet.mvc.method.annotation.RequestMappingHandlerMapping
2026-03-30 16:18:00.316 [main] DEBUG o.s.w.s.m.m.a.RequestMappingHandlerAdapter - ControllerAdvice beans: 0 @ModelAttribute, 0 @InitBinder, 2 RequestBodyAdvice, 1 ResponseBodyAdvice
2026-03-30 16:18:00.317 [main] DEBUG o.s.w.s.m.m.a.ExceptionHandlerExceptionResolver - ControllerAdvice beans: 1 @ExceptionHandler, 1 ResponseBodyAdvice
2026-03-30 16:18:00.318 [main] INFO  o.s.mock.web.MockServletContext - Initializing Spring TestDispatcherServlet ''
2026-03-30 16:18:00.318 [main] INFO  o.s.t.w.s.TestDispatcherServlet - Initializing Servlet ''
2026-03-30 16:18:00.319 [main] INFO  o.s.t.w.s.TestDispatcherServlet - Completed initialization in 1 ms
2026-03-30 16:18:00.320 [main] DEBUG o.s.w.s.m.m.a.RequestMappingHandlerMapping - Mapped to br.com.desafio.cartoes.controller.CartoesController#solicitar(SolicitacaoRequestDTO)
2026-03-30 16:18:00.326 [main] DEBUG o.s.w.s.m.m.a.RequestResponseBodyMethodProcessor - Read "application/json" to [SolicitacaoRequestDTO(cliente=ClienteRequestDTO(nome=João Silva, cpf=12345678901, idade=-1, dataNasc (truncated)...]
2026-03-30 16:18:00.352 [main] DEBUG o.s.w.s.m.m.a.ExceptionHandlerExceptionResolver - Using @ExceptionHandler br.com.desafio.cartoes.exception.GlobalExceptionHandler#handleValidationErrors(MethodArgumentNotValidException)
2026-03-30 16:18:00.353 [main] WARN  b.c.d.c.e.GlobalExceptionHandler - Erro de validação de entrada detectado
2026-03-30 16:18:00.356 [main] DEBUG o.s.w.s.m.m.a.HttpEntityMethodProcessor - Using 'application/json', given [*/*] and supported [application/json, application/*+json]
2026-03-30 16:18:00.358 [main] DEBUG o.s.w.s.m.m.a.HttpEntityMethodProcessor - Writing [ErroResponseDTO(codigo=400, mensagem=Validação de entrada falhou, detalheErro=ErroDetalheDTO(app=car (truncated)...]
2026-03-30 16:18:00.365 [main] DEBUG o.s.w.s.m.m.a.ExceptionHandlerExceptionResolver - Resolved [org.springframework.web.bind.MethodArgumentNotValidException: Validation failed for argument [0] in public org.springframework.http.ResponseEntity<?> br.com.desafio.cartoes.controller.CartoesController.solicitar(br.com.desafio.cartoes.domain.dto.SolicitacaoRequestDTO): [Field error in object 'solicitacaoRequestDTO' on field 'cliente.idade': rejected value [-1]; codes [Min.solicitacaoRequestDTO.cliente.idade,Min.cliente.idade,Min.idade,Min.java.lang.Integer,Min]; arguments [org.springframework.context.support.DefaultMessageSourceResolvable: codes [solicitacaoRequestDTO.cliente.idade,cliente.idade]; arguments []; default message [cliente.idade],18]; default message [Cliente deve ter no mínimo 18 anos]] ]
2026-03-30 16:18:00.388 [main] DEBUG o.s.w.s.m.m.a.RequestMappingHandlerMapping - 1 mappings in org.springframework.web.servlet.mvc.method.annotation.RequestMappingHandlerMapping
2026-03-30 16:18:00.389 [main] DEBUG o.s.w.s.m.m.a.RequestMappingHandlerAdapter - ControllerAdvice beans: 0 @ModelAttribute, 0 @InitBinder, 2 RequestBodyAdvice, 1 ResponseBodyAdvice
2026-03-30 16:18:00.391 [main] DEBUG o.s.w.s.m.m.a.ExceptionHandlerExceptionResolver - ControllerAdvice beans: 1 @ExceptionHandler, 1 ResponseBodyAdvice
2026-03-30 16:18:00.392 [main] INFO  o.s.mock.web.MockServletContext - Initializing Spring TestDispatcherServlet ''
2026-03-30 16:18:00.392 [main] INFO  o.s.t.w.s.TestDispatcherServlet - Initializing Servlet ''
2026-03-30 16:18:00.393 [main] INFO  o.s.t.w.s.TestDispatcherServlet - Completed initialization in 0 ms
2026-03-30 16:18:00.403 [main] DEBUG o.s.w.s.m.m.a.RequestMappingHandlerMapping - Mapped to br.com.desafio.cartoes.controller.CartoesController#solicitar(SolicitacaoRequestDTO)
2026-03-30 16:18:00.411 [main] DEBUG o.s.w.s.m.m.a.RequestResponseBodyMethodProcessor - Read "application/json" to [SolicitacaoRequestDTO(cliente=ClienteRequestDTO(nome=Cliente Teste, cpf=123.456.789-10, idade=25, da (truncated)...]
2026-03-30 16:18:00.431 [main] INFO  b.c.d.c.controller.CartoesController - POST /cartoes recebido para CPF: 123.456.789-10
2026-03-30 16:18:00.433 [main] INFO  b.c.d.c.controller.CartoesController - Cartões encontrados para CPF 123.456.789-10: 1 cartões - retornando 200
2026-03-30 16:18:00.449 [main] DEBUG o.s.w.s.m.m.a.HttpEntityMethodProcessor - Using 'application/json', given [*/*] and supported [application/json, application/*+json]
2026-03-30 16:18:00.451 [main] DEBUG o.s.w.s.m.m.a.HttpEntityMethodProcessor - Writing [SolicitacaoResponseDTO(numeroSolicitacao=47538e3c-a8f2-4b1f-a560-ca87791793db, dataSolicitacao=2026- (truncated)...]
2026-03-30 16:18:00.517 [main] DEBUG o.s.w.s.m.m.a.RequestMappingHandlerMapping - 1 mappings in org.springframework.web.servlet.mvc.method.annotation.RequestMappingHandlerMapping
2026-03-30 16:18:00.519 [main] DEBUG o.s.w.s.m.m.a.RequestMappingHandlerAdapter - ControllerAdvice beans: 0 @ModelAttribute, 0 @InitBinder, 2 RequestBodyAdvice, 1 ResponseBodyAdvice
2026-03-30 16:18:00.521 [main] DEBUG o.s.w.s.m.m.a.ExceptionHandlerExceptionResolver - ControllerAdvice beans: 1 @ExceptionHandler, 1 ResponseBodyAdvice
2026-03-30 16:18:00.522 [main] INFO  o.s.mock.web.MockServletContext - Initializing Spring TestDispatcherServlet ''
2026-03-30 16:18:00.522 [main] INFO  o.s.t.w.s.TestDispatcherServlet - Initializing Servlet ''
2026-03-30 16:18:00.522 [main] INFO  o.s.t.w.s.TestDispatcherServlet - Completed initialization in 0 ms
2026-03-30 16:18:00.524 [main] DEBUG o.s.w.s.m.m.a.RequestMappingHandlerMapping - Mapped to br.com.desafio.cartoes.controller.CartoesController#solicitar(SolicitacaoRequestDTO)
2026-03-30 16:18:00.530 [main] DEBUG o.s.w.s.m.m.a.RequestResponseBodyMethodProcessor - Read "application/json" to [SolicitacaoRequestDTO(cliente=ClienteRequestDTO(nome=João Silva, cpf=12345678901, idade=30, dataNasc (truncated)...]
2026-03-30 16:18:00.561 [main] DEBUG o.s.w.s.m.m.a.ExceptionHandlerExceptionResolver - Using @ExceptionHandler br.com.desafio.cartoes.exception.GlobalExceptionHandler#handleValidationErrors(MethodArgumentNotValidException)
2026-03-30 16:18:00.561 [main] WARN  b.c.d.c.e.GlobalExceptionHandler - Erro de validação de entrada detectado
2026-03-30 16:18:00.563 [main] DEBUG o.s.w.s.m.m.a.HttpEntityMethodProcessor - Using 'application/json', given [*/*] and supported [application/json, application/*+json]
2026-03-30 16:18:00.564 [main] DEBUG o.s.w.s.m.m.a.HttpEntityMethodProcessor - Writing [ErroResponseDTO(codigo=400, mensagem=Validação de entrada falhou, detalheErro=ErroDetalheDTO(app=car (truncated)...]
2026-03-30 16:18:00.566 [main] DEBUG o.s.w.s.m.m.a.ExceptionHandlerExceptionResolver - Resolved [org.springframework.web.bind.MethodArgumentNotValidException: Validation failed for argument [0] in public org.springframework.http.ResponseEntity<?> br.com.desafio.cartoes.controller.CartoesController.solicitar(br.com.desafio.cartoes.domain.dto.SolicitacaoRequestDTO): [Field error in object 'solicitacaoRequestDTO' on field 'cliente.telefoneWhatsapp': rejected value [123]; codes [Pattern.solicitacaoRequestDTO.cliente.telefoneWhatsapp,Pattern.cliente.telefoneWhatsapp,Pattern.telefoneWhatsapp,Pattern.java.lang.String,Pattern]; arguments [org.springframework.context.support.DefaultMessageSourceResolvable: codes [solicitacaoRequestDTO.cliente.telefoneWhatsapp,cliente.telefoneWhatsapp]; arguments []; default message [cliente.telefoneWhatsapp],[Ljakarta.validation.constraints.Pattern$Flag;@3b59d246,^[0-9]{11}$]; default message [Telefone deve ter 11 dígitos]] ]
2026-03-30 16:18:00.618 [main] DEBUG o.s.w.s.m.m.a.RequestMappingHandlerMapping - 1 mappings in org.springframework.web.servlet.mvc.method.annotation.RequestMappingHandlerMapping
2026-03-30 16:18:00.619 [main] DEBUG o.s.w.s.m.m.a.RequestMappingHandlerAdapter - ControllerAdvice beans: 0 @ModelAttribute, 0 @InitBinder, 2 RequestBodyAdvice, 1 ResponseBodyAdvice
2026-03-30 16:18:00.620 [main] DEBUG o.s.w.s.m.m.a.ExceptionHandlerExceptionResolver - ControllerAdvice beans: 1 @ExceptionHandler, 1 ResponseBodyAdvice
2026-03-30 16:18:00.621 [main] INFO  o.s.mock.web.MockServletContext - Initializing Spring TestDispatcherServlet ''
2026-03-30 16:18:00.621 [main] INFO  o.s.t.w.s.TestDispatcherServlet - Initializing Servlet ''
2026-03-30 16:18:00.621 [main] INFO  o.s.t.w.s.TestDispatcherServlet - Completed initialization in 0 ms
2026-03-30 16:18:00.624 [main] DEBUG o.s.w.s.m.m.a.RequestMappingHandlerMapping - Mapped to br.com.desafio.cartoes.controller.CartoesController#solicitar(SolicitacaoRequestDTO)
2026-03-30 16:18:00.629 [main] DEBUG o.s.w.s.m.m.a.RequestResponseBodyMethodProcessor - Read "application/json" to []
2026-03-30 16:18:00.632 [main] DEBUG o.s.w.s.m.m.a.ExceptionHandlerExceptionResolver - Using @ExceptionHandler br.com.desafio.cartoes.exception.GlobalExceptionHandler#handleHttpMessageNotReadable(HttpMessageNotReadableException)
2026-03-30 16:18:00.632 [main] WARN  b.c.d.c.e.GlobalExceptionHandler - Corpo da requisição inválido ou ausente
2026-03-30 16:18:00.635 [main] DEBUG o.s.w.s.m.m.a.HttpEntityMethodProcessor - Using 'application/json', given [*/*] and supported [application/json, application/*+json]
2026-03-30 16:18:00.637 [main] DEBUG o.s.w.s.m.m.a.HttpEntityMethodProcessor - Writing [ErroResponseDTO(codigo=400, mensagem=Corpo da requisição inválido ou ausente, detalheErro=ErroDetalh (truncated)...]
2026-03-30 16:18:00.639 [main] DEBUG o.s.w.s.m.m.a.ExceptionHandlerExceptionResolver - Resolved [org.springframework.http.converter.HttpMessageNotReadableException: Required request body is missing: public org.springframework.http.ResponseEntity<?> br.com.desafio.cartoes.controller.CartoesController.solicitar(br.com.desafio.cartoes.domain.dto.SolicitacaoRequestDTO)]
2026-03-30 16:18:00.661 [main] DEBUG o.s.w.s.m.m.a.RequestMappingHandlerMapping - 1 mappings in org.springframework.web.servlet.mvc.method.annotation.RequestMappingHandlerMapping
2026-03-30 16:18:00.662 [main] DEBUG o.s.w.s.m.m.a.RequestMappingHandlerAdapter - ControllerAdvice beans: 0 @ModelAttribute, 0 @InitBinder, 2 RequestBodyAdvice, 1 ResponseBodyAdvice
2026-03-30 16:18:00.663 [main] DEBUG o.s.w.s.m.m.a.ExceptionHandlerExceptionResolver - ControllerAdvice beans: 1 @ExceptionHandler, 1 ResponseBodyAdvice
2026-03-30 16:18:00.664 [main] INFO  o.s.mock.web.MockServletContext - Initializing Spring TestDispatcherServlet ''
2026-03-30 16:18:00.664 [main] INFO  o.s.t.w.s.TestDispatcherServlet - Initializing Servlet ''
2026-03-30 16:18:00.665 [main] INFO  o.s.t.w.s.TestDispatcherServlet - Completed initialization in 1 ms
2026-03-30 16:18:00.669 [main] DEBUG o.s.w.s.m.m.a.RequestMappingHandlerMapping - Mapped to br.com.desafio.cartoes.controller.CartoesController#solicitar(SolicitacaoRequestDTO)
2026-03-30 16:18:00.672 [main] DEBUG o.s.w.s.m.m.a.RequestResponseBodyMethodProcessor - Read "application/json" to [SolicitacaoRequestDTO(cliente=ClienteRequestDTO(nome=Cliente Teste, cpf=123.456.789-10, idade=25, da (truncated)...]
2026-03-30 16:18:00.683 [main] INFO  b.c.d.c.controller.CartoesController - POST /cartoes recebido para CPF: 123.456.789-10
2026-03-30 16:18:00.684 [main] INFO  b.c.d.c.controller.CartoesController - Cartões encontrados para CPF 123.456.789-10: 2 cartões - retornando 200
2026-03-30 16:18:00.686 [main] DEBUG o.s.w.s.m.m.a.HttpEntityMethodProcessor - Using 'application/json', given [*/*] and supported [application/json, application/*+json]
2026-03-30 16:18:00.686 [main] DEBUG o.s.w.s.m.m.a.HttpEntityMethodProcessor - Writing [SolicitacaoResponseDTO(numeroSolicitacao=745f2812-c3f4-42ce-93fb-e119e643bda2, dataSolicitacao=2021- (truncated)...]
2026-03-30 16:18:00.739 [main] DEBUG o.s.w.s.m.m.a.RequestMappingHandlerMapping - 1 mappings in org.springframework.web.servlet.mvc.method.annotation.RequestMappingHandlerMapping
2026-03-30 16:18:00.740 [main] DEBUG o.s.w.s.m.m.a.RequestMappingHandlerAdapter - ControllerAdvice beans: 0 @ModelAttribute, 0 @InitBinder, 2 RequestBodyAdvice, 1 ResponseBodyAdvice
2026-03-30 16:18:00.741 [main] DEBUG o.s.w.s.m.m.a.ExceptionHandlerExceptionResolver - ControllerAdvice beans: 1 @ExceptionHandler, 1 ResponseBodyAdvice
2026-03-30 16:18:00.747 [main] INFO  o.s.mock.web.MockServletContext - Initializing Spring TestDispatcherServlet ''
2026-03-30 16:18:00.747 [main] INFO  o.s.t.w.s.TestDispatcherServlet - Initializing Servlet ''
2026-03-30 16:18:00.747 [main] INFO  o.s.t.w.s.TestDispatcherServlet - Completed initialization in 0 ms
2026-03-30 16:18:00.750 [main] DEBUG o.s.w.s.m.m.a.RequestMappingHandlerMapping - Mapped to br.com.desafio.cartoes.controller.CartoesController#solicitar(SolicitacaoRequestDTO)
2026-03-30 16:18:00.753 [main] DEBUG o.s.w.s.m.m.a.RequestResponseBodyMethodProcessor - Read "application/json" to [SolicitacaoRequestDTO(cliente=ClienteRequestDTO(nome=João Silva, cpf=12345678901, idade=30, dataNasc (truncated)...]
2026-03-30 16:18:00.766 [main] INFO  b.c.d.c.controller.CartoesController - POST /cartoes recebido para CPF: 12345678901
2026-03-30 16:18:00.767 [main] DEBUG o.s.w.s.m.m.a.ExceptionHandlerExceptionResolver - Using @ExceptionHandler br.com.desafio.cartoes.exception.GlobalExceptionHandler#handleGeneralException(Exception)
2026-03-30 16:18:00.768 [main] ERROR b.c.d.c.e.GlobalExceptionHandler - Erro inesperado na aplicação
java.lang.RuntimeException: Unexpected error
	at br.com.desafio.cartoes.service.CartaoService.solicitar(CartaoService.java:32)
	at br.com.desafio.cartoes.controller.CartoesController.solicitar(CartoesController.java:56)
	at java.base/jdk.internal.reflect.DirectMethodHandleAccessor.invoke(DirectMethodHandleAccessor.java:103)
	at java.base/java.lang.reflect.Method.invoke(Method.java:580)
	at org.springframework.web.method.support.InvocableHandlerMethod.doInvoke(InvocableHandlerMethod.java:252)
	at org.springframework.web.method.support.InvocableHandlerMethod.invokeForRequest(InvocableHandlerMethod.java:184)
	at org.springframework.web.servlet.mvc.method.annotation.ServletInvocableHandlerMethod.invokeAndHandle(ServletInvocableHandlerMethod.java:117)
	at org.springframework.web.servlet.mvc.method.annotation.RequestMappingHandlerAdapter.invokeHandlerMethod(RequestMappingHandlerAdapter.java:934)
	at org.springframework.web.servlet.mvc.method.annotation.RequestMappingHandlerAdapter.handleInternal(RequestMappingHandlerAdapter.java:853)
	at org.springframework.web.servlet.mvc.method.AbstractHandlerMethodAdapter.handle(AbstractHandlerMethodAdapter.java:86)
	at org.springframework.web.servlet.DispatcherServlet.doDispatch(DispatcherServlet.java:963)
	at org.springframework.web.servlet.DispatcherServlet.doService(DispatcherServlet.java:866)
	at org.springframework.web.servlet.FrameworkServlet.processRequest(FrameworkServlet.java:1000)
	at org.springframework.web.servlet.FrameworkServlet.doPost(FrameworkServlet.java:903)
	at jakarta.servlet.http.HttpServlet.service(HttpServlet.java:653)
	at org.springframework.web.servlet.FrameworkServlet.service(FrameworkServlet.java:874)
	at org.springframework.test.web.servlet.TestDispatcherServlet.service(TestDispatcherServlet.java:72)
	at jakarta.servlet.http.HttpServlet.service(HttpServlet.java:723)
	at org.springframework.mock.web.MockFilterChain$ServletFilterProxy.doFilter(MockFilterChain.java:160)
	at org.springframework.mock.web.MockFilterChain.doFilter(MockFilterChain.java:127)
	at org.springframework.test.web.servlet.MockMvc.perform(MockMvc.java:199)
	at br.com.desafio.cartoes.controller.CartoesControllerTest.given_erroInterno_when_postCartoes_then_retorna500(CartoesControllerTest.java:251)
	at java.base/jdk.internal.reflect.DirectMethodHandleAccessor.invoke(DirectMethodHandleAccessor.java:103)
	at java.base/java.lang.reflect.Method.invoke(Method.java:580)
	at org.junit.platform.commons.util.ReflectionUtils.invokeMethod(ReflectionUtils.java:701)
	at org.junit.platform.commons.support.ReflectionSupport.invokeMethod(ReflectionSupport.java:502)
	at org.junit.jupiter.engine.support.MethodReflectionUtils.invoke(MethodReflectionUtils.java:45)
	at org.junit.jupiter.engine.execution.MethodInvocation.proceed(MethodInvocation.java:61)
	at org.junit.jupiter.engine.execution.InvocationInterceptorChain$ValidatingInvocation.proceed(InvocationInterceptorChain.java:124)
	at org.junit.jupiter.engine.extension.TimeoutExtension.intercept(TimeoutExtension.java:163)
	at org.junit.jupiter.engine.extension.TimeoutExtension.interceptTestableMethod(TimeoutExtension.java:148)
	at org.junit.jupiter.engine.extension.TimeoutExtension.interceptTestMethod(TimeoutExtension.java:86)
	at org.junit.jupiter.engine.execution.InterceptingExecutableInvoker$ReflectiveInterceptorCall.lambda$ofVoidMethod$0(InterceptingExecutableInvoker.java:123)
	at org.junit.jupiter.engine.execution.InterceptingExecutableInvoker.lambda$invoke$0(InterceptingExecutableInvoker.java:105)
	at org.junit.jupiter.engine.execution.InvocationInterceptorChain$InterceptedInvocation.proceed(InvocationInterceptorChain.java:99)
	at org.junit.jupiter.engine.execution.InvocationInterceptorChain.proceed(InvocationInterceptorChain.java:66)
	at org.junit.jupiter.engine.execution.InvocationInterceptorChain.chainAndInvoke(InvocationInterceptorChain.java:47)
	at org.junit.jupiter.engine.execution.InvocationInterceptorChain.invoke(InvocationInterceptorChain.java:39)
	at org.junit.jupiter.engine.execution.InterceptingExecutableInvoker.invoke(InterceptingExecutableInvoker.java:104)
	at org.junit.jupiter.engine.execution.InterceptingExecutableInvoker.invoke(InterceptingExecutableInvoker.java:98)
	at org.junit.jupiter.engine.execution.InterceptingExecutableInvoker.invokeVoid(InterceptingExecutableInvoker.java:71)
	at org.junit.jupiter.engine.descriptor.TestMethodTestDescriptor.lambda$invokeTestMethod$0(TestMethodTestDescriptor.java:219)
	at org.junit.platform.engine.support.hierarchical.ThrowableCollector.execute(ThrowableCollector.java:74)
	at org.junit.jupiter.engine.descriptor.TestMethodTestDescriptor.invokeTestMethod(TestMethodTestDescriptor.java:215)
	at org.junit.jupiter.engine.descriptor.TestMethodTestDescriptor.execute(TestMethodTestDescriptor.java:157)
	at org.junit.jupiter.engine.descriptor.TestMethodTestDescriptor.execute(TestMethodTestDescriptor.java:70)
	at org.junit.platform.engine.support.hierarchical.NodeTestTask.lambda$executeRecursively$2(NodeTestTask.java:176)
	at org.junit.platform.engine.support.hierarchical.ThrowableCollector.execute(ThrowableCollector.java:74)
	at org.junit.platform.engine.support.hierarchical.NodeTestTask.lambda$executeRecursively$1(NodeTestTask.java:166)
	at org.junit.platform.engine.support.hierarchical.Node.around(Node.java:138)
	at org.junit.platform.engine.support.hierarchical.NodeTestTask.lambda$executeRecursively$0(NodeTestTask.java:164)
	at org.junit.platform.engine.support.hierarchical.ThrowableCollector.execute(ThrowableCollector.java:74)
	at org.junit.platform.engine.support.hierarchical.NodeTestTask.executeRecursively(NodeTestTask.java:163)
	at org.junit.platform.engine.support.hierarchical.NodeTestTask.execute(NodeTestTask.java:116)
	at java.base/java.util.ArrayList.forEach(ArrayList.java:1596)
	at org.junit.platform.engine.support.hierarchical.SameThreadHierarchicalTestExecutorService.invokeAll(SameThreadHierarchicalTestExecutorService.java:42)
	at org.junit.platform.engine.support.hierarchical.NodeTestTask.lambda$executeRecursively$2(NodeTestTask.java:180)
	at org.junit.platform.engine.support.hierarchical.ThrowableCollector.execute(ThrowableCollector.java:74)
	at org.junit.platform.engine.support.hierarchical.NodeTestTask.lambda$executeRecursively$1(NodeTestTask.java:166)
	at org.junit.platform.engine.support.hierarchical.Node.around(Node.java:138)
	at org.junit.platform.engine.support.hierarchical.NodeTestTask.lambda$executeRecursively$0(NodeTestTask.java:164)
	at org.junit.platform.engine.support.hierarchical.ThrowableCollector.execute(ThrowableCollector.java:74)
	at org.junit.platform.engine.support.hierarchical.NodeTestTask.executeRecursively(NodeTestTask.java:163)
	at org.junit.platform.engine.support.hierarchical.NodeTestTask.execute(NodeTestTask.java:116)
	at java.base/java.util.ArrayList.forEach(ArrayList.java:1596)
	at org.junit.platform.engine.support.hierarchical.SameThreadHierarchicalTestExecutorService.invokeAll(SameThreadHierarchicalTestExecutorService.java:42)
	at org.junit.platform.engine.support.hierarchical.NodeTestTask.lambda$executeRecursively$2(NodeTestTask.java:180)
	at org.junit.platform.engine.support.hierarchical.ThrowableCollector.execute(ThrowableCollector.java:74)
	at org.junit.platform.engine.support.hierarchical.NodeTestTask.lambda$executeRecursively$1(NodeTestTask.java:166)
	at org.junit.platform.engine.support.hierarchical.Node.around(Node.java:138)
	at org.junit.platform.engine.support.hierarchical.NodeTestTask.lambda$executeRecursively$0(NodeTestTask.java:164)
	at org.junit.platform.engine.support.hierarchical.ThrowableCollector.execute(ThrowableCollector.java:74)
	at org.junit.platform.engine.support.hierarchical.NodeTestTask.executeRecursively(NodeTestTask.java:163)
	at org.junit.platform.engine.support.hierarchical.NodeTestTask.execute(NodeTestTask.java:116)
	at org.junit.platform.engine.support.hierarchical.SameThreadHierarchicalTestExecutorService.submit(SameThreadHierarchicalTestExecutorService.java:36)
	at org.junit.platform.engine.support.hierarchical.HierarchicalTestExecutor.execute(HierarchicalTestExecutor.java:52)
	at org.junit.platform.engine.support.hierarchical.HierarchicalTestEngine.execute(HierarchicalTestEngine.java:58)
	at org.junit.platform.launcher.core.EngineExecutionOrchestrator.executeEngine(EngineExecutionOrchestrator.java:246)
	at org.junit.platform.launcher.core.EngineExecutionOrchestrator.failOrExecuteEngine(EngineExecutionOrchestrator.java:218)
	at org.junit.platform.launcher.core.EngineExecutionOrchestrator.execute(EngineExecutionOrchestrator.java:179)
	at org.junit.platform.launcher.core.EngineExecutionOrchestrator.execute(EngineExecutionOrchestrator.java:108)
	at org.junit.platform.launcher.core.EngineExecutionOrchestrator.lambda$execute$0(EngineExecutionOrchestrator.java:66)
	at org.junit.platform.launcher.core.EngineExecutionOrchestrator.withInterceptedStreams(EngineExecutionOrchestrator.java:157)
	at org.junit.platform.launcher.core.EngineExecutionOrchestrator.execute(EngineExecutionOrchestrator.java:65)
	at org.junit.platform.launcher.core.DefaultLauncher.execute(DefaultLauncher.java:125)
	at org.junit.platform.launcher.core.DefaultLauncher.execute(DefaultLauncher.java:114)
	at org.junit.platform.launcher.core.DelegatingLauncher.execute(DelegatingLauncher.java:58)
	at org.junit.platform.launcher.core.InterceptingLauncher.lambda$execute$2(InterceptingLauncher.java:57)
	at org.junit.platform.launcher.core.ClasspathAlignmentCheckingLauncherInterceptor.intercept(ClasspathAlignmentCheckingLauncherInterceptor.java:25)
	at org.junit.platform.launcher.core.InterceptingLauncher.execute(InterceptingLauncher.java:56)
	at org.junit.platform.launcher.core.DelegatingLauncher.execute(DelegatingLauncher.java:58)
	at java.base/jdk.internal.reflect.DirectMethodHandleAccessor.invoke(DirectMethodHandleAccessor.java:103)
	at java.base/java.lang.reflect.Method.invoke(Method.java:580)
	at org.apache.maven.surefire.api.util.ReflectionUtils.invokeMethodWithArray(ReflectionUtils.java:125)
	at org.apache.maven.surefire.junitplatform.LauncherAdapter.executeWithCancellationToken(LauncherAdapter.java:68)
	at org.apache.maven.surefire.junitplatform.LauncherAdapter.execute(LauncherAdapter.java:54)
	at org.apache.maven.surefire.junitplatform.JUnitPlatformProvider.execute(JUnitPlatformProvider.java:203)
	at org.apache.maven.surefire.junitplatform.JUnitPlatformProvider.invokeAllTests(JUnitPlatformProvider.java:168)
	at org.apache.maven.surefire.junitplatform.JUnitPlatformProvider.invoke(JUnitPlatformProvider.java:136)
	at org.apache.maven.surefire.booter.ForkedBooter.runSuitesInProcess(ForkedBooter.java:385)
	at org.apache.maven.surefire.booter.ForkedBooter.execute(ForkedBooter.java:162)
	at org.apache.maven.surefire.booter.ForkedBooter.run(ForkedBooter.java:507)
	at org.apache.maven.surefire.booter.ForkedBooter.main(ForkedBooter.java:495)
2026-03-30 16:18:00.811 [main] DEBUG o.s.w.s.m.m.a.HttpEntityMethodProcessor - Using 'application/json', given [*/*] and supported [application/json, application/*+json]
2026-03-30 16:18:00.812 [main] DEBUG o.s.w.s.m.m.a.HttpEntityMethodProcessor - Writing [ErroResponseDTO(codigo=500, mensagem=Um erro inesperado ocorreu., detalheErro=ErroDetalheDTO(app=car (truncated)...]
2026-03-30 16:18:00.814 [main] DEBUG o.s.w.s.m.m.a.ExceptionHandlerExceptionResolver - Resolved [java.lang.RuntimeException: Unexpected error]
2026-03-30 16:18:00.830 [main] DEBUG o.s.w.s.m.m.a.RequestMappingHandlerMapping - 1 mappings in org.springframework.web.servlet.mvc.method.annotation.RequestMappingHandlerMapping
2026-03-30 16:18:00.831 [main] DEBUG o.s.w.s.m.m.a.RequestMappingHandlerAdapter - ControllerAdvice beans: 0 @ModelAttribute, 0 @InitBinder, 2 RequestBodyAdvice, 1 ResponseBodyAdvice
2026-03-30 16:18:00.833 [main] DEBUG o.s.w.s.m.m.a.ExceptionHandlerExceptionResolver - ControllerAdvice beans: 1 @ExceptionHandler, 1 ResponseBodyAdvice
2026-03-30 16:18:00.833 [main] INFO  o.s.mock.web.MockServletContext - Initializing Spring TestDispatcherServlet ''
2026-03-30 16:18:00.834 [main] INFO  o.s.t.w.s.TestDispatcherServlet - Initializing Servlet ''
2026-03-30 16:18:00.834 [main] INFO  o.s.t.w.s.TestDispatcherServlet - Completed initialization in 0 ms
2026-03-30 16:18:00.836 [main] DEBUG o.s.w.s.m.m.a.RequestMappingHandlerMapping - Mapped to br.com.desafio.cartoes.controller.CartoesController#solicitar(SolicitacaoRequestDTO)
2026-03-30 16:18:00.840 [main] DEBUG o.s.w.s.m.m.a.RequestResponseBodyMethodProcessor - Read "application/json" to [SolicitacaoRequestDTO(cliente=ClienteRequestDTO(nome=João Silva, cpf=12345678901, idade=30, dataNasc (truncated)...]
2026-03-30 16:18:00.854 [main] INFO  b.c.d.c.controller.CartoesController - POST /cartoes recebido para CPF: 12345678901
2026-03-30 16:18:00.854 [main] INFO  b.c.d.c.controller.CartoesController - Cartões encontrados para CPF 12345678901: 1 cartões - retornando 200
2026-03-30 16:18:00.857 [main] DEBUG o.s.w.s.m.m.a.HttpEntityMethodProcessor - Using 'application/json', given [*/*] and supported [application/json, application/*+json]
2026-03-30 16:18:00.858 [main] DEBUG o.s.w.s.m.m.a.HttpEntityMethodProcessor - Writing [SolicitacaoResponseDTO(numeroSolicitacao=4d79814c-901a-4e19-aed6-43a7d2ea9389, dataSolicitacao=2026- (truncated)...]
2026-03-30 16:18:00.898 [main] DEBUG o.s.w.s.m.m.a.RequestMappingHandlerMapping - 1 mappings in org.springframework.web.servlet.mvc.method.annotation.RequestMappingHandlerMapping
2026-03-30 16:18:00.899 [main] DEBUG o.s.w.s.m.m.a.RequestMappingHandlerAdapter - ControllerAdvice beans: 0 @ModelAttribute, 0 @InitBinder, 2 RequestBodyAdvice, 1 ResponseBodyAdvice
2026-03-30 16:18:00.901 [main] DEBUG o.s.w.s.m.m.a.ExceptionHandlerExceptionResolver - ControllerAdvice beans: 1 @ExceptionHandler, 1 ResponseBodyAdvice
2026-03-30 16:18:00.902 [main] INFO  o.s.mock.web.MockServletContext - Initializing Spring TestDispatcherServlet ''
2026-03-30 16:18:00.902 [main] INFO  o.s.t.w.s.TestDispatcherServlet - Initializing Servlet ''
2026-03-30 16:18:00.902 [main] INFO  o.s.t.w.s.TestDispatcherServlet - Completed initialization in 0 ms
2026-03-30 16:18:00.904 [main] DEBUG o.s.w.s.m.m.a.RequestMappingHandlerMapping - Mapped to br.com.desafio.cartoes.controller.CartoesController#solicitar(SolicitacaoRequestDTO)
2026-03-30 16:18:00.908 [main] DEBUG o.s.w.s.m.m.a.RequestResponseBodyMethodProcessor - Read "application/json" to [SolicitacaoRequestDTO(cliente=ClienteRequestDTO(nome=João Silva, cpf=12345678901, idade=30, dataNasc (truncated)...]
2026-03-30 16:18:00.922 [main] INFO  b.c.d.c.controller.CartoesController - POST /cartoes recebido para CPF: 12345678901
2026-03-30 16:18:00.922 [main] INFO  b.c.d.c.controller.CartoesController - Nenhum cartão elegível para CPF: 12345678901 - retornando 204
2026-03-30 16:18:00.924 [main] DEBUG o.s.w.s.m.m.a.HttpEntityMethodProcessor - Using 'application/octet-stream', given [*/*] and supported [*/*]
2026-03-30 16:18:00.937 [main] DEBUG o.s.w.s.m.m.a.RequestMappingHandlerMapping - 1 mappings in org.springframework.web.servlet.mvc.method.annotation.RequestMappingHandlerMapping
2026-03-30 16:18:00.938 [main] DEBUG o.s.w.s.m.m.a.RequestMappingHandlerAdapter - ControllerAdvice beans: 0 @ModelAttribute, 0 @InitBinder, 2 RequestBodyAdvice, 1 ResponseBodyAdvice
2026-03-30 16:18:00.938 [main] DEBUG o.s.w.s.m.m.a.ExceptionHandlerExceptionResolver - ControllerAdvice beans: 1 @ExceptionHandler, 1 ResponseBodyAdvice
2026-03-30 16:18:00.940 [main] INFO  o.s.mock.web.MockServletContext - Initializing Spring TestDispatcherServlet ''
2026-03-30 16:18:00.940 [main] INFO  o.s.t.w.s.TestDispatcherServlet - Initializing Servlet ''
2026-03-30 16:18:00.940 [main] INFO  o.s.t.w.s.TestDispatcherServlet - Completed initialization in 0 ms
2026-03-30 16:18:00.942 [main] DEBUG o.s.w.s.m.m.a.RequestMappingHandlerMapping - Mapped to br.com.desafio.cartoes.controller.CartoesController#solicitar(SolicitacaoRequestDTO)
2026-03-30 16:18:00.946 [main] DEBUG o.s.w.s.m.m.a.RequestResponseBodyMethodProcessor - Read "application/json" to [SolicitacaoRequestDTO(cliente=ClienteRequestDTO(nome=João Silva, cpf=12345678901, idade=30, dataNasc (truncated)...]
2026-03-30 16:18:00.955 [main] INFO  b.c.d.c.controller.CartoesController - POST /cartoes recebido para CPF: 12345678901
2026-03-30 16:18:00.957 [main] DEBUG o.s.w.s.m.m.a.ExceptionHandlerExceptionResolver - Using @ExceptionHandler br.com.desafio.cartoes.exception.GlobalExceptionHandler#handleClienteInvalidoException(ClienteInvalidoException)
2026-03-30 16:18:00.957 [main] WARN  b.c.d.c.e.GlobalExceptionHandler - Regra de negócio violada: CPF_INVALIDO - CPF formato inválido
2026-03-30 16:18:00.959 [main] DEBUG o.s.w.s.m.m.a.HttpEntityMethodProcessor - Using 'application/json', given [*/*] and supported [application/json, application/*+json]
2026-03-30 16:18:00.959 [main] DEBUG o.s.w.s.m.m.a.HttpEntityMethodProcessor - Writing [ErroResponseDTO(codigo=400, mensagem=CPF formato inválido, detalheErro=ErroDetalheDTO(app=cartoes, t (truncated)...]
2026-03-30 16:18:00.961 [main] DEBUG o.s.w.s.m.m.a.ExceptionHandlerExceptionResolver - Resolved [br.com.desafio.cartoes.exception.ClienteInvalidoException: CPF formato inválido]
2026-03-30 16:18:06.493 [main] INFO  b.c.d.cartoes.service.CartaoService - Iniciando processamento de solicitação para CPF: 12345678901
2026-03-30 16:18:06.567 [main] INFO  b.c.d.cartoes.service.CartaoService - Solicitação 3aab417a-b9bf-4604-b586-db3268a6ca59 salva no banco de dados para CPF: 12345678901 com 1 cartões aprovados
2026-03-30 16:18:06.714 [main] INFO  b.c.d.cartoes.service.CartaoService - Iniciando processamento de solicitação para CPF: 12345678901
2026-03-30 16:18:06.717 [main] INFO  b.c.d.cartoes.service.CartaoService - Solicitação adbfcfc0-9399-4a7c-bd62-858814462479 salva no banco de dados para CPF: 12345678901 com 0 cartões aprovados
2026-03-30 16:18:06.730 [main] INFO  b.c.d.cartoes.service.CartaoService - Iniciando processamento de solicitação para CPF: 12345678901
2026-03-30 16:18:06.735 [main] INFO  b.c.d.cartoes.service.CartaoService - Solicitação 7c193876-9903-4772-8679-e40ef265ccb1 salva no banco de dados para CPF: 12345678901 com 3 cartões aprovados
2026-03-30 16:18:06.781 [main] INFO  b.c.d.cartoes.service.CartaoService - Iniciando processamento de solicitação para CPF: 12345678901
2026-03-30 16:18:06.784 [main] INFO  b.c.d.cartoes.service.CartaoService - Solicitação 9166683b-9914-44f3-b416-2dad80260a4f salva no banco de dados para CPF: 12345678901 com 3 cartões aprovados
2026-03-30 16:18:06.835 [main] INFO  b.c.d.cartoes.service.CartaoService - Iniciando processamento de solicitação para CPF: 12345678901
2026-03-30 16:18:06.864 [main] INFO  b.c.d.cartoes.service.CartaoService - Iniciando processamento de solicitação para CPF: 12345678901
2026-03-30 16:18:06.869 [main] INFO  b.c.d.cartoes.service.CartaoService - Solicitação bd8c6353-593d-40d7-aebc-ba1f5d68e464 salva no banco de dados para CPF: 12345678901 com 3 cartões aprovados
2026-03-30 16:18:07.200 [main] INFO  b.c.d.c.service.ElegibilidadeService - Processando elegibilidade do cliente: 12345678901
2026-03-30 16:18:07.201 [main] DEBUG b.c.d.c.service.ElegibilidadeService - Cartões carregados: 3
2026-03-30 16:18:07.202 [main] DEBUG b.c.d.c.service.ElegibilidadeService - Regra ElegibilidadeRule$MockitoMock$veDiZYvO aplicada: 3 → 0 cartões
2026-03-30 16:18:07.204 [main] DEBUG b.c.d.c.service.ElegibilidadeService - Nenhum cartão elegível após ElegibilidadeRule$MockitoMock$veDiZYvO
2026-03-30 16:18:07.204 [main] INFO  b.c.d.c.service.ElegibilidadeService - Cliente 12345678901 não elegível a nenhum cartão após aplicação das regras
2026-03-30 16:18:07.213 [main] INFO  b.c.d.c.service.ElegibilidadeService - Processando elegibilidade do cliente: 12345678901
2026-03-30 16:18:07.215 [main] DEBUG b.c.d.c.service.ElegibilidadeService - Cartões carregados: 3
2026-03-30 16:18:07.215 [main] DEBUG b.c.d.c.service.ElegibilidadeService - Regra ElegibilidadeRule$MockitoMock$veDiZYvO aplicada: 3 → 3 cartões
2026-03-30 16:18:07.216 [main] DEBUG b.c.d.c.service.ElegibilidadeService - Regra ElegibilidadeRule$MockitoMock$veDiZYvO aplicada: 3 → 3 cartões
2026-03-30 16:18:07.217 [main] INFO  b.c.d.c.service.ElegibilidadeService - Elegibilidade processada para 12345678901: 3 cartões aprovados
2026-03-30 16:18:07.223 [main] INFO  b.c.d.c.service.ElegibilidadeService - Processando elegibilidade do cliente: 12345678901
2026-03-30 16:18:07.223 [main] DEBUG b.c.d.c.service.ElegibilidadeService - Cartões carregados: 3
2026-03-30 16:18:07.224 [main] DEBUG b.c.d.c.service.ElegibilidadeService - Regra ElegibilidadeRule$MockitoMock$veDiZYvO aplicada: 3 → 1 cartões
2026-03-30 16:18:07.225 [main] DEBUG b.c.d.c.service.ElegibilidadeService - Regra ElegibilidadeRule$MockitoMock$veDiZYvO aplicada: 1 → 1 cartões
2026-03-30 16:18:07.226 [main] INFO  b.c.d.c.service.ElegibilidadeService - Elegibilidade processada para 12345678901: 1 cartões aprovados
2026-03-30 16:18:07.232 [main] INFO  b.c.d.c.service.ElegibilidadeService - Processando elegibilidade do cliente: 12345678901
2026-03-30 16:18:07.232 [main] DEBUG b.c.d.c.service.ElegibilidadeService - Cartões carregados: 0
2026-03-30 16:18:07.233 [main] INFO  b.c.d.c.service.ElegibilidadeService - Nenhum cartão ativo encontrado para processar
2026-03-30 16:18:07.240 [main] INFO  b.c.d.c.service.ElegibilidadeService - Processando elegibilidade do cliente: 12345678901
2026-03-30 16:18:07.240 [main] DEBUG b.c.d.c.service.ElegibilidadeService - Cartões carregados: 3
2026-03-30 16:18:07.241 [main] DEBUG b.c.d.c.service.ElegibilidadeService - Regra ElegibilidadeRule$MockitoMock$veDiZYvO aplicada: 3 → 3 cartões
2026-03-30 16:18:07.241 [main] DEBUG b.c.d.c.service.ElegibilidadeService - Regra ElegibilidadeRule$MockitoMock$veDiZYvO aplicada: 3 → 3 cartões
2026-03-30 16:18:07.242 [main] INFO  b.c.d.c.service.ElegibilidadeService - Elegibilidade processada para 12345678901: 3 cartões aprovados
2026-03-30 16:18:07.252 [main] DEBUG b.c.d.c.s.ValidacaoClienteService - Iniciando validação do cliente: 123
2026-03-30 16:18:07.256 [main] WARN  b.c.d.c.s.ValidacaoClienteService - CPF inválido: 123
2026-03-30 16:18:07.280 [main] DEBUG b.c.d.c.s.ValidacaoClienteService - Iniciando validação do cliente: 12345678901
2026-03-30 16:18:07.281 [main] DEBUG b.c.d.c.s.ValidacaoClienteService - Validação do cliente 12345678901 passou com sucesso
2026-03-30 16:18:07.285 [main] DEBUG b.c.d.c.s.ValidacaoClienteService - Iniciando validação do cliente: 12345678901
2026-03-30 16:18:07.285 [main] WARN  b.c.d.c.s.ValidacaoClienteService - UF inválida: sp
2026-03-30 16:18:07.299 [main] DEBUG b.c.d.c.s.ValidacaoClienteService - Iniciando validação do cliente: 12345678901
2026-03-30 16:18:07.299 [main] DEBUG b.c.d.c.s.ValidacaoClienteService - Validação do cliente 12345678901 passou com sucesso
2026-03-30 16:18:07.302 [main] DEBUG b.c.d.c.s.ValidacaoClienteService - Iniciando validação do cliente: 12345678901
2026-03-30 16:18:07.303 [main] WARN  b.c.d.c.s.ValidacaoClienteService - UF inválida: XX
2026-03-30 16:18:07.307 [main] DEBUG b.c.d.c.s.ValidacaoClienteService - Iniciando validação do cliente: 
2026-03-30 16:18:07.307 [main] WARN  b.c.d.c.s.ValidacaoClienteService - CPF inválido: 
2026-03-30 16:18:07.311 [main] DEBUG b.c.d.c.s.ValidacaoClienteService - Iniciando validação do cliente: 123.456.789-01
2026-03-30 16:18:07.311 [main] DEBUG b.c.d.c.s.ValidacaoClienteService - Validação do cliente 123.456.789-01 passou com sucesso
2026-03-30 16:18:07.314 [main] DEBUG b.c.d.c.s.ValidacaoClienteService - Iniciando validação do cliente: 12345678901
2026-03-30 16:18:07.315 [main] WARN  b.c.d.c.s.ValidacaoClienteService - Cliente menor de 18 anos rejeitado: CPF 12345678901, idade 17
2026-03-30 16:18:07.322 [main] DEBUG b.c.d.c.s.ValidacaoClienteService - Iniciando validação do cliente: 12345678901
2026-03-30 16:18:07.322 [main] DEBUG b.c.d.c.s.ValidacaoClienteService - Validação do cliente 12345678901 passou com sucesso
2026-03-30 16:18:07.576 [SpringApplicationShutdownHook] DEBUG o.s.w.c.s.GenericWebApplicationContext - Closing org.springframework.web.context.support.GenericWebApplicationContext@315f09ef, started on Mon Mar 30 16:17:42 BRT 2026
2026-03-30 16:18:07.594 [SpringApplicationShutdownHook] INFO  o.s.o.j.LocalContainerEntityManagerFactoryBean - Closing JPA EntityManagerFactory for persistence unit 'default'
2026-03-30 16:18:07.606 [SpringApplicationShutdownHook] INFO  com.zaxxer.hikari.HikariDataSource - HikariPool-1 - Shutdown initiated...
2026-03-30 16:18:07.615 [SpringApplicationShutdownHook] INFO  com.zaxxer.hikari.HikariDataSource - HikariPool-1 - Shutdown completed.
2026-03-30 19:18:21.003 [http-nio-8080-exec-1] DEBUG o.s.web.servlet.DispatcherServlet - GET "/actuator/health", parameters={}
2026-03-30 19:18:21.009 [http-nio-8080-exec-1] DEBUG o.s.w.s.m.m.a.RequestResponseBodyMethodProcessor - Read "application/octet-stream" to []
2026-03-30 19:18:21.046 [http-nio-8080-exec-1] DEBUG o.s.w.s.m.m.a.HttpEntityMethodProcessor - Using 'application/vnd.spring-boot.actuator.v3+json', given [*/*] and supported [application/vnd.spring-boot.actuator.v3+json, application/vnd.spring-boot.actuator.v2+json, application/json]
2026-03-30 19:18:21.051 [http-nio-8080-exec-1] DEBUG o.s.w.s.m.m.a.HttpEntityMethodProcessor - Writing [org.springframework.boot.health.actuate.endpoint.SystemHealthDescriptor@735d4eac]
2026-03-30 19:18:21.059 [http-nio-8080-exec-1] DEBUG o.s.web.servlet.DispatcherServlet - Completed 200 OK
2026-03-30 16:18:35.050 [background-preinit] INFO  o.h.validator.internal.util.Version - HV000001: Hibernate Validator 9.0.1.Final
2026-03-30 16:18:35.169 [main] INFO  b.c.d.c.CartoesApplicationTests - Starting CartoesApplicationTests using Java 21.0.7 with PID 10428 (started by jukia in C:\Users\jukia\OneDrive\Desktop\DesafioItau\cartoes\cartoes)
2026-03-30 16:18:35.170 [main] DEBUG b.c.d.c.CartoesApplicationTests - Running with Spring Boot v4.0.4, Spring v7.0.6
2026-03-30 16:18:35.172 [main] INFO  b.c.d.c.CartoesApplicationTests - No active profile set, falling back to 1 default profile: "default"
2026-03-30 16:18:35.254 [main] DEBUG o.s.w.c.s.GenericWebApplicationContext - Refreshing org.springframework.web.context.support.GenericWebApplicationContext@315f09ef
2026-03-30 16:18:37.937 [main] INFO  o.s.d.r.c.RepositoryConfigurationDelegate - Bootstrapping Spring Data JPA repositories in DEFAULT mode.
2026-03-30 16:18:38.105 [main] INFO  o.s.d.r.c.RepositoryConfigurationDelegate - Finished Spring Data repository scanning in 145 ms. Found 2 JPA repository interfaces.
2026-03-30 16:18:40.292 [main] INFO  org.hibernate.orm.jpa - HHH008540: Processing PersistenceUnitInfo [name: default]
2026-03-30 16:18:40.518 [main] INFO  org.hibernate.orm.core - HHH000001: Hibernate ORM core version 7.2.7.Final
2026-03-30 16:18:42.051 [main] INFO  o.s.o.j.p.SpringPersistenceUnitInfo - No LoadTimeWeaver setup: ignoring JPA class transformer
2026-03-30 16:18:42.134 [main] INFO  com.zaxxer.hikari.HikariDataSource - HikariPool-1 - Starting...
2026-03-30 16:18:42.822 [main] INFO  com.zaxxer.hikari.pool.HikariPool - HikariPool-1 - Added connection conn0: url=jdbc:h2:mem:cartoes user=SA
2026-03-30 16:18:42.828 [main] INFO  com.zaxxer.hikari.HikariDataSource - HikariPool-1 - Start completed.
2026-03-30 16:18:42.905 [main] WARN  org.hibernate.orm.deprecation - HHH90000025: H2Dialect does not need to be specified explicitly using 'hibernate.dialect' (remove the property setting and it will be selected by default)
2026-03-30 16:18:42.967 [main] INFO  o.hibernate.orm.connections.pooling - HHH10001005: Database info:
	Database JDBC URL [jdbc:h2:mem:cartoes]
	Database driver: H2 JDBC Driver
	Database dialect: H2Dialect
	Database version: 2.4.240
	Default catalog/schema: CARTOES/PUBLIC
	Autocommit mode: undefined/unknown
	Isolation level: READ_COMMITTED [default READ_COMMITTED]
	JDBC fetch size: 100
	Pool: DataSourceConnectionProvider
	Minimum pool size: undefined/unknown
	Maximum pool size: undefined/unknown
2026-03-30 16:18:45.494 [main] INFO  org.hibernate.orm.core - HHH000489: No JTA platform available (set 'hibernate.transaction.jta.platform' to enable JTA platform integration)
2026-03-30 16:18:45.653 [main] INFO  o.s.o.j.LocalContainerEntityManagerFactoryBean - Initialized JPA EntityManagerFactory for persistence unit 'default'
2026-03-30 16:18:45.850 [main] INFO  o.s.d.j.r.q.QueryEnhancerFactories - Hibernate is in classpath; If applicable, HQL parser will be used.
2026-03-30 16:18:46.959 [main] WARN  o.s.b.j.a.JpaBaseConfiguration$JpaWebConfiguration - spring.jpa.open-in-view is enabled by default. Therefore, database queries may be performed during view rendering. Explicitly configure spring.jpa.open-in-view to disable this warning
2026-03-30 16:18:47.581 [main] DEBUG o.s.w.s.m.m.a.RequestMappingHandlerMapping - 7 mappings in 'requestMappingHandlerMapping'
2026-03-30 16:18:47.680 [main] DEBUG o.s.w.s.h.SimpleUrlHandlerMapping - Patterns [/webjars/**, /**, /swagger-ui*/*swagger-initializer.js, /swagger-ui*/**] in 'resourceHandlerMapping'
2026-03-30 16:18:47.771 [main] DEBUG o.s.w.s.m.m.a.RequestMappingHandlerAdapter - ControllerAdvice beans: 0 @ModelAttribute, 0 @InitBinder, 2 RequestBodyAdvice, 1 ResponseBodyAdvice
2026-03-30 16:18:47.895 [main] DEBUG o.s.w.s.m.m.a.ExceptionHandlerExceptionResolver - ControllerAdvice beans: 2 @ExceptionHandler, 1 ResponseBodyAdvice
2026-03-30 16:18:48.568 [main] INFO  o.s.b.h.a.H2ConsoleAutoConfiguration - H2 console available at '/h2-console'. Database available at 'jdbc:h2:mem:cartoes'
2026-03-30 16:18:49.035 [main] INFO  o.s.b.a.e.web.EndpointLinksResolver - Exposing 1 endpoint beneath base path '/actuator'
2026-03-30 16:18:49.279 [main] INFO  b.c.d.c.CartoesApplicationTests - Started CartoesApplicationTests in 15.559 seconds (process running for 19.312)
2026-03-30 16:18:50.144 [main] WARN  o.s.c.events.SpringDocAppInitializer - SpringDoc /v3/api-docs endpoint is enabled by default. To disable it in production, set the property 'springdoc.api-docs.enabled=false'
2026-03-30 16:18:50.145 [main] WARN  o.s.c.events.SpringDocAppInitializer - SpringDoc /swagger-ui.html endpoint is enabled by default. To disable it in production, set the property 'springdoc.swagger-ui.enabled=false'
2026-03-30 19:18:51.486 [http-nio-8080-exec-3] DEBUG o.s.web.servlet.DispatcherServlet - GET "/actuator/health", parameters={}
2026-03-30 19:18:51.735 [http-nio-8080-exec-3] DEBUG o.s.w.s.m.m.a.RequestResponseBodyMethodProcessor - Read "application/octet-stream" to []
2026-03-30 19:18:51.741 [http-nio-8080-exec-3] DEBUG o.s.w.s.m.m.a.HttpEntityMethodProcessor - Using 'application/vnd.spring-boot.actuator.v3+json', given [*/*] and supported [application/vnd.spring-boot.actuator.v3+json, application/vnd.spring-boot.actuator.v2+json, application/json]
2026-03-30 19:18:51.743 [http-nio-8080-exec-3] DEBUG o.s.w.s.m.m.a.HttpEntityMethodProcessor - Writing [org.springframework.boot.health.actuate.endpoint.SystemHealthDescriptor@2b6bde9c]
2026-03-30 19:18:51.747 [http-nio-8080-exec-3] DEBUG o.s.web.servlet.DispatcherServlet - Completed 200 OK
2026-03-30 16:18:51.843 [main] DEBUG o.s.w.s.m.m.a.RequestMappingHandlerMapping - 1 mappings in org.springframework.web.servlet.mvc.method.annotation.RequestMappingHandlerMapping
2026-03-30 16:18:51.848 [main] DEBUG o.s.w.s.m.m.a.RequestMappingHandlerAdapter - ControllerAdvice beans: 0 @ModelAttribute, 0 @InitBinder, 2 RequestBodyAdvice, 1 ResponseBodyAdvice
2026-03-30 16:18:51.852 [main] DEBUG o.s.w.s.m.m.a.ExceptionHandlerExceptionResolver - ControllerAdvice beans: 1 @ExceptionHandler, 1 ResponseBodyAdvice
2026-03-30 16:18:51.860 [main] INFO  o.s.mock.web.MockServletContext - Initializing Spring TestDispatcherServlet ''
2026-03-30 16:18:51.861 [main] INFO  o.s.t.w.s.TestDispatcherServlet - Initializing Servlet ''
2026-03-30 16:18:51.863 [main] INFO  o.s.t.w.s.TestDispatcherServlet - Completed initialization in 1 ms
2026-03-30 16:18:52.031 [main] DEBUG o.s.w.s.m.m.a.RequestMappingHandlerMapping - Mapped to br.com.desafio.cartoes.controller.CartoesController#solicitar(SolicitacaoRequestDTO)
2026-03-30 16:18:52.371 [main] DEBUG o.s.w.s.m.m.a.RequestResponseBodyMethodProcessor - Read "application/json" to [SolicitacaoRequestDTO(cliente=ClienteRequestDTO(nome=João, cpf=null, idade=null, dataNascimento=null (truncated)...]
2026-03-30 16:18:52.597 [main] DEBUG o.s.w.s.m.m.a.ExceptionHandlerExceptionResolver - Using @ExceptionHandler br.com.desafio.cartoes.exception.GlobalExceptionHandler#handleValidationErrors(MethodArgumentNotValidException)
2026-03-30 16:18:52.598 [main] WARN  b.c.d.c.e.GlobalExceptionHandler - Erro de validação de entrada detectado
2026-03-30 16:18:52.654 [main] DEBUG o.s.w.s.m.m.a.HttpEntityMethodProcessor - Using 'application/json', given [*/*] and supported [application/json, application/*+json]
2026-03-30 16:18:52.658 [main] DEBUG o.s.w.s.m.m.a.HttpEntityMethodProcessor - Writing [ErroResponseDTO(codigo=400, mensagem=Validação de entrada falhou, detalheErro=ErroDetalheDTO(app=car (truncated)...]
2026-03-30 16:18:52.690 [main] DEBUG o.s.w.s.m.m.a.ExceptionHandlerExceptionResolver - Resolved [org.springframework.web.bind.MethodArgumentNotValidException: Validation failed for argument [0] in public org.springframework.http.ResponseEntity<?> br.com.desafio.cartoes.controller.CartoesController.solicitar(br.com.desafio.cartoes.domain.dto.SolicitacaoRequestDTO) with 7 errors: [Field error in object 'solicitacaoRequestDTO' on field 'cliente.uf': rejected value [null]; codes [NotBlank.solicitacaoRequestDTO.cliente.uf,NotBlank.cliente.uf,NotBlank.uf,NotBlank.java.lang.String,NotBlank]; arguments [org.springframework.context.support.DefaultMessageSourceResolvable: codes [solicitacaoRequestDTO.cliente.uf,cliente.uf]; arguments []; default message [cliente.uf]]; default message [UF é obrigatória]] [Field error in object 'solicitacaoRequestDTO' on field 'cliente.email': rejected value [null]; codes [NotBlank.solicitacaoRequestDTO.cliente.email,NotBlank.cliente.email,NotBlank.email,NotBlank.java.lang.String,NotBlank]; arguments [org.springframework.context.support.DefaultMessageSourceResolvable: codes [solicitacaoRequestDTO.cliente.email,cliente.email]; arguments []; default message [cliente.email]]; default message [Email é obrigatório]] [Field error in object 'solicitacaoRequestDTO' on field 'cliente.telefoneWhatsapp': rejected value [null]; codes [NotBlank.solicitacaoRequestDTO.cliente.telefoneWhatsapp,NotBlank.cliente.telefoneWhatsapp,NotBlank.telefoneWhatsapp,NotBlank.java.lang.String,NotBlank]; arguments [org.springframework.context.support.DefaultMessageSourceResolvable: codes [solicitacaoRequestDTO.cliente.telefoneWhatsapp,cliente.telefoneWhatsapp]; arguments []; default message [cliente.telefoneWhatsapp]]; default message [Telefone WhatsApp é obrigatório]] [Field error in object 'solicitacaoRequestDTO' on field 'cliente.rendaMensal': rejected value [null]; codes [NotNull.solicitacaoRequestDTO.cliente.rendaMensal,NotNull.cliente.rendaMensal,NotNull.rendaMensal,NotNull.java.math.BigDecimal,NotNull]; arguments [org.springframework.context.support.DefaultMessageSourceResolvable: codes [solicitacaoRequestDTO.cliente.rendaMensal,cliente.rendaMensal]; arguments []; default message [cliente.rendaMensal]]; default message [Renda mensal é obrigatória]] [Field error in object 'solicitacaoRequestDTO' on field 'cliente.dataNascimento': rejected value [null]; codes [NotNull.solicitacaoRequestDTO.cliente.dataNascimento,NotNull.cliente.dataNascimento,NotNull.dataNascimento,NotNull.java.time.LocalDate,NotNull]; arguments [org.springframework.context.support.DefaultMessageSourceResolvable: codes [solicitacaoRequestDTO.cliente.dataNascimento,cliente.dataNascimento]; arguments []; default message [cliente.dataNascimento]]; default message [Data de nascimento é obrigatória]] [Field error in object 'solicitacaoRequestDTO' on field 'cliente.idade': rejected value [null]; codes [NotNull.solicitacaoRequestDTO.cliente.idade,NotNull.cliente.idade,NotNull.idade,NotNull.java.lang.Integer,NotNull]; arguments [org.springframework.context.support.DefaultMessageSourceResolvable: codes [solicitacaoRequestDTO.cliente.idade,cliente.idade]; arguments []; default message [cliente.idade]]; default message [Idade é obrigatória]] [Field error in object 'solicitacaoRequestDTO' on field 'cliente.cpf': rejected value [null]; codes [NotBlank.solicitacaoRequestDTO.cliente.cpf,NotBlank.cliente.cpf,NotBlank.cpf,NotBlank.java.lang.String,NotBlank]; arguments [org.springframework.context.support.DefaultMessageSourceResolvable: codes [solicitacaoRequestDTO.cliente.cpf,cliente.cpf]; arguments []; default message [cliente.cpf]]; default message [CPF é obrigatório]] ]
2026-03-30 16:18:52.742 [main] DEBUG o.s.w.s.m.m.a.RequestMappingHandlerMapping - 1 mappings in org.springframework.web.servlet.mvc.method.annotation.RequestMappingHandlerMapping
2026-03-30 16:18:52.744 [main] DEBUG o.s.w.s.m.m.a.RequestMappingHandlerAdapter - ControllerAdvice beans: 0 @ModelAttribute, 0 @InitBinder, 2 RequestBodyAdvice, 1 ResponseBodyAdvice
2026-03-30 16:18:52.746 [main] DEBUG o.s.w.s.m.m.a.ExceptionHandlerExceptionResolver - ControllerAdvice beans: 1 @ExceptionHandler, 1 ResponseBodyAdvice
2026-03-30 16:18:52.747 [main] INFO  o.s.mock.web.MockServletContext - Initializing Spring TestDispatcherServlet ''
2026-03-30 16:18:52.748 [main] INFO  o.s.t.w.s.TestDispatcherServlet - Initializing Servlet ''
2026-03-30 16:18:52.749 [main] INFO  o.s.t.w.s.TestDispatcherServlet - Completed initialization in 1 ms
2026-03-30 16:18:52.807 [main] DEBUG o.s.w.s.m.m.a.RequestMappingHandlerMapping - Mapped to br.com.desafio.cartoes.controller.CartoesController#solicitar(SolicitacaoRequestDTO)
2026-03-30 16:18:52.823 [main] DEBUG o.s.w.s.m.m.a.RequestResponseBodyMethodProcessor - Read "application/json" to [SolicitacaoRequestDTO(cliente=ClienteRequestDTO(nome=João Silva, cpf=12345678901, idade=30, dataNasc (truncated)...]
2026-03-30 16:18:52.865 [main] INFO  b.c.d.c.controller.CartoesController - POST /cartoes recebido para CPF: 12345678901
2026-03-30 16:18:52.878 [main] INFO  b.c.d.c.controller.CartoesController - Nenhum cartão elegível para CPF: 12345678901 - retornando 204
2026-03-30 16:18:52.880 [main] DEBUG o.s.w.s.m.m.a.HttpEntityMethodProcessor - Using 'application/octet-stream', given [*/*] and supported [*/*]
2026-03-30 16:18:52.898 [main] DEBUG o.s.w.s.m.m.a.RequestMappingHandlerMapping - 1 mappings in org.springframework.web.servlet.mvc.method.annotation.RequestMappingHandlerMapping
2026-03-30 16:18:52.899 [main] DEBUG o.s.w.s.m.m.a.RequestMappingHandlerAdapter - ControllerAdvice beans: 0 @ModelAttribute, 0 @InitBinder, 2 RequestBodyAdvice, 1 ResponseBodyAdvice
2026-03-30 16:18:52.901 [main] DEBUG o.s.w.s.m.m.a.ExceptionHandlerExceptionResolver - ControllerAdvice beans: 1 @ExceptionHandler, 1 ResponseBodyAdvice
2026-03-30 16:18:52.901 [main] INFO  o.s.mock.web.MockServletContext - Initializing Spring TestDispatcherServlet ''
2026-03-30 16:18:52.901 [main] INFO  o.s.t.w.s.TestDispatcherServlet - Initializing Servlet ''
2026-03-30 16:18:52.902 [main] INFO  o.s.t.w.s.TestDispatcherServlet - Completed initialization in 0 ms
2026-03-30 16:18:52.909 [main] DEBUG o.s.w.s.m.m.a.RequestMappingHandlerMapping - Mapped to br.com.desafio.cartoes.controller.CartoesController#solicitar(SolicitacaoRequestDTO)
2026-03-30 16:18:52.916 [main] DEBUG o.s.w.s.m.m.a.RequestResponseBodyMethodProcessor - Read "application/json" to [SolicitacaoRequestDTO(cliente=ClienteRequestDTO(nome=João Silva, cpf=12345678901, idade=30, dataNasc (truncated)...]
2026-03-30 16:18:52.932 [main] INFO  b.c.d.c.controller.CartoesController - POST /cartoes recebido para CPF: 12345678901
2026-03-30 16:18:52.935 [main] DEBUG o.s.w.s.m.m.a.ExceptionHandlerExceptionResolver - Using @ExceptionHandler br.com.desafio.cartoes.exception.GlobalExceptionHandler#handleClienteInvalidoException(ClienteInvalidoException)
2026-03-30 16:18:52.935 [main] WARN  b.c.d.c.e.GlobalExceptionHandler - Regra de negócio violada: CLIENTE_MENOR_DE_IDADE - Cliente menor de 18 anos não é elegível
2026-03-30 16:18:52.938 [main] DEBUG o.s.w.s.m.m.a.HttpEntityMethodProcessor - Using 'application/json', given [*/*] and supported [application/json, application/*+json]
2026-03-30 16:18:52.939 [main] DEBUG o.s.w.s.m.m.a.HttpEntityMethodProcessor - Writing [ErroResponseDTO(codigo=422, mensagem=Cliente menor de 18 anos não é elegível, detalheErro=ErroDetalh (truncated)...]
2026-03-30 16:18:52.941 [main] DEBUG o.s.w.s.m.m.a.ExceptionHandlerExceptionResolver - Resolved [br.com.desafio.cartoes.exception.ClienteInvalidoException: Cliente menor de 18 anos não é elegível]
2026-03-30 16:18:53.087 [main] DEBUG o.s.w.s.m.m.a.RequestMappingHandlerMapping - 1 mappings in org.springframework.web.servlet.mvc.method.annotation.RequestMappingHandlerMapping
2026-03-30 16:18:53.088 [main] DEBUG o.s.w.s.m.m.a.RequestMappingHandlerAdapter - ControllerAdvice beans: 0 @ModelAttribute, 0 @InitBinder, 2 RequestBodyAdvice, 1 ResponseBodyAdvice
2026-03-30 16:18:53.095 [main] DEBUG o.s.w.s.m.m.a.ExceptionHandlerExceptionResolver - ControllerAdvice beans: 1 @ExceptionHandler, 1 ResponseBodyAdvice
2026-03-30 16:18:53.096 [main] INFO  o.s.mock.web.MockServletContext - Initializing Spring TestDispatcherServlet ''
2026-03-30 16:18:53.097 [main] INFO  o.s.t.w.s.TestDispatcherServlet - Initializing Servlet ''
2026-03-30 16:18:53.097 [main] INFO  o.s.t.w.s.TestDispatcherServlet - Completed initialization in 0 ms
2026-03-30 16:18:53.099 [main] DEBUG o.s.w.s.m.m.a.RequestMappingHandlerMapping - Mapped to br.com.desafio.cartoes.controller.CartoesController#solicitar(SolicitacaoRequestDTO)
2026-03-30 16:18:53.105 [main] DEBUG o.s.w.s.m.m.a.RequestResponseBodyMethodProcessor - Read "application/json" to [SolicitacaoRequestDTO(cliente=ClienteRequestDTO(nome=João Silva, cpf=12345678901, idade=30, dataNasc (truncated)...]
2026-03-30 16:18:53.124 [main] DEBUG o.s.w.s.m.m.a.ExceptionHandlerExceptionResolver - Using @ExceptionHandler br.com.desafio.cartoes.exception.GlobalExceptionHandler#handleValidationErrors(MethodArgumentNotValidException)
2026-03-30 16:18:53.124 [main] WARN  b.c.d.c.e.GlobalExceptionHandler - Erro de validação de entrada detectado
2026-03-30 16:18:53.127 [main] DEBUG o.s.w.s.m.m.a.HttpEntityMethodProcessor - Using 'application/json', given [*/*] and supported [application/json, application/*+json]
2026-03-30 16:18:53.129 [main] DEBUG o.s.w.s.m.m.a.HttpEntityMethodProcessor - Writing [ErroResponseDTO(codigo=400, mensagem=Validação de entrada falhou, detalheErro=ErroDetalheDTO(app=car (truncated)...]
2026-03-30 16:18:53.132 [main] DEBUG o.s.w.s.m.m.a.ExceptionHandlerExceptionResolver - Resolved [org.springframework.web.bind.MethodArgumentNotValidException: Validation failed for argument [0] in public org.springframework.http.ResponseEntity<?> br.com.desafio.cartoes.controller.CartoesController.solicitar(br.com.desafio.cartoes.domain.dto.SolicitacaoRequestDTO): [Field error in object 'solicitacaoRequestDTO' on field 'cliente.email': rejected value [invalido]; codes [Email.solicitacaoRequestDTO.cliente.email,Email.cliente.email,Email.email,Email.java.lang.String,Email]; arguments [org.springframework.context.support.DefaultMessageSourceResolvable: codes [solicitacaoRequestDTO.cliente.email,cliente.email]; arguments []; default message [cliente.email],[Ljakarta.validation.constraints.Pattern$Flag;@47f74d8f,.*]; default message [Email inválido]] ]
2026-03-30 16:18:53.153 [main] DEBUG o.s.w.s.m.m.a.RequestMappingHandlerMapping - 1 mappings in org.springframework.web.servlet.mvc.method.annotation.RequestMappingHandlerMapping
2026-03-30 16:18:53.154 [main] DEBUG o.s.w.s.m.m.a.RequestMappingHandlerAdapter - ControllerAdvice beans: 0 @ModelAttribute, 0 @InitBinder, 2 RequestBodyAdvice, 1 ResponseBodyAdvice
2026-03-30 16:18:53.157 [main] DEBUG o.s.w.s.m.m.a.ExceptionHandlerExceptionResolver - ControllerAdvice beans: 1 @ExceptionHandler, 1 ResponseBodyAdvice
2026-03-30 16:18:53.159 [main] INFO  o.s.mock.web.MockServletContext - Initializing Spring TestDispatcherServlet ''
2026-03-30 16:18:53.160 [main] INFO  o.s.t.w.s.TestDispatcherServlet - Initializing Servlet ''
2026-03-30 16:18:53.161 [main] INFO  o.s.t.w.s.TestDispatcherServlet - Completed initialization in 0 ms
2026-03-30 16:18:53.163 [main] DEBUG o.s.w.s.m.m.a.RequestMappingHandlerMapping - Mapped to br.com.desafio.cartoes.controller.CartoesController#solicitar(SolicitacaoRequestDTO)
2026-03-30 16:18:53.168 [main] DEBUG o.s.w.s.m.m.a.RequestResponseBodyMethodProcessor - Read "application/json" to [SolicitacaoRequestDTO(cliente=ClienteRequestDTO(nome=João, cpf=null, idade=null, dataNascimento=null (truncated)...]
2026-03-30 16:18:53.186 [main] DEBUG o.s.w.s.m.m.a.ExceptionHandlerExceptionResolver - Using @ExceptionHandler br.com.desafio.cartoes.exception.GlobalExceptionHandler#handleValidationErrors(MethodArgumentNotValidException)
2026-03-30 16:18:53.186 [main] WARN  b.c.d.c.e.GlobalExceptionHandler - Erro de validação de entrada detectado
2026-03-30 16:18:53.188 [main] DEBUG o.s.w.s.m.m.a.HttpEntityMethodProcessor - Using 'application/json', given [*/*] and supported [application/json, application/*+json]
2026-03-30 16:18:53.188 [main] DEBUG o.s.w.s.m.m.a.HttpEntityMethodProcessor - Writing [ErroResponseDTO(codigo=400, mensagem=Validação de entrada falhou, detalheErro=ErroDetalheDTO(app=car (truncated)...]
2026-03-30 16:18:53.192 [main] DEBUG o.s.w.s.m.m.a.ExceptionHandlerExceptionResolver - Resolved [org.springframework.web.bind.MethodArgumentNotValidException: Validation failed for argument [0] in public org.springframework.http.ResponseEntity<?> br.com.desafio.cartoes.controller.CartoesController.solicitar(br.com.desafio.cartoes.domain.dto.SolicitacaoRequestDTO) with 7 errors: [Field error in object 'solicitacaoRequestDTO' on field 'cliente.uf': rejected value [null]; codes [NotBlank.solicitacaoRequestDTO.cliente.uf,NotBlank.cliente.uf,NotBlank.uf,NotBlank.java.lang.String,NotBlank]; arguments [org.springframework.context.support.DefaultMessageSourceResolvable: codes [solicitacaoRequestDTO.cliente.uf,cliente.uf]; arguments []; default message [cliente.uf]]; default message [UF é obrigatória]] [Field error in object 'solicitacaoRequestDTO' on field 'cliente.cpf': rejected value [null]; codes [NotBlank.solicitacaoRequestDTO.cliente.cpf,NotBlank.cliente.cpf,NotBlank.cpf,NotBlank.java.lang.String,NotBlank]; arguments [org.springframework.context.support.DefaultMessageSourceResolvable: codes [solicitacaoRequestDTO.cliente.cpf,cliente.cpf]; arguments []; default message [cliente.cpf]]; default message [CPF é obrigatório]] [Field error in object 'solicitacaoRequestDTO' on field 'cliente.telefoneWhatsapp': rejected value [null]; codes [NotBlank.solicitacaoRequestDTO.cliente.telefoneWhatsapp,NotBlank.cliente.telefoneWhatsapp,NotBlank.telefoneWhatsapp,NotBlank.java.lang.String,NotBlank]; arguments [org.springframework.context.support.DefaultMessageSourceResolvable: codes [solicitacaoRequestDTO.cliente.telefoneWhatsapp,cliente.telefoneWhatsapp]; arguments []; default message [cliente.telefoneWhatsapp]]; default message [Telefone WhatsApp é obrigatório]] [Field error in object 'solicitacaoRequestDTO' on field 'cliente.dataNascimento': rejected value [null]; codes [NotNull.solicitacaoRequestDTO.cliente.dataNascimento,NotNull.cliente.dataNascimento,NotNull.dataNascimento,NotNull.java.time.LocalDate,NotNull]; arguments [org.springframework.context.support.DefaultMessageSourceResolvable: codes [solicitacaoRequestDTO.cliente.dataNascimento,cliente.dataNascimento]; arguments []; default message [cliente.dataNascimento]]; default message [Data de nascimento é obrigatória]] [Field error in object 'solicitacaoRequestDTO' on field 'cliente.rendaMensal': rejected value [null]; codes [NotNull.solicitacaoRequestDTO.cliente.rendaMensal,NotNull.cliente.rendaMensal,NotNull.rendaMensal,NotNull.java.math.BigDecimal,NotNull]; arguments [org.springframework.context.support.DefaultMessageSourceResolvable: codes [solicitacaoRequestDTO.cliente.rendaMensal,cliente.rendaMensal]; arguments []; default message [cliente.rendaMensal]]; default message [Renda mensal é obrigatória]] [Field error in object 'solicitacaoRequestDTO' on field 'cliente.idade': rejected value [null]; codes [NotNull.solicitacaoRequestDTO.cliente.idade,NotNull.cliente.idade,NotNull.idade,NotNull.java.lang.Integer,NotNull]; arguments [org.springframework.context.support.DefaultMessageSourceResolvable: codes [solicitacaoRequestDTO.cliente.idade,cliente.idade]; arguments []; default message [cliente.idade]]; default message [Idade é obrigatória]] [Field error in object 'solicitacaoRequestDTO' on field 'cliente.email': rejected value [null]; codes [NotBlank.solicitacaoRequestDTO.cliente.email,NotBlank.cliente.email,NotBlank.email,NotBlank.java.lang.String,NotBlank]; arguments [org.springframework.context.support.DefaultMessageSourceResolvable: codes [solicitacaoRequestDTO.cliente.email,cliente.email]; arguments []; default message [cliente.email]]; default message [Email é obrigatório]] ]
2026-03-30 16:18:53.215 [main] DEBUG o.s.w.s.m.m.a.RequestMappingHandlerMapping - 1 mappings in org.springframework.web.servlet.mvc.method.annotation.RequestMappingHandlerMapping
2026-03-30 16:18:53.216 [main] DEBUG o.s.w.s.m.m.a.RequestMappingHandlerAdapter - ControllerAdvice beans: 0 @ModelAttribute, 0 @InitBinder, 2 RequestBodyAdvice, 1 ResponseBodyAdvice
2026-03-30 16:18:53.218 [main] DEBUG o.s.w.s.m.m.a.ExceptionHandlerExceptionResolver - ControllerAdvice beans: 1 @ExceptionHandler, 1 ResponseBodyAdvice
2026-03-30 16:18:53.219 [main] INFO  o.s.mock.web.MockServletContext - Initializing Spring TestDispatcherServlet ''
2026-03-30 16:18:53.219 [main] INFO  o.s.t.w.s.TestDispatcherServlet - Initializing Servlet ''
2026-03-30 16:18:53.219 [main] INFO  o.s.t.w.s.TestDispatcherServlet - Completed initialization in 0 ms
2026-03-30 16:18:53.221 [main] DEBUG o.s.w.s.m.m.a.RequestMappingHandlerMapping - Mapped to br.com.desafio.cartoes.controller.CartoesController#solicitar(SolicitacaoRequestDTO)
2026-03-30 16:18:53.225 [main] DEBUG o.s.w.s.m.m.a.RequestResponseBodyMethodProcessor - Read "application/json" to [SolicitacaoRequestDTO(cliente=ClienteRequestDTO(nome=João Silva, cpf=12345678901, idade=30, dataNasc (truncated)...]
2026-03-30 16:18:53.243 [main] DEBUG o.s.w.s.m.m.a.ExceptionHandlerExceptionResolver - Using @ExceptionHandler br.com.desafio.cartoes.exception.GlobalExceptionHandler#handleValidationErrors(MethodArgumentNotValidException)
2026-03-30 16:18:53.243 [main] WARN  b.c.d.c.e.GlobalExceptionHandler - Erro de validação de entrada detectado
2026-03-30 16:18:53.245 [main] DEBUG o.s.w.s.m.m.a.HttpEntityMethodProcessor - Using 'application/json', given [*/*] and supported [application/json, application/*+json]
2026-03-30 16:18:53.246 [main] DEBUG o.s.w.s.m.m.a.HttpEntityMethodProcessor - Writing [ErroResponseDTO(codigo=400, mensagem=Validação de entrada falhou, detalheErro=ErroDetalheDTO(app=car (truncated)...]
2026-03-30 16:18:53.249 [main] DEBUG o.s.w.s.m.m.a.ExceptionHandlerExceptionResolver - Resolved [org.springframework.web.bind.MethodArgumentNotValidException: Validation failed for argument [0] in public org.springframework.http.ResponseEntity<?> br.com.desafio.cartoes.controller.CartoesController.solicitar(br.com.desafio.cartoes.domain.dto.SolicitacaoRequestDTO): [Field error in object 'solicitacaoRequestDTO' on field 'cliente.rendaMensal': rejected value [-1000]; codes [PositiveOrZero.solicitacaoRequestDTO.cliente.rendaMensal,PositiveOrZero.cliente.rendaMensal,PositiveOrZero.rendaMensal,PositiveOrZero.java.math.BigDecimal,PositiveOrZero]; arguments [org.springframework.context.support.DefaultMessageSourceResolvable: codes [solicitacaoRequestDTO.cliente.rendaMensal,cliente.rendaMensal]; arguments []; default message [cliente.rendaMensal]]; default message [Renda mensal não deve ser negativa]] ]
2026-03-30 16:18:53.268 [main] DEBUG o.s.w.s.m.m.a.RequestMappingHandlerMapping - 1 mappings in org.springframework.web.servlet.mvc.method.annotation.RequestMappingHandlerMapping
2026-03-30 16:18:53.269 [main] DEBUG o.s.w.s.m.m.a.RequestMappingHandlerAdapter - ControllerAdvice beans: 0 @ModelAttribute, 0 @InitBinder, 2 RequestBodyAdvice, 1 ResponseBodyAdvice
2026-03-30 16:18:53.271 [main] DEBUG o.s.w.s.m.m.a.ExceptionHandlerExceptionResolver - ControllerAdvice beans: 1 @ExceptionHandler, 1 ResponseBodyAdvice
2026-03-30 16:18:53.272 [main] INFO  o.s.mock.web.MockServletContext - Initializing Spring TestDispatcherServlet ''
2026-03-30 16:18:53.272 [main] INFO  o.s.t.w.s.TestDispatcherServlet - Initializing Servlet ''
2026-03-30 16:18:53.272 [main] INFO  o.s.t.w.s.TestDispatcherServlet - Completed initialization in 0 ms
2026-03-30 16:18:53.273 [main] DEBUG o.s.w.s.m.m.a.RequestMappingHandlerMapping - Mapped to br.com.desafio.cartoes.controller.CartoesController#solicitar(SolicitacaoRequestDTO)
2026-03-30 16:18:53.279 [main] DEBUG o.s.w.s.m.m.a.RequestResponseBodyMethodProcessor - Read "application/json" to [SolicitacaoRequestDTO(cliente=ClienteRequestDTO(nome=João Silva, cpf=12345678901, idade=-1, dataNasc (truncated)...]
2026-03-30 16:18:53.294 [main] DEBUG o.s.w.s.m.m.a.ExceptionHandlerExceptionResolver - Using @ExceptionHandler br.com.desafio.cartoes.exception.GlobalExceptionHandler#handleValidationErrors(MethodArgumentNotValidException)
2026-03-30 16:18:53.295 [main] WARN  b.c.d.c.e.GlobalExceptionHandler - Erro de validação de entrada detectado
2026-03-30 16:18:53.297 [main] DEBUG o.s.w.s.m.m.a.HttpEntityMethodProcessor - Using 'application/json', given [*/*] and supported [application/json, application/*+json]
2026-03-30 16:18:53.298 [main] DEBUG o.s.w.s.m.m.a.HttpEntityMethodProcessor - Writing [ErroResponseDTO(codigo=400, mensagem=Validação de entrada falhou, detalheErro=ErroDetalheDTO(app=car (truncated)...]
2026-03-30 16:18:53.300 [main] DEBUG o.s.w.s.m.m.a.ExceptionHandlerExceptionResolver - Resolved [org.springframework.web.bind.MethodArgumentNotValidException: Validation failed for argument [0] in public org.springframework.http.ResponseEntity<?> br.com.desafio.cartoes.controller.CartoesController.solicitar(br.com.desafio.cartoes.domain.dto.SolicitacaoRequestDTO): [Field error in object 'solicitacaoRequestDTO' on field 'cliente.idade': rejected value [-1]; codes [Min.solicitacaoRequestDTO.cliente.idade,Min.cliente.idade,Min.idade,Min.java.lang.Integer,Min]; arguments [org.springframework.context.support.DefaultMessageSourceResolvable: codes [solicitacaoRequestDTO.cliente.idade,cliente.idade]; arguments []; default message [cliente.idade],18]; default message [Cliente deve ter no mínimo 18 anos]] ]
2026-03-30 16:18:53.318 [main] DEBUG o.s.w.s.m.m.a.RequestMappingHandlerMapping - 1 mappings in org.springframework.web.servlet.mvc.method.annotation.RequestMappingHandlerMapping
2026-03-30 16:18:53.319 [main] DEBUG o.s.w.s.m.m.a.RequestMappingHandlerAdapter - ControllerAdvice beans: 0 @ModelAttribute, 0 @InitBinder, 2 RequestBodyAdvice, 1 ResponseBodyAdvice
2026-03-30 16:18:53.321 [main] DEBUG o.s.w.s.m.m.a.ExceptionHandlerExceptionResolver - ControllerAdvice beans: 1 @ExceptionHandler, 1 ResponseBodyAdvice
2026-03-30 16:18:53.321 [main] INFO  o.s.mock.web.MockServletContext - Initializing Spring TestDispatcherServlet ''
2026-03-30 16:18:53.322 [main] INFO  o.s.t.w.s.TestDispatcherServlet - Initializing Servlet ''
2026-03-30 16:18:53.323 [main] INFO  o.s.t.w.s.TestDispatcherServlet - Completed initialization in 0 ms
2026-03-30 16:18:53.328 [main] DEBUG o.s.w.s.m.m.a.RequestMappingHandlerMapping - Mapped to br.com.desafio.cartoes.controller.CartoesController#solicitar(SolicitacaoRequestDTO)
2026-03-30 16:18:53.333 [main] DEBUG o.s.w.s.m.m.a.RequestResponseBodyMethodProcessor - Read "application/json" to [SolicitacaoRequestDTO(cliente=ClienteRequestDTO(nome=Cliente Teste, cpf=123.456.789-10, idade=25, da (truncated)...]
2026-03-30 16:18:53.349 [main] INFO  b.c.d.c.controller.CartoesController - POST /cartoes recebido para CPF: 123.456.789-10
2026-03-30 16:18:53.351 [main] INFO  b.c.d.c.controller.CartoesController - Cartões encontrados para CPF 123.456.789-10: 1 cartões - retornando 200
2026-03-30 16:18:53.362 [main] DEBUG o.s.w.s.m.m.a.HttpEntityMethodProcessor - Using 'application/json', given [*/*] and supported [application/json, application/*+json]
2026-03-30 16:18:53.364 [main] DEBUG o.s.w.s.m.m.a.HttpEntityMethodProcessor - Writing [SolicitacaoResponseDTO(numeroSolicitacao=d0d12ccd-41a5-45bf-8558-26ab50115f1d, dataSolicitacao=2026- (truncated)...]
2026-03-30 16:18:53.411 [main] DEBUG o.s.w.s.m.m.a.RequestMappingHandlerMapping - 1 mappings in org.springframework.web.servlet.mvc.method.annotation.RequestMappingHandlerMapping
2026-03-30 16:18:53.413 [main] DEBUG o.s.w.s.m.m.a.RequestMappingHandlerAdapter - ControllerAdvice beans: 0 @ModelAttribute, 0 @InitBinder, 2 RequestBodyAdvice, 1 ResponseBodyAdvice
2026-03-30 16:18:53.415 [main] DEBUG o.s.w.s.m.m.a.ExceptionHandlerExceptionResolver - ControllerAdvice beans: 1 @ExceptionHandler, 1 ResponseBodyAdvice
2026-03-30 16:18:53.415 [main] INFO  o.s.mock.web.MockServletContext - Initializing Spring TestDispatcherServlet ''
2026-03-30 16:18:53.415 [main] INFO  o.s.t.w.s.TestDispatcherServlet - Initializing Servlet ''
2026-03-30 16:18:53.416 [main] INFO  o.s.t.w.s.TestDispatcherServlet - Completed initialization in 0 ms
2026-03-30 16:18:53.416 [main] DEBUG o.s.w.s.m.m.a.RequestMappingHandlerMapping - Mapped to br.com.desafio.cartoes.controller.CartoesController#solicitar(SolicitacaoRequestDTO)
2026-03-30 16:18:53.422 [main] DEBUG o.s.w.s.m.m.a.RequestResponseBodyMethodProcessor - Read "application/json" to [SolicitacaoRequestDTO(cliente=ClienteRequestDTO(nome=João Silva, cpf=12345678901, idade=30, dataNasc (truncated)...]
2026-03-30 16:18:53.447 [main] DEBUG o.s.w.s.m.m.a.ExceptionHandlerExceptionResolver - Using @ExceptionHandler br.com.desafio.cartoes.exception.GlobalExceptionHandler#handleValidationErrors(MethodArgumentNotValidException)
2026-03-30 16:18:53.448 [main] WARN  b.c.d.c.e.GlobalExceptionHandler - Erro de validação de entrada detectado
2026-03-30 16:18:53.450 [main] DEBUG o.s.w.s.m.m.a.HttpEntityMethodProcessor - Using 'application/json', given [*/*] and supported [application/json, application/*+json]
2026-03-30 16:18:53.450 [main] DEBUG o.s.w.s.m.m.a.HttpEntityMethodProcessor - Writing [ErroResponseDTO(codigo=400, mensagem=Validação de entrada falhou, detalheErro=ErroDetalheDTO(app=car (truncated)...]
2026-03-30 16:18:53.453 [main] DEBUG o.s.w.s.m.m.a.ExceptionHandlerExceptionResolver - Resolved [org.springframework.web.bind.MethodArgumentNotValidException: Validation failed for argument [0] in public org.springframework.http.ResponseEntity<?> br.com.desafio.cartoes.controller.CartoesController.solicitar(br.com.desafio.cartoes.domain.dto.SolicitacaoRequestDTO): [Field error in object 'solicitacaoRequestDTO' on field 'cliente.telefoneWhatsapp': rejected value [123]; codes [Pattern.solicitacaoRequestDTO.cliente.telefoneWhatsapp,Pattern.cliente.telefoneWhatsapp,Pattern.telefoneWhatsapp,Pattern.java.lang.String,Pattern]; arguments [org.springframework.context.support.DefaultMessageSourceResolvable: codes [solicitacaoRequestDTO.cliente.telefoneWhatsapp,cliente.telefoneWhatsapp]; arguments []; default message [cliente.telefoneWhatsapp],[Ljakarta.validation.constraints.Pattern$Flag;@65fbb726,^[0-9]{11}$]; default message [Telefone deve ter 11 dígitos]] ]
2026-03-30 16:18:53.472 [main] DEBUG o.s.w.s.m.m.a.RequestMappingHandlerMapping - 1 mappings in org.springframework.web.servlet.mvc.method.annotation.RequestMappingHandlerMapping
2026-03-30 16:18:53.473 [main] DEBUG o.s.w.s.m.m.a.RequestMappingHandlerAdapter - ControllerAdvice beans: 0 @ModelAttribute, 0 @InitBinder, 2 RequestBodyAdvice, 1 ResponseBodyAdvice
2026-03-30 16:18:53.476 [main] DEBUG o.s.w.s.m.m.a.ExceptionHandlerExceptionResolver - ControllerAdvice beans: 1 @ExceptionHandler, 1 ResponseBodyAdvice
2026-03-30 16:18:53.477 [main] INFO  o.s.mock.web.MockServletContext - Initializing Spring TestDispatcherServlet ''
2026-03-30 16:18:53.477 [main] INFO  o.s.t.w.s.TestDispatcherServlet - Initializing Servlet ''
2026-03-30 16:18:53.478 [main] INFO  o.s.t.w.s.TestDispatcherServlet - Completed initialization in 1 ms
2026-03-30 16:18:53.479 [main] DEBUG o.s.w.s.m.m.a.RequestMappingHandlerMapping - Mapped to br.com.desafio.cartoes.controller.CartoesController#solicitar(SolicitacaoRequestDTO)
2026-03-30 16:18:53.503 [main] DEBUG o.s.w.s.m.m.a.RequestResponseBodyMethodProcessor - Read "application/json" to []
2026-03-30 16:18:53.505 [main] DEBUG o.s.w.s.m.m.a.ExceptionHandlerExceptionResolver - Using @ExceptionHandler br.com.desafio.cartoes.exception.GlobalExceptionHandler#handleHttpMessageNotReadable(HttpMessageNotReadableException)
2026-03-30 16:18:53.506 [main] WARN  b.c.d.c.e.GlobalExceptionHandler - Corpo da requisição inválido ou ausente
2026-03-30 16:18:53.508 [main] DEBUG o.s.w.s.m.m.a.HttpEntityMethodProcessor - Using 'application/json', given [*/*] and supported [application/json, application/*+json]
2026-03-30 16:18:53.508 [main] DEBUG o.s.w.s.m.m.a.HttpEntityMethodProcessor - Writing [ErroResponseDTO(codigo=400, mensagem=Corpo da requisição inválido ou ausente, detalheErro=ErroDetalh (truncated)...]
2026-03-30 16:18:53.510 [main] DEBUG o.s.w.s.m.m.a.ExceptionHandlerExceptionResolver - Resolved [org.springframework.http.converter.HttpMessageNotReadableException: Required request body is missing: public org.springframework.http.ResponseEntity<?> br.com.desafio.cartoes.controller.CartoesController.solicitar(br.com.desafio.cartoes.domain.dto.SolicitacaoRequestDTO)]
2026-03-30 16:18:53.527 [main] DEBUG o.s.w.s.m.m.a.RequestMappingHandlerMapping - 1 mappings in org.springframework.web.servlet.mvc.method.annotation.RequestMappingHandlerMapping
2026-03-30 16:18:53.528 [main] DEBUG o.s.w.s.m.m.a.RequestMappingHandlerAdapter - ControllerAdvice beans: 0 @ModelAttribute, 0 @InitBinder, 2 RequestBodyAdvice, 1 ResponseBodyAdvice
2026-03-30 16:18:53.530 [main] DEBUG o.s.w.s.m.m.a.ExceptionHandlerExceptionResolver - ControllerAdvice beans: 1 @ExceptionHandler, 1 ResponseBodyAdvice
2026-03-30 16:18:53.530 [main] INFO  o.s.mock.web.MockServletContext - Initializing Spring TestDispatcherServlet ''
2026-03-30 16:18:53.531 [main] INFO  o.s.t.w.s.TestDispatcherServlet - Initializing Servlet ''
2026-03-30 16:18:53.531 [main] INFO  o.s.t.w.s.TestDispatcherServlet - Completed initialization in 0 ms
2026-03-30 16:18:53.534 [main] DEBUG o.s.w.s.m.m.a.RequestMappingHandlerMapping - Mapped to br.com.desafio.cartoes.controller.CartoesController#solicitar(SolicitacaoRequestDTO)
2026-03-30 16:18:53.537 [main] DEBUG o.s.w.s.m.m.a.RequestResponseBodyMethodProcessor - Read "application/json" to [SolicitacaoRequestDTO(cliente=ClienteRequestDTO(nome=Cliente Teste, cpf=123.456.789-10, idade=25, da (truncated)...]
2026-03-30 16:18:53.557 [main] INFO  b.c.d.c.controller.CartoesController - POST /cartoes recebido para CPF: 123.456.789-10
2026-03-30 16:18:53.558 [main] INFO  b.c.d.c.controller.CartoesController - Cartões encontrados para CPF 123.456.789-10: 2 cartões - retornando 200
2026-03-30 16:18:53.560 [main] DEBUG o.s.w.s.m.m.a.HttpEntityMethodProcessor - Using 'application/json', given [*/*] and supported [application/json, application/*+json]
2026-03-30 16:18:53.561 [main] DEBUG o.s.w.s.m.m.a.HttpEntityMethodProcessor - Writing [SolicitacaoResponseDTO(numeroSolicitacao=745f2812-c3f4-42ce-93fb-e119e643bda2, dataSolicitacao=2021- (truncated)...]
2026-03-30 16:18:53.613 [main] DEBUG o.s.w.s.m.m.a.RequestMappingHandlerMapping - 1 mappings in org.springframework.web.servlet.mvc.method.annotation.RequestMappingHandlerMapping
2026-03-30 16:18:53.614 [main] DEBUG o.s.w.s.m.m.a.RequestMappingHandlerAdapter - ControllerAdvice beans: 0 @ModelAttribute, 0 @InitBinder, 2 RequestBodyAdvice, 1 ResponseBodyAdvice
2026-03-30 16:18:53.615 [main] DEBUG o.s.w.s.m.m.a.ExceptionHandlerExceptionResolver - ControllerAdvice beans: 1 @ExceptionHandler, 1 ResponseBodyAdvice
2026-03-30 16:18:53.615 [main] INFO  o.s.mock.web.MockServletContext - Initializing Spring TestDispatcherServlet ''
2026-03-30 16:18:53.615 [main] INFO  o.s.t.w.s.TestDispatcherServlet - Initializing Servlet ''
2026-03-30 16:18:53.616 [main] INFO  o.s.t.w.s.TestDispatcherServlet - Completed initialization in 0 ms
2026-03-30 16:18:53.619 [main] DEBUG o.s.w.s.m.m.a.RequestMappingHandlerMapping - Mapped to br.com.desafio.cartoes.controller.CartoesController#solicitar(SolicitacaoRequestDTO)
2026-03-30 16:18:53.625 [main] DEBUG o.s.w.s.m.m.a.RequestResponseBodyMethodProcessor - Read "application/json" to [SolicitacaoRequestDTO(cliente=ClienteRequestDTO(nome=João Silva, cpf=12345678901, idade=30, dataNasc (truncated)...]
2026-03-30 16:18:53.637 [main] INFO  b.c.d.c.controller.CartoesController - POST /cartoes recebido para CPF: 12345678901
2026-03-30 16:18:53.639 [main] DEBUG o.s.w.s.m.m.a.ExceptionHandlerExceptionResolver - Using @ExceptionHandler br.com.desafio.cartoes.exception.GlobalExceptionHandler#handleGeneralException(Exception)
2026-03-30 16:18:53.640 [main] ERROR b.c.d.c.e.GlobalExceptionHandler - Erro inesperado na aplicação
java.lang.RuntimeException: Unexpected error
	at br.com.desafio.cartoes.service.CartaoService.solicitar(CartaoService.java:32)
	at br.com.desafio.cartoes.controller.CartoesController.solicitar(CartoesController.java:56)
	at java.base/jdk.internal.reflect.DirectMethodHandleAccessor.invoke(DirectMethodHandleAccessor.java:103)
	at java.base/java.lang.reflect.Method.invoke(Method.java:580)
	at org.springframework.web.method.support.InvocableHandlerMethod.doInvoke(InvocableHandlerMethod.java:252)
	at org.springframework.web.method.support.InvocableHandlerMethod.invokeForRequest(InvocableHandlerMethod.java:184)
	at org.springframework.web.servlet.mvc.method.annotation.ServletInvocableHandlerMethod.invokeAndHandle(ServletInvocableHandlerMethod.java:117)
	at org.springframework.web.servlet.mvc.method.annotation.RequestMappingHandlerAdapter.invokeHandlerMethod(RequestMappingHandlerAdapter.java:934)
	at org.springframework.web.servlet.mvc.method.annotation.RequestMappingHandlerAdapter.handleInternal(RequestMappingHandlerAdapter.java:853)
	at org.springframework.web.servlet.mvc.method.AbstractHandlerMethodAdapter.handle(AbstractHandlerMethodAdapter.java:86)
	at org.springframework.web.servlet.DispatcherServlet.doDispatch(DispatcherServlet.java:963)
	at org.springframework.web.servlet.DispatcherServlet.doService(DispatcherServlet.java:866)
	at org.springframework.web.servlet.FrameworkServlet.processRequest(FrameworkServlet.java:1000)
	at org.springframework.web.servlet.FrameworkServlet.doPost(FrameworkServlet.java:903)
	at jakarta.servlet.http.HttpServlet.service(HttpServlet.java:653)
	at org.springframework.web.servlet.FrameworkServlet.service(FrameworkServlet.java:874)
	at org.springframework.test.web.servlet.TestDispatcherServlet.service(TestDispatcherServlet.java:72)
	at jakarta.servlet.http.HttpServlet.service(HttpServlet.java:723)
	at org.springframework.mock.web.MockFilterChain$ServletFilterProxy.doFilter(MockFilterChain.java:160)
	at org.springframework.mock.web.MockFilterChain.doFilter(MockFilterChain.java:127)
	at org.springframework.test.web.servlet.MockMvc.perform(MockMvc.java:199)
	at br.com.desafio.cartoes.controller.CartoesControllerTest.given_erroInterno_when_postCartoes_then_retorna500(CartoesControllerTest.java:251)
	at java.base/jdk.internal.reflect.DirectMethodHandleAccessor.invoke(DirectMethodHandleAccessor.java:103)
	at java.base/java.lang.reflect.Method.invoke(Method.java:580)
	at org.junit.platform.commons.util.ReflectionUtils.invokeMethod(ReflectionUtils.java:701)
	at org.junit.platform.commons.support.ReflectionSupport.invokeMethod(ReflectionSupport.java:502)
	at org.junit.jupiter.engine.support.MethodReflectionUtils.invoke(MethodReflectionUtils.java:45)
	at org.junit.jupiter.engine.execution.MethodInvocation.proceed(MethodInvocation.java:61)
	at org.junit.jupiter.engine.execution.InvocationInterceptorChain$ValidatingInvocation.proceed(InvocationInterceptorChain.java:124)
	at org.junit.jupiter.engine.extension.TimeoutExtension.intercept(TimeoutExtension.java:163)
	at org.junit.jupiter.engine.extension.TimeoutExtension.interceptTestableMethod(TimeoutExtension.java:148)
	at org.junit.jupiter.engine.extension.TimeoutExtension.interceptTestMethod(TimeoutExtension.java:86)
	at org.junit.jupiter.engine.execution.InterceptingExecutableInvoker$ReflectiveInterceptorCall.lambda$ofVoidMethod$0(InterceptingExecutableInvoker.java:123)
	at org.junit.jupiter.engine.execution.InterceptingExecutableInvoker.lambda$invoke$0(InterceptingExecutableInvoker.java:105)
	at org.junit.jupiter.engine.execution.InvocationInterceptorChain$InterceptedInvocation.proceed(InvocationInterceptorChain.java:99)
	at org.junit.jupiter.engine.execution.InvocationInterceptorChain.proceed(InvocationInterceptorChain.java:66)
	at org.junit.jupiter.engine.execution.InvocationInterceptorChain.chainAndInvoke(InvocationInterceptorChain.java:47)
	at org.junit.jupiter.engine.execution.InvocationInterceptorChain.invoke(InvocationInterceptorChain.java:39)
	at org.junit.jupiter.engine.execution.InterceptingExecutableInvoker.invoke(InterceptingExecutableInvoker.java:104)
	at org.junit.jupiter.engine.execution.InterceptingExecutableInvoker.invoke(InterceptingExecutableInvoker.java:98)
	at org.junit.jupiter.engine.execution.InterceptingExecutableInvoker.invokeVoid(InterceptingExecutableInvoker.java:71)
	at org.junit.jupiter.engine.descriptor.TestMethodTestDescriptor.lambda$invokeTestMethod$0(TestMethodTestDescriptor.java:219)
	at org.junit.platform.engine.support.hierarchical.ThrowableCollector.execute(ThrowableCollector.java:74)
	at org.junit.jupiter.engine.descriptor.TestMethodTestDescriptor.invokeTestMethod(TestMethodTestDescriptor.java:215)
	at org.junit.jupiter.engine.descriptor.TestMethodTestDescriptor.execute(TestMethodTestDescriptor.java:157)
	at org.junit.jupiter.engine.descriptor.TestMethodTestDescriptor.execute(TestMethodTestDescriptor.java:70)
	at org.junit.platform.engine.support.hierarchical.NodeTestTask.lambda$executeRecursively$2(NodeTestTask.java:176)
	at org.junit.platform.engine.support.hierarchical.ThrowableCollector.execute(ThrowableCollector.java:74)
	at org.junit.platform.engine.support.hierarchical.NodeTestTask.lambda$executeRecursively$1(NodeTestTask.java:166)
	at org.junit.platform.engine.support.hierarchical.Node.around(Node.java:138)
	at org.junit.platform.engine.support.hierarchical.NodeTestTask.lambda$executeRecursively$0(NodeTestTask.java:164)
	at org.junit.platform.engine.support.hierarchical.ThrowableCollector.execute(ThrowableCollector.java:74)
	at org.junit.platform.engine.support.hierarchical.NodeTestTask.executeRecursively(NodeTestTask.java:163)
	at org.junit.platform.engine.support.hierarchical.NodeTestTask.execute(NodeTestTask.java:116)
	at java.base/java.util.ArrayList.forEach(ArrayList.java:1596)
	at org.junit.platform.engine.support.hierarchical.SameThreadHierarchicalTestExecutorService.invokeAll(SameThreadHierarchicalTestExecutorService.java:42)
	at org.junit.platform.engine.support.hierarchical.NodeTestTask.lambda$executeRecursively$2(NodeTestTask.java:180)
	at org.junit.platform.engine.support.hierarchical.ThrowableCollector.execute(ThrowableCollector.java:74)
	at org.junit.platform.engine.support.hierarchical.NodeTestTask.lambda$executeRecursively$1(NodeTestTask.java:166)
	at org.junit.platform.engine.support.hierarchical.Node.around(Node.java:138)
	at org.junit.platform.engine.support.hierarchical.NodeTestTask.lambda$executeRecursively$0(NodeTestTask.java:164)
	at org.junit.platform.engine.support.hierarchical.ThrowableCollector.execute(ThrowableCollector.java:74)
	at org.junit.platform.engine.support.hierarchical.NodeTestTask.executeRecursively(NodeTestTask.java:163)
	at org.junit.platform.engine.support.hierarchical.NodeTestTask.execute(NodeTestTask.java:116)
	at java.base/java.util.ArrayList.forEach(ArrayList.java:1596)
	at org.junit.platform.engine.support.hierarchical.SameThreadHierarchicalTestExecutorService.invokeAll(SameThreadHierarchicalTestExecutorService.java:42)
	at org.junit.platform.engine.support.hierarchical.NodeTestTask.lambda$executeRecursively$2(NodeTestTask.java:180)
	at org.junit.platform.engine.support.hierarchical.ThrowableCollector.execute(ThrowableCollector.java:74)
	at org.junit.platform.engine.support.hierarchical.NodeTestTask.lambda$executeRecursively$1(NodeTestTask.java:166)
	at org.junit.platform.engine.support.hierarchical.Node.around(Node.java:138)
	at org.junit.platform.engine.support.hierarchical.NodeTestTask.lambda$executeRecursively$0(NodeTestTask.java:164)
	at org.junit.platform.engine.support.hierarchical.ThrowableCollector.execute(ThrowableCollector.java:74)
	at org.junit.platform.engine.support.hierarchical.NodeTestTask.executeRecursively(NodeTestTask.java:163)
	at org.junit.platform.engine.support.hierarchical.NodeTestTask.execute(NodeTestTask.java:116)
	at org.junit.platform.engine.support.hierarchical.SameThreadHierarchicalTestExecutorService.submit(SameThreadHierarchicalTestExecutorService.java:36)
	at org.junit.platform.engine.support.hierarchical.HierarchicalTestExecutor.execute(HierarchicalTestExecutor.java:52)
	at org.junit.platform.engine.support.hierarchical.HierarchicalTestEngine.execute(HierarchicalTestEngine.java:58)
	at org.junit.platform.launcher.core.EngineExecutionOrchestrator.executeEngine(EngineExecutionOrchestrator.java:246)
	at org.junit.platform.launcher.core.EngineExecutionOrchestrator.failOrExecuteEngine(EngineExecutionOrchestrator.java:218)
	at org.junit.platform.launcher.core.EngineExecutionOrchestrator.execute(EngineExecutionOrchestrator.java:179)
	at org.junit.platform.launcher.core.EngineExecutionOrchestrator.execute(EngineExecutionOrchestrator.java:108)
	at org.junit.platform.launcher.core.EngineExecutionOrchestrator.lambda$execute$0(EngineExecutionOrchestrator.java:66)
	at org.junit.platform.launcher.core.EngineExecutionOrchestrator.withInterceptedStreams(EngineExecutionOrchestrator.java:157)
	at org.junit.platform.launcher.core.EngineExecutionOrchestrator.execute(EngineExecutionOrchestrator.java:65)
	at org.junit.platform.launcher.core.DefaultLauncher.execute(DefaultLauncher.java:125)
	at org.junit.platform.launcher.core.DefaultLauncher.execute(DefaultLauncher.java:114)
	at org.junit.platform.launcher.core.DelegatingLauncher.execute(DelegatingLauncher.java:58)
	at org.junit.platform.launcher.core.InterceptingLauncher.lambda$execute$2(InterceptingLauncher.java:57)
	at org.junit.platform.launcher.core.ClasspathAlignmentCheckingLauncherInterceptor.intercept(ClasspathAlignmentCheckingLauncherInterceptor.java:25)
	at org.junit.platform.launcher.core.InterceptingLauncher.execute(InterceptingLauncher.java:56)
	at org.junit.platform.launcher.core.DelegatingLauncher.execute(DelegatingLauncher.java:58)
	at java.base/jdk.internal.reflect.DirectMethodHandleAccessor.invoke(DirectMethodHandleAccessor.java:103)
	at java.base/java.lang.reflect.Method.invoke(Method.java:580)
	at org.apache.maven.surefire.api.util.ReflectionUtils.invokeMethodWithArray(ReflectionUtils.java:125)
	at org.apache.maven.surefire.junitplatform.LauncherAdapter.executeWithCancellationToken(LauncherAdapter.java:68)
	at org.apache.maven.surefire.junitplatform.LauncherAdapter.execute(LauncherAdapter.java:54)
	at org.apache.maven.surefire.junitplatform.JUnitPlatformProvider.execute(JUnitPlatformProvider.java:203)
	at org.apache.maven.surefire.junitplatform.JUnitPlatformProvider.invokeAllTests(JUnitPlatformProvider.java:168)
	at org.apache.maven.surefire.junitplatform.JUnitPlatformProvider.invoke(JUnitPlatformProvider.java:136)
	at org.apache.maven.surefire.booter.ForkedBooter.runSuitesInProcess(ForkedBooter.java:385)
	at org.apache.maven.surefire.booter.ForkedBooter.execute(ForkedBooter.java:162)
	at org.apache.maven.surefire.booter.ForkedBooter.run(ForkedBooter.java:507)
	at org.apache.maven.surefire.booter.ForkedBooter.main(ForkedBooter.java:495)
2026-03-30 16:18:53.652 [main] DEBUG o.s.w.s.m.m.a.HttpEntityMethodProcessor - Using 'application/json', given [*/*] and supported [application/json, application/*+json]
2026-03-30 16:18:53.653 [main] DEBUG o.s.w.s.m.m.a.HttpEntityMethodProcessor - Writing [ErroResponseDTO(codigo=500, mensagem=Um erro inesperado ocorreu., detalheErro=ErroDetalheDTO(app=car (truncated)...]
2026-03-30 16:18:53.654 [main] DEBUG o.s.w.s.m.m.a.ExceptionHandlerExceptionResolver - Resolved [java.lang.RuntimeException: Unexpected error]
2026-03-30 16:18:53.669 [main] DEBUG o.s.w.s.m.m.a.RequestMappingHandlerMapping - 1 mappings in org.springframework.web.servlet.mvc.method.annotation.RequestMappingHandlerMapping
2026-03-30 16:18:53.670 [main] DEBUG o.s.w.s.m.m.a.RequestMappingHandlerAdapter - ControllerAdvice beans: 0 @ModelAttribute, 0 @InitBinder, 2 RequestBodyAdvice, 1 ResponseBodyAdvice
2026-03-30 16:18:53.673 [main] DEBUG o.s.w.s.m.m.a.ExceptionHandlerExceptionResolver - ControllerAdvice beans: 1 @ExceptionHandler, 1 ResponseBodyAdvice
2026-03-30 16:18:53.673 [main] INFO  o.s.mock.web.MockServletContext - Initializing Spring TestDispatcherServlet ''
2026-03-30 16:18:53.674 [main] INFO  o.s.t.w.s.TestDispatcherServlet - Initializing Servlet ''
2026-03-30 16:18:53.674 [main] INFO  o.s.t.w.s.TestDispatcherServlet - Completed initialization in 0 ms
2026-03-30 16:18:53.675 [main] DEBUG o.s.w.s.m.m.a.RequestMappingHandlerMapping - Mapped to br.com.desafio.cartoes.controller.CartoesController#solicitar(SolicitacaoRequestDTO)
2026-03-30 16:18:53.679 [main] DEBUG o.s.w.s.m.m.a.RequestResponseBodyMethodProcessor - Read "application/json" to [SolicitacaoRequestDTO(cliente=ClienteRequestDTO(nome=João Silva, cpf=12345678901, idade=30, dataNasc (truncated)...]
2026-03-30 16:18:53.692 [main] INFO  b.c.d.c.controller.CartoesController - POST /cartoes recebido para CPF: 12345678901
2026-03-30 16:18:53.693 [main] INFO  b.c.d.c.controller.CartoesController - Cartões encontrados para CPF 12345678901: 1 cartões - retornando 200
2026-03-30 16:18:53.695 [main] DEBUG o.s.w.s.m.m.a.HttpEntityMethodProcessor - Using 'application/json', given [*/*] and supported [application/json, application/*+json]
2026-03-30 16:18:53.695 [main] DEBUG o.s.w.s.m.m.a.HttpEntityMethodProcessor - Writing [SolicitacaoResponseDTO(numeroSolicitacao=93c81c7c-f52d-424e-9019-6d1df8f5a125, dataSolicitacao=2026- (truncated)...]
2026-03-30 16:18:53.723 [main] DEBUG o.s.w.s.m.m.a.RequestMappingHandlerMapping - 1 mappings in org.springframework.web.servlet.mvc.method.annotation.RequestMappingHandlerMapping
2026-03-30 16:18:53.724 [main] DEBUG o.s.w.s.m.m.a.RequestMappingHandlerAdapter - ControllerAdvice beans: 0 @ModelAttribute, 0 @InitBinder, 2 RequestBodyAdvice, 1 ResponseBodyAdvice
2026-03-30 16:18:53.725 [main] DEBUG o.s.w.s.m.m.a.ExceptionHandlerExceptionResolver - ControllerAdvice beans: 1 @ExceptionHandler, 1 ResponseBodyAdvice
2026-03-30 16:18:53.726 [main] INFO  o.s.mock.web.MockServletContext - Initializing Spring TestDispatcherServlet ''
2026-03-30 16:18:53.726 [main] INFO  o.s.t.w.s.TestDispatcherServlet - Initializing Servlet ''
2026-03-30 16:18:53.726 [main] INFO  o.s.t.w.s.TestDispatcherServlet - Completed initialization in 0 ms
2026-03-30 16:18:53.728 [main] DEBUG o.s.w.s.m.m.a.RequestMappingHandlerMapping - Mapped to br.com.desafio.cartoes.controller.CartoesController#solicitar(SolicitacaoRequestDTO)
2026-03-30 16:18:53.732 [main] DEBUG o.s.w.s.m.m.a.RequestResponseBodyMethodProcessor - Read "application/json" to [SolicitacaoRequestDTO(cliente=ClienteRequestDTO(nome=João Silva, cpf=12345678901, idade=30, dataNasc (truncated)...]
2026-03-30 16:18:53.745 [main] INFO  b.c.d.c.controller.CartoesController - POST /cartoes recebido para CPF: 12345678901
2026-03-30 16:18:53.746 [main] INFO  b.c.d.c.controller.CartoesController - Nenhum cartão elegível para CPF: 12345678901 - retornando 204
2026-03-30 16:18:53.747 [main] DEBUG o.s.w.s.m.m.a.HttpEntityMethodProcessor - Using 'application/octet-stream', given [*/*] and supported [*/*]
2026-03-30 16:18:53.764 [main] DEBUG o.s.w.s.m.m.a.RequestMappingHandlerMapping - 1 mappings in org.springframework.web.servlet.mvc.method.annotation.RequestMappingHandlerMapping
2026-03-30 16:18:53.765 [main] DEBUG o.s.w.s.m.m.a.RequestMappingHandlerAdapter - ControllerAdvice beans: 0 @ModelAttribute, 0 @InitBinder, 2 RequestBodyAdvice, 1 ResponseBodyAdvice
2026-03-30 16:18:53.767 [main] DEBUG o.s.w.s.m.m.a.ExceptionHandlerExceptionResolver - ControllerAdvice beans: 1 @ExceptionHandler, 1 ResponseBodyAdvice
2026-03-30 16:18:53.767 [main] INFO  o.s.mock.web.MockServletContext - Initializing Spring TestDispatcherServlet ''
2026-03-30 16:18:53.768 [main] INFO  o.s.t.w.s.TestDispatcherServlet - Initializing Servlet ''
2026-03-30 16:18:53.768 [main] INFO  o.s.t.w.s.TestDispatcherServlet - Completed initialization in 0 ms
2026-03-30 16:18:53.771 [main] DEBUG o.s.w.s.m.m.a.RequestMappingHandlerMapping - Mapped to br.com.desafio.cartoes.controller.CartoesController#solicitar(SolicitacaoRequestDTO)
2026-03-30 16:18:53.775 [main] DEBUG o.s.w.s.m.m.a.RequestResponseBodyMethodProcessor - Read "application/json" to [SolicitacaoRequestDTO(cliente=ClienteRequestDTO(nome=João Silva, cpf=12345678901, idade=30, dataNasc (truncated)...]
2026-03-30 16:18:53.788 [main] INFO  b.c.d.c.controller.CartoesController - POST /cartoes recebido para CPF: 12345678901
2026-03-30 16:18:53.789 [main] DEBUG o.s.w.s.m.m.a.ExceptionHandlerExceptionResolver - Using @ExceptionHandler br.com.desafio.cartoes.exception.GlobalExceptionHandler#handleClienteInvalidoException(ClienteInvalidoException)
2026-03-30 16:18:53.790 [main] WARN  b.c.d.c.e.GlobalExceptionHandler - Regra de negócio violada: CPF_INVALIDO - CPF formato inválido
2026-03-30 16:18:53.792 [main] DEBUG o.s.w.s.m.m.a.HttpEntityMethodProcessor - Using 'application/json', given [*/*] and supported [application/json, application/*+json]
2026-03-30 16:18:53.792 [main] DEBUG o.s.w.s.m.m.a.HttpEntityMethodProcessor - Writing [ErroResponseDTO(codigo=400, mensagem=CPF formato inválido, detalheErro=ErroDetalheDTO(app=cartoes, t (truncated)...]
2026-03-30 16:18:53.793 [main] DEBUG o.s.w.s.m.m.a.ExceptionHandlerExceptionResolver - Resolved [br.com.desafio.cartoes.exception.ClienteInvalidoException: CPF formato inválido]
2026-03-30 16:18:54.650 [main] INFO  b.c.d.cartoes.service.CartaoService - Iniciando processamento de solicitação para CPF: 12345678901
2026-03-30 16:18:54.656 [main] INFO  b.c.d.cartoes.service.CartaoService - Solicitação c52287e0-dbde-4c2d-9466-dec2d59ac31f salva no banco de dados para CPF: 12345678901 com 1 cartões aprovados
2026-03-30 16:18:54.676 [main] INFO  b.c.d.cartoes.service.CartaoService - Iniciando processamento de solicitação para CPF: 12345678901
2026-03-30 16:18:54.676 [main] INFO  b.c.d.cartoes.service.CartaoService - Solicitação d3f1c67f-b799-4622-bd94-272002852f9c salva no banco de dados para CPF: 12345678901 com 0 cartões aprovados
2026-03-30 16:18:54.682 [main] INFO  b.c.d.cartoes.service.CartaoService - Iniciando processamento de solicitação para CPF: 12345678901
2026-03-30 16:18:54.684 [main] INFO  b.c.d.cartoes.service.CartaoService - Solicitação 56e87e6a-3169-4722-b22c-bdffe9b24e72 salva no banco de dados para CPF: 12345678901 com 3 cartões aprovados
2026-03-30 16:18:54.721 [main] INFO  b.c.d.cartoes.service.CartaoService - Iniciando processamento de solicitação para CPF: 12345678901
2026-03-30 16:18:54.723 [main] INFO  b.c.d.cartoes.service.CartaoService - Solicitação 69148079-5fe9-43b3-9a35-8e29087c0d30 salva no banco de dados para CPF: 12345678901 com 3 cartões aprovados
2026-03-30 16:18:54.737 [main] INFO  b.c.d.cartoes.service.CartaoService - Iniciando processamento de solicitação para CPF: 12345678901
2026-03-30 16:18:54.752 [main] INFO  b.c.d.cartoes.service.CartaoService - Iniciando processamento de solicitação para CPF: 12345678901
2026-03-30 16:18:54.753 [main] INFO  b.c.d.cartoes.service.CartaoService - Solicitação c95d3bc4-e069-4386-a6ff-9ccc0c7eb500 salva no banco de dados para CPF: 12345678901 com 3 cartões aprovados
2026-03-30 16:18:54.958 [main] INFO  b.c.d.c.service.ElegibilidadeService - Processando elegibilidade do cliente: 12345678901
2026-03-30 16:18:54.959 [main] DEBUG b.c.d.c.service.ElegibilidadeService - Cartões carregados: 3
2026-03-30 16:18:54.960 [main] DEBUG b.c.d.c.service.ElegibilidadeService - Regra ElegibilidadeRule$MockitoMock$FdbmbNzL aplicada: 3 → 0 cartões
2026-03-30 16:18:54.961 [main] DEBUG b.c.d.c.service.ElegibilidadeService - Nenhum cartão elegível após ElegibilidadeRule$MockitoMock$FdbmbNzL
2026-03-30 16:18:54.961 [main] INFO  b.c.d.c.service.ElegibilidadeService - Cliente 12345678901 não elegível a nenhum cartão após aplicação das regras
2026-03-30 16:18:54.970 [main] INFO  b.c.d.c.service.ElegibilidadeService - Processando elegibilidade do cliente: 12345678901
2026-03-30 16:18:54.971 [main] DEBUG b.c.d.c.service.ElegibilidadeService - Cartões carregados: 3
2026-03-30 16:18:54.971 [main] DEBUG b.c.d.c.service.ElegibilidadeService - Regra ElegibilidadeRule$MockitoMock$FdbmbNzL aplicada: 3 → 3 cartões
2026-03-30 16:18:54.972 [main] DEBUG b.c.d.c.service.ElegibilidadeService - Regra ElegibilidadeRule$MockitoMock$FdbmbNzL aplicada: 3 → 3 cartões
2026-03-30 16:18:54.972 [main] INFO  b.c.d.c.service.ElegibilidadeService - Elegibilidade processada para 12345678901: 3 cartões aprovados
2026-03-30 16:18:54.979 [main] INFO  b.c.d.c.service.ElegibilidadeService - Processando elegibilidade do cliente: 12345678901
2026-03-30 16:18:54.979 [main] DEBUG b.c.d.c.service.ElegibilidadeService - Cartões carregados: 3
2026-03-30 16:18:54.980 [main] DEBUG b.c.d.c.service.ElegibilidadeService - Regra ElegibilidadeRule$MockitoMock$FdbmbNzL aplicada: 3 → 1 cartões
2026-03-30 16:18:54.980 [main] DEBUG b.c.d.c.service.ElegibilidadeService - Regra ElegibilidadeRule$MockitoMock$FdbmbNzL aplicada: 1 → 1 cartões
2026-03-30 16:18:54.981 [main] INFO  b.c.d.c.service.ElegibilidadeService - Elegibilidade processada para 12345678901: 1 cartões aprovados
2026-03-30 16:18:54.988 [main] INFO  b.c.d.c.service.ElegibilidadeService - Processando elegibilidade do cliente: 12345678901
2026-03-30 16:18:54.990 [main] DEBUG b.c.d.c.service.ElegibilidadeService - Cartões carregados: 0
2026-03-30 16:18:54.990 [main] INFO  b.c.d.c.service.ElegibilidadeService - Nenhum cartão ativo encontrado para processar
2026-03-30 16:18:54.995 [main] INFO  b.c.d.c.service.ElegibilidadeService - Processando elegibilidade do cliente: 12345678901
2026-03-30 16:18:54.996 [main] DEBUG b.c.d.c.service.ElegibilidadeService - Cartões carregados: 3
2026-03-30 16:18:54.996 [main] DEBUG b.c.d.c.service.ElegibilidadeService - Regra ElegibilidadeRule$MockitoMock$FdbmbNzL aplicada: 3 → 3 cartões
2026-03-30 16:18:54.997 [main] DEBUG b.c.d.c.service.ElegibilidadeService - Regra ElegibilidadeRule$MockitoMock$FdbmbNzL aplicada: 3 → 3 cartões
2026-03-30 16:18:54.997 [main] INFO  b.c.d.c.service.ElegibilidadeService - Elegibilidade processada para 12345678901: 3 cartões aprovados
2026-03-30 16:18:55.008 [main] DEBUG b.c.d.c.s.ValidacaoClienteService - Iniciando validação do cliente: 123
2026-03-30 16:18:55.010 [main] WARN  b.c.d.c.s.ValidacaoClienteService - CPF inválido: 123
2026-03-30 16:18:55.041 [main] DEBUG b.c.d.c.s.ValidacaoClienteService - Iniciando validação do cliente: 12345678901
2026-03-30 16:18:55.042 [main] DEBUG b.c.d.c.s.ValidacaoClienteService - Validação do cliente 12345678901 passou com sucesso
2026-03-30 16:18:55.045 [main] DEBUG b.c.d.c.s.ValidacaoClienteService - Iniciando validação do cliente: 12345678901
2026-03-30 16:18:55.045 [main] WARN  b.c.d.c.s.ValidacaoClienteService - UF inválida: sp
2026-03-30 16:18:55.050 [main] DEBUG b.c.d.c.s.ValidacaoClienteService - Iniciando validação do cliente: 12345678901
2026-03-30 16:18:55.050 [main] DEBUG b.c.d.c.s.ValidacaoClienteService - Validação do cliente 12345678901 passou com sucesso
2026-03-30 16:18:55.054 [main] DEBUG b.c.d.c.s.ValidacaoClienteService - Iniciando validação do cliente: 12345678901
2026-03-30 16:18:55.054 [main] WARN  b.c.d.c.s.ValidacaoClienteService - UF inválida: XX
2026-03-30 16:18:55.059 [main] DEBUG b.c.d.c.s.ValidacaoClienteService - Iniciando validação do cliente: 
2026-03-30 16:18:55.059 [main] WARN  b.c.d.c.s.ValidacaoClienteService - CPF inválido: 
2026-03-30 16:18:55.062 [main] DEBUG b.c.d.c.s.ValidacaoClienteService - Iniciando validação do cliente: 123.456.789-01
2026-03-30 16:18:55.062 [main] DEBUG b.c.d.c.s.ValidacaoClienteService - Validação do cliente 123.456.789-01 passou com sucesso
2026-03-30 16:18:55.065 [main] DEBUG b.c.d.c.s.ValidacaoClienteService - Iniciando validação do cliente: 12345678901
2026-03-30 16:18:55.066 [main] WARN  b.c.d.c.s.ValidacaoClienteService - Cliente menor de 18 anos rejeitado: CPF 12345678901, idade 17
2026-03-30 16:18:55.075 [main] DEBUG b.c.d.c.s.ValidacaoClienteService - Iniciando validação do cliente: 12345678901
2026-03-30 16:18:55.075 [main] DEBUG b.c.d.c.s.ValidacaoClienteService - Validação do cliente 12345678901 passou com sucesso
2026-03-30 16:18:55.311 [SpringApplicationShutdownHook] DEBUG o.s.w.c.s.GenericWebApplicationContext - Closing org.springframework.web.context.support.GenericWebApplicationContext@315f09ef, started on Mon Mar 30 16:18:35 BRT 2026
2026-03-30 16:18:55.331 [SpringApplicationShutdownHook] INFO  o.s.o.j.LocalContainerEntityManagerFactoryBean - Closing JPA EntityManagerFactory for persistence unit 'default'
2026-03-30 16:18:55.342 [SpringApplicationShutdownHook] INFO  com.zaxxer.hikari.HikariDataSource - HikariPool-1 - Shutdown initiated...
2026-03-30 16:18:55.347 [SpringApplicationShutdownHook] INFO  com.zaxxer.hikari.HikariDataSource - HikariPool-1 - Shutdown completed.
2026-03-30 19:19:22.019 [http-nio-8080-exec-2] DEBUG o.s.web.servlet.DispatcherServlet - GET "/actuator/health", parameters={}
2026-03-30 19:19:22.075 [http-nio-8080-exec-2] DEBUG o.s.w.s.m.m.a.RequestResponseBodyMethodProcessor - Read "application/octet-stream" to []
2026-03-30 19:19:22.114 [http-nio-8080-exec-2] DEBUG o.s.w.s.m.m.a.HttpEntityMethodProcessor - Using 'application/vnd.spring-boot.actuator.v3+json', given [*/*] and supported [application/vnd.spring-boot.actuator.v3+json, application/vnd.spring-boot.actuator.v2+json, application/json]
2026-03-30 19:19:22.120 [http-nio-8080-exec-2] DEBUG o.s.w.s.m.m.a.HttpEntityMethodProcessor - Writing [org.springframework.boot.health.actuate.endpoint.SystemHealthDescriptor@5c175cb7]
2026-03-30 19:19:22.143 [http-nio-8080-exec-2] DEBUG o.s.web.servlet.DispatcherServlet - Completed 200 OK
2026-03-30 19:19:52.460 [http-nio-8080-exec-6] DEBUG o.s.web.servlet.DispatcherServlet - GET "/actuator/health", parameters={}
2026-03-30 19:19:52.481 [http-nio-8080-exec-6] DEBUG o.s.w.s.m.m.a.RequestResponseBodyMethodProcessor - Read "application/octet-stream" to []
2026-03-30 19:19:52.517 [http-nio-8080-exec-6] DEBUG o.s.w.s.m.m.a.HttpEntityMethodProcessor - Using 'application/vnd.spring-boot.actuator.v3+json', given [*/*] and supported [application/vnd.spring-boot.actuator.v3+json, application/vnd.spring-boot.actuator.v2+json, application/json]
2026-03-30 19:19:52.522 [http-nio-8080-exec-6] DEBUG o.s.w.s.m.m.a.HttpEntityMethodProcessor - Writing [org.springframework.boot.health.actuate.endpoint.SystemHealthDescriptor@7deeb416]
2026-03-30 19:19:52.534 [http-nio-8080-exec-6] DEBUG o.s.web.servlet.DispatcherServlet - Completed 200 OK
2026-03-30 19:20:22.670 [http-nio-8080-exec-5] DEBUG o.s.web.servlet.DispatcherServlet - GET "/actuator/health", parameters={}
2026-03-30 19:20:22.673 [http-nio-8080-exec-5] DEBUG o.s.w.s.m.m.a.RequestResponseBodyMethodProcessor - Read "application/octet-stream" to []
2026-03-30 19:20:22.677 [http-nio-8080-exec-5] DEBUG o.s.w.s.m.m.a.HttpEntityMethodProcessor - Using 'application/vnd.spring-boot.actuator.v3+json', given [*/*] and supported [application/vnd.spring-boot.actuator.v3+json, application/vnd.spring-boot.actuator.v2+json, application/json]
2026-03-30 19:20:22.678 [http-nio-8080-exec-5] DEBUG o.s.w.s.m.m.a.HttpEntityMethodProcessor - Writing [org.springframework.boot.health.actuate.endpoint.SystemHealthDescriptor@228c094f]
2026-03-30 19:20:22.681 [http-nio-8080-exec-5] DEBUG o.s.web.servlet.DispatcherServlet - Completed 200 OK
2026-03-30 19:20:52.935 [http-nio-8080-exec-4] DEBUG o.s.web.servlet.DispatcherServlet - GET "/actuator/health", parameters={}
2026-03-30 19:20:52.938 [http-nio-8080-exec-4] DEBUG o.s.w.s.m.m.a.RequestResponseBodyMethodProcessor - Read "application/octet-stream" to []
2026-03-30 19:20:52.945 [http-nio-8080-exec-4] DEBUG o.s.w.s.m.m.a.HttpEntityMethodProcessor - Using 'application/vnd.spring-boot.actuator.v3+json', given [*/*] and supported [application/vnd.spring-boot.actuator.v3+json, application/vnd.spring-boot.actuator.v2+json, application/json]
2026-03-30 19:20:52.948 [http-nio-8080-exec-4] DEBUG o.s.w.s.m.m.a.HttpEntityMethodProcessor - Writing [org.springframework.boot.health.actuate.endpoint.SystemHealthDescriptor@5cb41dab]
2026-03-30 19:20:52.951 [http-nio-8080-exec-4] DEBUG o.s.web.servlet.DispatcherServlet - Completed 200 OK
2026-03-30 19:21:24.071 [http-nio-8080-exec-7] DEBUG o.s.web.servlet.DispatcherServlet - GET "/actuator/health", parameters={}
2026-03-30 19:21:24.088 [http-nio-8080-exec-7] DEBUG o.s.w.s.m.m.a.RequestResponseBodyMethodProcessor - Read "application/octet-stream" to []
2026-03-30 19:21:24.110 [http-nio-8080-exec-7] DEBUG o.s.w.s.m.m.a.HttpEntityMethodProcessor - Using 'application/vnd.spring-boot.actuator.v3+json', given [*/*] and supported [application/vnd.spring-boot.actuator.v3+json, application/vnd.spring-boot.actuator.v2+json, application/json]
2026-03-30 19:21:24.114 [http-nio-8080-exec-7] DEBUG o.s.w.s.m.m.a.HttpEntityMethodProcessor - Writing [org.springframework.boot.health.actuate.endpoint.SystemHealthDescriptor@79a663d6]
2026-03-30 19:21:24.132 [http-nio-8080-exec-7] DEBUG o.s.web.servlet.DispatcherServlet - Completed 200 OK
2026-03-30 19:21:54.357 [http-nio-8080-exec-8] DEBUG o.s.web.servlet.DispatcherServlet - GET "/actuator/health", parameters={}
2026-03-30 19:21:54.361 [http-nio-8080-exec-8] DEBUG o.s.w.s.m.m.a.RequestResponseBodyMethodProcessor - Read "application/octet-stream" to []
2026-03-30 19:21:54.652 [http-nio-8080-exec-8] DEBUG o.s.w.s.m.m.a.HttpEntityMethodProcessor - Using 'application/vnd.spring-boot.actuator.v3+json', given [*/*] and supported [application/vnd.spring-boot.actuator.v3+json, application/vnd.spring-boot.actuator.v2+json, application/json]
2026-03-30 19:21:54.653 [http-nio-8080-exec-8] DEBUG o.s.w.s.m.m.a.HttpEntityMethodProcessor - Writing [org.springframework.boot.health.actuate.endpoint.SystemHealthDescriptor@1efa1842]
2026-03-30 19:21:54.657 [http-nio-8080-exec-8] DEBUG o.s.web.servlet.DispatcherServlet - Completed 200 OK
2026-03-30 19:22:02.329 [http-nio-8080-exec-9] DEBUG o.s.web.servlet.DispatcherServlet - GET "/swagger-ui/index.html", parameters={}
2026-03-30 19:22:02.415 [http-nio-8080-exec-9] DEBUG o.s.w.s.h.SimpleUrlHandlerMapping - Mapped to ResourceHttpRequestHandler [classpath [META-INF/resources/webjars/]]
2026-03-30 19:22:02.797 [http-nio-8080-exec-9] DEBUG o.s.web.servlet.DispatcherServlet - Completed 304 NOT_MODIFIED
2026-03-30 19:22:02.993 [http-nio-8080-exec-10] DEBUG o.s.web.servlet.DispatcherServlet - GET "/swagger-ui/swagger-initializer.js", parameters={}
2026-03-30 19:22:03.014 [http-nio-8080-exec-10] DEBUG o.s.w.s.h.SimpleUrlHandlerMapping - Mapped to ResourceHttpRequestHandler [classpath [META-INF/resources/webjars/]]
2026-03-30 19:22:03.195 [http-nio-8080-exec-10] DEBUG o.s.web.servlet.DispatcherServlet - Completed 200 OK
2026-03-30 19:22:03.543 [http-nio-8080-exec-1] DEBUG o.s.web.servlet.DispatcherServlet - GET "/v3/api-docs/swagger-config", parameters={}
2026-03-30 19:22:03.547 [http-nio-8080-exec-1] DEBUG o.s.w.s.m.m.a.RequestMappingHandlerMapping - Mapped to org.springdoc.webmvc.ui.SwaggerConfigResource#openapiJson(HttpServletRequest)
2026-03-30 19:22:03.590 [http-nio-8080-exec-1] DEBUG o.s.w.s.m.m.a.RequestResponseBodyMethodProcessor - Using 'application/json', given [*/*] and supported [application/json]
2026-03-30 19:22:03.593 [http-nio-8080-exec-1] DEBUG o.s.w.s.m.m.a.RequestResponseBodyMethodProcessor - Writing [{configUrl=/v3/api-docs/swagger-config, oauth2RedirectUrl=http://localhost:8080/swagger-ui/oauth2-re (truncated)...]
2026-03-30 19:22:03.619 [http-nio-8080-exec-1] DEBUG o.s.web.servlet.DispatcherServlet - Completed 200 OK
2026-03-30 19:22:03.665 [http-nio-8080-exec-3] DEBUG o.s.web.servlet.DispatcherServlet - GET "/v3/api-docs", parameters={}
2026-03-30 19:22:03.670 [http-nio-8080-exec-3] DEBUG o.s.w.s.m.m.a.RequestMappingHandlerMapping - Mapped to org.springdoc.webmvc.api.OpenApiWebMvcResource#openapiJson(HttpServletRequest, String, Locale)
2026-03-30 19:22:04.070 [http-nio-8080-exec-3] DEBUG o.s.w.s.m.m.a.RequestResponseBodyMethodProcessor - Using 'application/json', given [application/json, */*] and supported [application/json]
2026-03-30 19:22:04.082 [http-nio-8080-exec-3] DEBUG o.s.w.s.m.m.a.RequestResponseBodyMethodProcessor - Writing [{7b226f70656e617069223a22332e312e30222c22696e666f223a7b227469746c65223a224f70656e41504920646566696e6 (truncated)...]
2026-03-30 19:22:04.090 [http-nio-8080-exec-3] DEBUG o.s.web.servlet.DispatcherServlet - Completed 200 OK
2026-03-30 19:22:27.740 [http-nio-8080-exec-2] DEBUG o.s.web.servlet.DispatcherServlet - GET "/actuator/health", parameters={}
2026-03-30 19:22:27.790 [http-nio-8080-exec-2] DEBUG o.s.w.s.m.m.a.RequestResponseBodyMethodProcessor - Read "application/octet-stream" to []
2026-03-30 19:22:27.870 [http-nio-8080-exec-2] DEBUG o.s.w.s.m.m.a.HttpEntityMethodProcessor - Using 'application/vnd.spring-boot.actuator.v3+json', given [*/*] and supported [application/vnd.spring-boot.actuator.v3+json, application/vnd.spring-boot.actuator.v2+json, application/json]
2026-03-30 19:22:27.874 [http-nio-8080-exec-2] DEBUG o.s.w.s.m.m.a.HttpEntityMethodProcessor - Writing [org.springframework.boot.health.actuate.endpoint.SystemHealthDescriptor@71afe149]
2026-03-30 19:22:27.901 [http-nio-8080-exec-2] DEBUG o.s.web.servlet.DispatcherServlet - Completed 200 OK
2026-03-30 19:22:36.034 [http-nio-8080-exec-6] DEBUG o.s.web.servlet.DispatcherServlet - POST "/cartoes", parameters={}
2026-03-30 19:22:36.040 [http-nio-8080-exec-6] DEBUG o.s.w.s.m.m.a.RequestMappingHandlerMapping - Mapped to br.com.desafio.cartoes.controller.CartoesController#solicitar(SolicitacaoRequestDTO)
2026-03-30 19:22:36.266 [http-nio-8080-exec-6] DEBUG o.s.w.s.m.m.a.RequestResponseBodyMethodProcessor - Read "application/json;charset=UTF-8" to [SolicitacaoRequestDTO(cliente=ClienteRequestDTO(nome=Cliente Teste, cpf=123.456.789-10, idade=25, da (truncated)...]
2026-03-30 19:22:36.422 [http-nio-8080-exec-6] INFO  b.c.d.c.controller.CartoesController - POST /cartoes recebido para CPF: 123.456.789-10
2026-03-30 19:22:36.435 [http-nio-8080-exec-6] INFO  b.c.d.cartoes.service.CartaoService - Iniciando processamento de solicitação para CPF: 123.456.789-10
2026-03-30 19:22:36.442 [http-nio-8080-exec-6] DEBUG b.c.d.c.s.ValidacaoClienteService - Iniciando validação do cliente: 123.456.789-10
2026-03-30 19:22:36.459 [http-nio-8080-exec-6] DEBUG b.c.d.c.s.ValidacaoClienteService - Validação do cliente 123.456.789-10 passou com sucesso
2026-03-30 19:22:36.466 [http-nio-8080-exec-6] INFO  b.c.d.c.service.ElegibilidadeService - Processando elegibilidade do cliente: 123.456.789-10
2026-03-30 19:22:37.033 [http-nio-8080-exec-6] DEBUG b.c.d.c.service.ElegibilidadeService - Cartões carregados: 3
2026-03-30 19:22:37.036 [http-nio-8080-exec-6] DEBUG b.c.d.c.service.ElegibilidadeService - Regra RegraPorIdade aplicada: 3 → 3 cartões
2026-03-30 19:22:37.047 [http-nio-8080-exec-6] DEBUG b.c.d.c.service.ElegibilidadeService - Regra RegraPorRenda aplicada: 3 → 1 cartões
2026-03-30 19:22:37.054 [http-nio-8080-exec-6] DEBUG b.c.d.c.service.ElegibilidadeService - Regra RegraPorUF aplicada: 1 → 1 cartões
2026-03-30 19:22:37.111 [http-nio-8080-exec-6] INFO  b.c.d.c.service.ElegibilidadeService - Elegibilidade processada para 123.456.789-10: 1 cartões aprovados
2026-03-30 19:22:37.863 [http-nio-8080-exec-6] INFO  b.c.d.cartoes.service.CartaoService - Solicitação a8eabc94-1709-4ee2-9c09-af9653a2d1ec salva no banco de dados para CPF: 123.456.789-10 com 1 cartões aprovados
2026-03-30 19:22:37.866 [http-nio-8080-exec-6] INFO  b.c.d.c.controller.CartoesController - Cartões encontrados para CPF 123.456.789-10: 1 cartões - retornando 200
2026-03-30 19:22:38.032 [http-nio-8080-exec-6] DEBUG o.s.w.s.m.m.a.HttpEntityMethodProcessor - Using 'application/json', given [application/json] and supported [application/json, application/*+json, application/yaml]
2026-03-30 19:22:38.041 [http-nio-8080-exec-6] DEBUG o.s.w.s.m.m.a.HttpEntityMethodProcessor - Writing [SolicitacaoResponseDTO(numeroSolicitacao=a8eabc94-1709-4ee2-9c09-af9653a2d1ec, dataSolicitacao=2026- (truncated)...]
2026-03-30 19:22:38.280 [http-nio-8080-exec-6] DEBUG o.s.web.servlet.DispatcherServlet - Completed 200 OK
2026-03-30 19:23:00.414 [http-nio-8080-exec-5] DEBUG o.s.web.servlet.DispatcherServlet - GET "/actuator/health", parameters={}
2026-03-30 19:23:00.761 [http-nio-8080-exec-5] DEBUG o.s.w.s.m.m.a.RequestResponseBodyMethodProcessor - Read "application/octet-stream" to []
2026-03-30 19:23:01.022 [http-nio-8080-exec-5] DEBUG o.s.w.s.m.m.a.HttpEntityMethodProcessor - Using 'application/vnd.spring-boot.actuator.v3+json', given [*/*] and supported [application/vnd.spring-boot.actuator.v3+json, application/vnd.spring-boot.actuator.v2+json, application/json]
2026-03-30 19:23:01.036 [http-nio-8080-exec-5] DEBUG o.s.w.s.m.m.a.HttpEntityMethodProcessor - Writing [org.springframework.boot.health.actuate.endpoint.SystemHealthDescriptor@3bf7b15]
2026-03-30 19:23:01.072 [http-nio-8080-exec-5] DEBUG o.s.web.servlet.DispatcherServlet - Completed 200 OK
2026-03-30 19:23:31.534 [http-nio-8080-exec-7] DEBUG o.s.web.servlet.DispatcherServlet - GET "/actuator/health", parameters={}
2026-03-30 19:23:31.539 [http-nio-8080-exec-7] DEBUG o.s.w.s.m.m.a.RequestResponseBodyMethodProcessor - Read "application/octet-stream" to []
2026-03-30 19:23:31.610 [http-nio-8080-exec-7] DEBUG o.s.w.s.m.m.a.HttpEntityMethodProcessor - Using 'application/vnd.spring-boot.actuator.v3+json', given [*/*] and supported [application/vnd.spring-boot.actuator.v3+json, application/vnd.spring-boot.actuator.v2+json, application/json]
2026-03-30 19:23:31.612 [http-nio-8080-exec-7] DEBUG o.s.w.s.m.m.a.HttpEntityMethodProcessor - Writing [org.springframework.boot.health.actuate.endpoint.SystemHealthDescriptor@7d99f83a]
2026-03-30 19:23:31.615 [http-nio-8080-exec-7] DEBUG o.s.web.servlet.DispatcherServlet - Completed 200 OK
2026-03-30 19:24:01.760 [http-nio-8080-exec-9] DEBUG o.s.web.servlet.DispatcherServlet - GET "/actuator/health", parameters={}
2026-03-30 19:24:01.767 [http-nio-8080-exec-9] DEBUG o.s.w.s.m.m.a.RequestResponseBodyMethodProcessor - Read "application/octet-stream" to []
2026-03-30 19:24:01.785 [http-nio-8080-exec-9] DEBUG o.s.w.s.m.m.a.HttpEntityMethodProcessor - Using 'application/vnd.spring-boot.actuator.v3+json', given [*/*] and supported [application/vnd.spring-boot.actuator.v3+json, application/vnd.spring-boot.actuator.v2+json, application/json]
2026-03-30 19:24:01.789 [http-nio-8080-exec-9] DEBUG o.s.w.s.m.m.a.HttpEntityMethodProcessor - Writing [org.springframework.boot.health.actuate.endpoint.SystemHealthDescriptor@1d89216a]
2026-03-30 19:24:01.792 [http-nio-8080-exec-9] DEBUG o.s.web.servlet.DispatcherServlet - Completed 200 OK
2026-03-30 19:24:32.303 [http-nio-8080-exec-10] DEBUG o.s.web.servlet.DispatcherServlet - GET "/actuator/health", parameters={}
2026-03-30 19:24:32.331 [http-nio-8080-exec-10] DEBUG o.s.w.s.m.m.a.RequestResponseBodyMethodProcessor - Read "application/octet-stream" to []
2026-03-30 19:24:32.351 [http-nio-8080-exec-10] DEBUG o.s.w.s.m.m.a.HttpEntityMethodProcessor - Using 'application/vnd.spring-boot.actuator.v3+json', given [*/*] and supported [application/vnd.spring-boot.actuator.v3+json, application/vnd.spring-boot.actuator.v2+json, application/json]
2026-03-30 19:24:32.354 [http-nio-8080-exec-10] DEBUG o.s.w.s.m.m.a.HttpEntityMethodProcessor - Writing [org.springframework.boot.health.actuate.endpoint.SystemHealthDescriptor@2784bcb6]
2026-03-30 19:24:32.361 [http-nio-8080-exec-10] DEBUG o.s.web.servlet.DispatcherServlet - Completed 200 OK
2026-03-30 19:25:02.734 [http-nio-8080-exec-1] DEBUG o.s.web.servlet.DispatcherServlet - GET "/actuator/health", parameters={}
2026-03-30 19:25:02.771 [http-nio-8080-exec-1] DEBUG o.s.w.s.m.m.a.RequestResponseBodyMethodProcessor - Read "application/octet-stream" to []
2026-03-30 19:25:02.834 [http-nio-8080-exec-1] DEBUG o.s.w.s.m.m.a.HttpEntityMethodProcessor - Using 'application/vnd.spring-boot.actuator.v3+json', given [*/*] and supported [application/vnd.spring-boot.actuator.v3+json, application/vnd.spring-boot.actuator.v2+json, application/json]
2026-03-30 19:25:02.840 [http-nio-8080-exec-1] DEBUG o.s.w.s.m.m.a.HttpEntityMethodProcessor - Writing [org.springframework.boot.health.actuate.endpoint.SystemHealthDescriptor@789fc763]
2026-03-30 19:25:02.862 [http-nio-8080-exec-1] DEBUG o.s.web.servlet.DispatcherServlet - Completed 200 OK
2026-03-30 19:25:33.586 [http-nio-8080-exec-3] DEBUG o.s.web.servlet.DispatcherServlet - GET "/actuator/health", parameters={}
2026-03-30 19:25:33.713 [http-nio-8080-exec-3] DEBUG o.s.w.s.m.m.a.RequestResponseBodyMethodProcessor - Read "application/octet-stream" to []
2026-03-30 19:25:33.814 [http-nio-8080-exec-3] DEBUG o.s.w.s.m.m.a.HttpEntityMethodProcessor - Using 'application/vnd.spring-boot.actuator.v3+json', given [*/*] and supported [application/vnd.spring-boot.actuator.v3+json, application/vnd.spring-boot.actuator.v2+json, application/json]
2026-03-30 19:25:33.825 [http-nio-8080-exec-3] DEBUG o.s.w.s.m.m.a.HttpEntityMethodProcessor - Writing [org.springframework.boot.health.actuate.endpoint.SystemHealthDescriptor@751cbfa8]
2026-03-30 19:25:33.873 [http-nio-8080-exec-3] DEBUG o.s.web.servlet.DispatcherServlet - Completed 200 OK
2026-03-30 19:26:04.561 [http-nio-8080-exec-2] DEBUG o.s.web.servlet.DispatcherServlet - GET "/actuator/health", parameters={}
2026-03-30 19:26:04.570 [http-nio-8080-exec-2] DEBUG o.s.w.s.m.m.a.RequestResponseBodyMethodProcessor - Read "application/octet-stream" to []
2026-03-30 19:26:04.586 [http-nio-8080-exec-2] DEBUG o.s.w.s.m.m.a.HttpEntityMethodProcessor - Using 'application/vnd.spring-boot.actuator.v3+json', given [*/*] and supported [application/vnd.spring-boot.actuator.v3+json, application/vnd.spring-boot.actuator.v2+json, application/json]
2026-03-30 19:26:04.590 [http-nio-8080-exec-2] DEBUG o.s.w.s.m.m.a.HttpEntityMethodProcessor - Writing [org.springframework.boot.health.actuate.endpoint.SystemHealthDescriptor@faf9f8e]
2026-03-30 19:26:04.595 [http-nio-8080-exec-2] DEBUG o.s.web.servlet.DispatcherServlet - Completed 200 OK
2026-03-30 19:26:34.814 [http-nio-8080-exec-6] DEBUG o.s.web.servlet.DispatcherServlet - GET "/actuator/health", parameters={}
2026-03-30 19:26:34.818 [http-nio-8080-exec-6] DEBUG o.s.w.s.m.m.a.RequestResponseBodyMethodProcessor - Read "application/octet-stream" to []
2026-03-30 19:26:34.824 [http-nio-8080-exec-6] DEBUG o.s.w.s.m.m.a.HttpEntityMethodProcessor - Using 'application/vnd.spring-boot.actuator.v3+json', given [*/*] and supported [application/vnd.spring-boot.actuator.v3+json, application/vnd.spring-boot.actuator.v2+json, application/json]
2026-03-30 19:26:34.826 [http-nio-8080-exec-6] DEBUG o.s.w.s.m.m.a.HttpEntityMethodProcessor - Writing [org.springframework.boot.health.actuate.endpoint.SystemHealthDescriptor@97b4ad0]
2026-03-30 19:26:34.830 [http-nio-8080-exec-6] DEBUG o.s.web.servlet.DispatcherServlet - Completed 200 OK
2026-03-30 19:27:06.565 [http-nio-8080-exec-5] DEBUG o.s.web.servlet.DispatcherServlet - GET "/actuator/health", parameters={}
2026-03-30 19:27:06.651 [http-nio-8080-exec-5] DEBUG o.s.w.s.m.m.a.RequestResponseBodyMethodProcessor - Read "application/octet-stream" to []
2026-03-30 19:27:06.711 [http-nio-8080-exec-5] DEBUG o.s.w.s.m.m.a.HttpEntityMethodProcessor - Using 'application/vnd.spring-boot.actuator.v3+json', given [*/*] and supported [application/vnd.spring-boot.actuator.v3+json, application/vnd.spring-boot.actuator.v2+json, application/json]
2026-03-30 19:27:06.718 [http-nio-8080-exec-5] DEBUG o.s.w.s.m.m.a.HttpEntityMethodProcessor - Writing [org.springframework.boot.health.actuate.endpoint.SystemHealthDescriptor@2682fba9]
2026-03-30 19:27:06.752 [http-nio-8080-exec-5] DEBUG o.s.web.servlet.DispatcherServlet - Completed 200 OK
2026-03-30 19:27:37.555 [http-nio-8080-exec-4] DEBUG o.s.web.servlet.DispatcherServlet - GET "/actuator/health", parameters={}
2026-03-30 19:27:37.603 [http-nio-8080-exec-4] DEBUG o.s.w.s.m.m.a.RequestResponseBodyMethodProcessor - Read "application/octet-stream" to []
2026-03-30 19:27:37.682 [http-nio-8080-exec-4] DEBUG o.s.w.s.m.m.a.HttpEntityMethodProcessor - Using 'application/vnd.spring-boot.actuator.v3+json', given [*/*] and supported [application/vnd.spring-boot.actuator.v3+json, application/vnd.spring-boot.actuator.v2+json, application/json]
2026-03-30 19:27:37.689 [http-nio-8080-exec-4] DEBUG o.s.w.s.m.m.a.HttpEntityMethodProcessor - Writing [org.springframework.boot.health.actuate.endpoint.SystemHealthDescriptor@6725de42]
2026-03-30 19:27:37.725 [http-nio-8080-exec-4] DEBUG o.s.web.servlet.DispatcherServlet - Completed 200 OK
2026-03-30 19:28:08.780 [http-nio-8080-exec-7] DEBUG o.s.web.servlet.DispatcherServlet - GET "/actuator/health", parameters={}
2026-03-30 19:28:08.841 [http-nio-8080-exec-7] DEBUG o.s.w.s.m.m.a.RequestResponseBodyMethodProcessor - Read "application/octet-stream" to []
2026-03-30 19:28:10.572 [http-nio-8080-exec-7] DEBUG o.s.w.s.m.m.a.HttpEntityMethodProcessor - Using 'application/vnd.spring-boot.actuator.v3+json', given [*/*] and supported [application/vnd.spring-boot.actuator.v3+json, application/vnd.spring-boot.actuator.v2+json, application/json]
2026-03-30 19:28:11.087 [http-nio-8080-exec-7] DEBUG o.s.w.s.m.m.a.HttpEntityMethodProcessor - Writing [org.springframework.boot.health.actuate.endpoint.SystemHealthDescriptor@389b69ed]
2026-03-30 19:28:11.942 [http-nio-8080-exec-7] DEBUG o.s.web.servlet.DispatcherServlet - Completed 200 OK
2026-03-30 19:28:42.229 [http-nio-8080-exec-8] DEBUG o.s.web.servlet.DispatcherServlet - GET "/actuator/health", parameters={}
2026-03-30 19:28:42.234 [http-nio-8080-exec-8] DEBUG o.s.w.s.m.m.a.RequestResponseBodyMethodProcessor - Read "application/octet-stream" to []
2026-03-30 19:28:42.240 [http-nio-8080-exec-8] DEBUG o.s.w.s.m.m.a.HttpEntityMethodProcessor - Using 'application/vnd.spring-boot.actuator.v3+json', given [*/*] and supported [application/vnd.spring-boot.actuator.v3+json, application/vnd.spring-boot.actuator.v2+json, application/json]
2026-03-30 19:28:42.242 [http-nio-8080-exec-8] DEBUG o.s.w.s.m.m.a.HttpEntityMethodProcessor - Writing [org.springframework.boot.health.actuate.endpoint.SystemHealthDescriptor@5ca298f]
2026-03-30 19:28:42.246 [http-nio-8080-exec-8] DEBUG o.s.web.servlet.DispatcherServlet - Completed 200 OK
2026-03-30 19:29:12.477 [http-nio-8080-exec-9] DEBUG o.s.web.servlet.DispatcherServlet - GET "/actuator/health", parameters={}
2026-03-30 19:29:12.481 [http-nio-8080-exec-9] DEBUG o.s.w.s.m.m.a.RequestResponseBodyMethodProcessor - Read "application/octet-stream" to []
2026-03-30 19:29:12.489 [http-nio-8080-exec-9] DEBUG o.s.w.s.m.m.a.HttpEntityMethodProcessor - Using 'application/vnd.spring-boot.actuator.v3+json', given [*/*] and supported [application/vnd.spring-boot.actuator.v3+json, application/vnd.spring-boot.actuator.v2+json, application/json]
2026-03-30 19:29:12.490 [http-nio-8080-exec-9] DEBUG o.s.w.s.m.m.a.HttpEntityMethodProcessor - Writing [org.springframework.boot.health.actuate.endpoint.SystemHealthDescriptor@29921f9e]
2026-03-30 19:29:12.494 [http-nio-8080-exec-9] DEBUG o.s.web.servlet.DispatcherServlet - Completed 200 OK
2026-03-30 19:29:42.728 [http-nio-8080-exec-10] DEBUG o.s.web.servlet.DispatcherServlet - GET "/actuator/health", parameters={}
2026-03-30 19:29:42.732 [http-nio-8080-exec-10] DEBUG o.s.w.s.m.m.a.RequestResponseBodyMethodProcessor - Read "application/octet-stream" to []
2026-03-30 19:29:42.740 [http-nio-8080-exec-10] DEBUG o.s.w.s.m.m.a.HttpEntityMethodProcessor - Using 'application/vnd.spring-boot.actuator.v3+json', given [*/*] and supported [application/vnd.spring-boot.actuator.v3+json, application/vnd.spring-boot.actuator.v2+json, application/json]
2026-03-30 19:29:42.743 [http-nio-8080-exec-10] DEBUG o.s.w.s.m.m.a.HttpEntityMethodProcessor - Writing [org.springframework.boot.health.actuate.endpoint.SystemHealthDescriptor@7abcccb7]
2026-03-30 19:29:42.747 [http-nio-8080-exec-10] DEBUG o.s.web.servlet.DispatcherServlet - Completed 200 OK
2026-03-30 19:30:12.942 [http-nio-8080-exec-1] DEBUG o.s.web.servlet.DispatcherServlet - GET "/actuator/health", parameters={}
2026-03-30 19:30:12.947 [http-nio-8080-exec-1] DEBUG o.s.w.s.m.m.a.RequestResponseBodyMethodProcessor - Read "application/octet-stream" to []
2026-03-30 19:30:12.959 [http-nio-8080-exec-1] DEBUG o.s.w.s.m.m.a.HttpEntityMethodProcessor - Using 'application/vnd.spring-boot.actuator.v3+json', given [*/*] and supported [application/vnd.spring-boot.actuator.v3+json, application/vnd.spring-boot.actuator.v2+json, application/json]
2026-03-30 19:30:12.960 [http-nio-8080-exec-1] DEBUG o.s.w.s.m.m.a.HttpEntityMethodProcessor - Writing [org.springframework.boot.health.actuate.endpoint.SystemHealthDescriptor@1ba7b00f]
2026-03-30 19:30:12.966 [http-nio-8080-exec-1] DEBUG o.s.web.servlet.DispatcherServlet - Completed 200 OK
2026-03-30 19:30:43.171 [http-nio-8080-exec-3] DEBUG o.s.web.servlet.DispatcherServlet - GET "/actuator/health", parameters={}
2026-03-30 19:30:43.176 [http-nio-8080-exec-3] DEBUG o.s.w.s.m.m.a.RequestResponseBodyMethodProcessor - Read "application/octet-stream" to []
2026-03-30 19:30:43.180 [http-nio-8080-exec-3] DEBUG o.s.w.s.m.m.a.HttpEntityMethodProcessor - Using 'application/vnd.spring-boot.actuator.v3+json', given [*/*] and supported [application/vnd.spring-boot.actuator.v3+json, application/vnd.spring-boot.actuator.v2+json, application/json]
2026-03-30 19:30:43.184 [http-nio-8080-exec-3] DEBUG o.s.w.s.m.m.a.HttpEntityMethodProcessor - Writing [org.springframework.boot.health.actuate.endpoint.SystemHealthDescriptor@7aabe39e]
2026-03-30 19:30:43.188 [http-nio-8080-exec-3] DEBUG o.s.web.servlet.DispatcherServlet - Completed 200 OK
2026-03-30 19:31:13.421 [http-nio-8080-exec-2] DEBUG o.s.web.servlet.DispatcherServlet - GET "/actuator/health", parameters={}
2026-03-30 19:31:13.425 [http-nio-8080-exec-2] DEBUG o.s.w.s.m.m.a.RequestResponseBodyMethodProcessor - Read "application/octet-stream" to []
2026-03-30 19:31:13.439 [http-nio-8080-exec-2] DEBUG o.s.w.s.m.m.a.HttpEntityMethodProcessor - Using 'application/vnd.spring-boot.actuator.v3+json', given [*/*] and supported [application/vnd.spring-boot.actuator.v3+json, application/vnd.spring-boot.actuator.v2+json, application/json]
2026-03-30 19:31:13.441 [http-nio-8080-exec-2] DEBUG o.s.w.s.m.m.a.HttpEntityMethodProcessor - Writing [org.springframework.boot.health.actuate.endpoint.SystemHealthDescriptor@30107ce9]
2026-03-30 19:31:13.446 [http-nio-8080-exec-2] DEBUG o.s.web.servlet.DispatcherServlet - Completed 200 OK
2026-03-30 19:31:43.625 [http-nio-8080-exec-6] DEBUG o.s.web.servlet.DispatcherServlet - GET "/actuator/health", parameters={}
2026-03-30 19:31:43.628 [http-nio-8080-exec-6] DEBUG o.s.w.s.m.m.a.RequestResponseBodyMethodProcessor - Read "application/octet-stream" to []
2026-03-30 19:31:43.632 [http-nio-8080-exec-6] DEBUG o.s.w.s.m.m.a.HttpEntityMethodProcessor - Using 'application/vnd.spring-boot.actuator.v3+json', given [*/*] and supported [application/vnd.spring-boot.actuator.v3+json, application/vnd.spring-boot.actuator.v2+json, application/json]
2026-03-30 19:31:43.635 [http-nio-8080-exec-6] DEBUG o.s.w.s.m.m.a.HttpEntityMethodProcessor - Writing [org.springframework.boot.health.actuate.endpoint.SystemHealthDescriptor@226c5f6b]
2026-03-30 19:31:43.638 [http-nio-8080-exec-6] DEBUG o.s.web.servlet.DispatcherServlet - Completed 200 OK
2026-03-30 19:32:15.314 [http-nio-8080-exec-5] DEBUG o.s.web.servlet.DispatcherServlet - GET "/actuator/health", parameters={}
2026-03-30 19:32:15.321 [http-nio-8080-exec-5] DEBUG o.s.w.s.m.m.a.RequestResponseBodyMethodProcessor - Read "application/octet-stream" to []
2026-03-30 19:32:15.329 [http-nio-8080-exec-5] DEBUG o.s.w.s.m.m.a.HttpEntityMethodProcessor - Using 'application/vnd.spring-boot.actuator.v3+json', given [*/*] and supported [application/vnd.spring-boot.actuator.v3+json, application/vnd.spring-boot.actuator.v2+json, application/json]
2026-03-30 19:32:15.338 [http-nio-8080-exec-5] DEBUG o.s.w.s.m.m.a.HttpEntityMethodProcessor - Writing [org.springframework.boot.health.actuate.endpoint.SystemHealthDescriptor@3b9941eb]
2026-03-30 19:32:15.346 [http-nio-8080-exec-5] DEBUG o.s.web.servlet.DispatcherServlet - Completed 200 OK
2026-03-30 19:32:49.556 [http-nio-8080-exec-4] DEBUG o.s.web.servlet.DispatcherServlet - GET "/actuator/health", parameters={}
2026-03-30 19:32:49.904 [http-nio-8080-exec-4] DEBUG o.s.w.s.m.m.a.RequestResponseBodyMethodProcessor - Read "application/octet-stream" to []
2026-03-30 19:32:50.442 [http-nio-8080-exec-4] DEBUG o.s.w.s.m.m.a.HttpEntityMethodProcessor - Using 'application/vnd.spring-boot.actuator.v3+json', given [*/*] and supported [application/vnd.spring-boot.actuator.v3+json, application/vnd.spring-boot.actuator.v2+json, application/json]
2026-03-30 19:32:50.460 [http-nio-8080-exec-4] DEBUG o.s.w.s.m.m.a.HttpEntityMethodProcessor - Writing [org.springframework.boot.health.actuate.endpoint.SystemHealthDescriptor@189887ae]
2026-03-30 19:32:50.524 [http-nio-8080-exec-4] DEBUG o.s.web.servlet.DispatcherServlet - Completed 200 OK
2026-03-30 19:33:21.687 [http-nio-8080-exec-7] DEBUG o.s.web.servlet.DispatcherServlet - GET "/actuator/health", parameters={}
2026-03-30 19:33:21.839 [http-nio-8080-exec-7] DEBUG o.s.w.s.m.m.a.RequestResponseBodyMethodProcessor - Read "application/octet-stream" to []
2026-03-30 19:33:22.050 [http-nio-8080-exec-7] DEBUG o.s.w.s.m.m.a.HttpEntityMethodProcessor - Using 'application/vnd.spring-boot.actuator.v3+json', given [*/*] and supported [application/vnd.spring-boot.actuator.v3+json, application/vnd.spring-boot.actuator.v2+json, application/json]
2026-03-30 19:33:22.057 [http-nio-8080-exec-7] DEBUG o.s.w.s.m.m.a.HttpEntityMethodProcessor - Writing [org.springframework.boot.health.actuate.endpoint.SystemHealthDescriptor@431b4677]
2026-03-30 19:33:22.123 [http-nio-8080-exec-7] DEBUG o.s.web.servlet.DispatcherServlet - Completed 200 OK
2026-03-30 19:33:52.728 [http-nio-8080-exec-8] DEBUG o.s.web.servlet.DispatcherServlet - GET "/actuator/health", parameters={}
2026-03-30 19:33:52.736 [http-nio-8080-exec-8] DEBUG o.s.w.s.m.m.a.RequestResponseBodyMethodProcessor - Read "application/octet-stream" to []
2026-03-30 19:33:52.747 [http-nio-8080-exec-8] DEBUG o.s.w.s.m.m.a.HttpEntityMethodProcessor - Using 'application/vnd.spring-boot.actuator.v3+json', given [*/*] and supported [application/vnd.spring-boot.actuator.v3+json, application/vnd.spring-boot.actuator.v2+json, application/json]
2026-03-30 19:33:52.750 [http-nio-8080-exec-8] DEBUG o.s.w.s.m.m.a.HttpEntityMethodProcessor - Writing [org.springframework.boot.health.actuate.endpoint.SystemHealthDescriptor@3382d506]
2026-03-30 19:33:52.755 [http-nio-8080-exec-8] DEBUG o.s.web.servlet.DispatcherServlet - Completed 200 OK
2026-03-30 19:34:23.054 [http-nio-8080-exec-9] DEBUG o.s.web.servlet.DispatcherServlet - GET "/actuator/health", parameters={}
2026-03-30 19:34:23.076 [http-nio-8080-exec-9] DEBUG o.s.w.s.m.m.a.RequestResponseBodyMethodProcessor - Read "application/octet-stream" to []
2026-03-30 19:34:23.086 [http-nio-8080-exec-9] DEBUG o.s.w.s.m.m.a.HttpEntityMethodProcessor - Using 'application/vnd.spring-boot.actuator.v3+json', given [*/*] and supported [application/vnd.spring-boot.actuator.v3+json, application/vnd.spring-boot.actuator.v2+json, application/json]
2026-03-30 19:34:23.087 [http-nio-8080-exec-9] DEBUG o.s.w.s.m.m.a.HttpEntityMethodProcessor - Writing [org.springframework.boot.health.actuate.endpoint.SystemHealthDescriptor@65b1c039]
2026-03-30 19:34:23.091 [http-nio-8080-exec-9] DEBUG o.s.web.servlet.DispatcherServlet - Completed 200 OK
2026-03-30 19:34:53.590 [http-nio-8080-exec-10] DEBUG o.s.web.servlet.DispatcherServlet - GET "/actuator/health", parameters={}
2026-03-30 19:34:53.659 [http-nio-8080-exec-10] DEBUG o.s.w.s.m.m.a.RequestResponseBodyMethodProcessor - Read "application/octet-stream" to []
2026-03-30 19:34:53.751 [http-nio-8080-exec-10] DEBUG o.s.w.s.m.m.a.HttpEntityMethodProcessor - Using 'application/vnd.spring-boot.actuator.v3+json', given [*/*] and supported [application/vnd.spring-boot.actuator.v3+json, application/vnd.spring-boot.actuator.v2+json, application/json]
2026-03-30 19:34:53.762 [http-nio-8080-exec-10] DEBUG o.s.w.s.m.m.a.HttpEntityMethodProcessor - Writing [org.springframework.boot.health.actuate.endpoint.SystemHealthDescriptor@12e4354e]
2026-03-30 19:34:53.809 [http-nio-8080-exec-10] DEBUG o.s.web.servlet.DispatcherServlet - Completed 200 OK
2026-03-30 19:35:24.034 [http-nio-8080-exec-1] DEBUG o.s.web.servlet.DispatcherServlet - GET "/actuator/health", parameters={}
2026-03-30 19:35:24.037 [http-nio-8080-exec-1] DEBUG o.s.w.s.m.m.a.RequestResponseBodyMethodProcessor - Read "application/octet-stream" to []
2026-03-30 19:35:24.044 [http-nio-8080-exec-1] DEBUG o.s.w.s.m.m.a.HttpEntityMethodProcessor - Using 'application/vnd.spring-boot.actuator.v3+json', given [*/*] and supported [application/vnd.spring-boot.actuator.v3+json, application/vnd.spring-boot.actuator.v2+json, application/json]
2026-03-30 19:35:24.046 [http-nio-8080-exec-1] DEBUG o.s.w.s.m.m.a.HttpEntityMethodProcessor - Writing [org.springframework.boot.health.actuate.endpoint.SystemHealthDescriptor@10b014be]
2026-03-30 19:35:24.050 [http-nio-8080-exec-1] DEBUG o.s.web.servlet.DispatcherServlet - Completed 200 OK
2026-03-30 19:35:54.308 [http-nio-8080-exec-3] DEBUG o.s.web.servlet.DispatcherServlet - GET "/actuator/health", parameters={}
2026-03-30 19:35:54.315 [http-nio-8080-exec-3] DEBUG o.s.w.s.m.m.a.RequestResponseBodyMethodProcessor - Read "application/octet-stream" to []
2026-03-30 19:35:54.328 [http-nio-8080-exec-3] DEBUG o.s.w.s.m.m.a.HttpEntityMethodProcessor - Using 'application/vnd.spring-boot.actuator.v3+json', given [*/*] and supported [application/vnd.spring-boot.actuator.v3+json, application/vnd.spring-boot.actuator.v2+json, application/json]
2026-03-30 19:35:54.331 [http-nio-8080-exec-3] DEBUG o.s.w.s.m.m.a.HttpEntityMethodProcessor - Writing [org.springframework.boot.health.actuate.endpoint.SystemHealthDescriptor@fc14d69]
2026-03-30 19:35:54.339 [http-nio-8080-exec-3] DEBUG o.s.web.servlet.DispatcherServlet - Completed 200 OK
2026-03-30 19:36:24.602 [http-nio-8080-exec-2] DEBUG o.s.web.servlet.DispatcherServlet - GET "/actuator/health", parameters={}
2026-03-30 19:36:24.606 [http-nio-8080-exec-2] DEBUG o.s.w.s.m.m.a.RequestResponseBodyMethodProcessor - Read "application/octet-stream" to []
2026-03-30 19:36:24.624 [http-nio-8080-exec-2] DEBUG o.s.w.s.m.m.a.HttpEntityMethodProcessor - Using 'application/vnd.spring-boot.actuator.v3+json', given [*/*] and supported [application/vnd.spring-boot.actuator.v3+json, application/vnd.spring-boot.actuator.v2+json, application/json]
2026-03-30 19:36:24.626 [http-nio-8080-exec-2] DEBUG o.s.w.s.m.m.a.HttpEntityMethodProcessor - Writing [org.springframework.boot.health.actuate.endpoint.SystemHealthDescriptor@56046cb8]
2026-03-30 19:36:24.630 [http-nio-8080-exec-2] DEBUG o.s.web.servlet.DispatcherServlet - Completed 200 OK
2026-03-30 19:36:54.853 [http-nio-8080-exec-6] DEBUG o.s.web.servlet.DispatcherServlet - GET "/actuator/health", parameters={}
2026-03-30 19:36:54.856 [http-nio-8080-exec-6] DEBUG o.s.w.s.m.m.a.RequestResponseBodyMethodProcessor - Read "application/octet-stream" to []
2026-03-30 19:36:54.862 [http-nio-8080-exec-6] DEBUG o.s.w.s.m.m.a.HttpEntityMethodProcessor - Using 'application/vnd.spring-boot.actuator.v3+json', given [*/*] and supported [application/vnd.spring-boot.actuator.v3+json, application/vnd.spring-boot.actuator.v2+json, application/json]
2026-03-30 19:36:54.864 [http-nio-8080-exec-6] DEBUG o.s.w.s.m.m.a.HttpEntityMethodProcessor - Writing [org.springframework.boot.health.actuate.endpoint.SystemHealthDescriptor@8f6777e]
2026-03-30 19:36:54.867 [http-nio-8080-exec-6] DEBUG o.s.web.servlet.DispatcherServlet - Completed 200 OK
2026-03-30 19:37:25.113 [http-nio-8080-exec-5] DEBUG o.s.web.servlet.DispatcherServlet - GET "/actuator/health", parameters={}
2026-03-30 19:37:25.117 [http-nio-8080-exec-5] DEBUG o.s.w.s.m.m.a.RequestResponseBodyMethodProcessor - Read "application/octet-stream" to []
2026-03-30 19:37:25.123 [http-nio-8080-exec-5] DEBUG o.s.w.s.m.m.a.HttpEntityMethodProcessor - Using 'application/vnd.spring-boot.actuator.v3+json', given [*/*] and supported [application/vnd.spring-boot.actuator.v3+json, application/vnd.spring-boot.actuator.v2+json, application/json]
2026-03-30 19:37:25.126 [http-nio-8080-exec-5] DEBUG o.s.w.s.m.m.a.HttpEntityMethodProcessor - Writing [org.springframework.boot.health.actuate.endpoint.SystemHealthDescriptor@799df1a6]
2026-03-30 19:37:25.130 [http-nio-8080-exec-5] DEBUG o.s.web.servlet.DispatcherServlet - Completed 200 OK
2026-03-30 19:37:55.391 [http-nio-8080-exec-4] DEBUG o.s.web.servlet.DispatcherServlet - GET "/actuator/health", parameters={}
2026-03-30 19:37:55.400 [http-nio-8080-exec-4] DEBUG o.s.w.s.m.m.a.RequestResponseBodyMethodProcessor - Read "application/octet-stream" to []
2026-03-30 19:37:55.408 [http-nio-8080-exec-4] DEBUG o.s.w.s.m.m.a.HttpEntityMethodProcessor - Using 'application/vnd.spring-boot.actuator.v3+json', given [*/*] and supported [application/vnd.spring-boot.actuator.v3+json, application/vnd.spring-boot.actuator.v2+json, application/json]
2026-03-30 19:37:55.412 [http-nio-8080-exec-4] DEBUG o.s.w.s.m.m.a.HttpEntityMethodProcessor - Writing [org.springframework.boot.health.actuate.endpoint.SystemHealthDescriptor@6bd5165f]
2026-03-30 19:37:55.417 [http-nio-8080-exec-4] DEBUG o.s.web.servlet.DispatcherServlet - Completed 200 OK
2026-03-30 19:38:25.615 [http-nio-8080-exec-7] DEBUG o.s.web.servlet.DispatcherServlet - GET "/actuator/health", parameters={}
2026-03-30 19:38:25.617 [http-nio-8080-exec-7] DEBUG o.s.w.s.m.m.a.RequestResponseBodyMethodProcessor - Read "application/octet-stream" to []
2026-03-30 19:38:25.623 [http-nio-8080-exec-7] DEBUG o.s.w.s.m.m.a.HttpEntityMethodProcessor - Using 'application/vnd.spring-boot.actuator.v3+json', given [*/*] and supported [application/vnd.spring-boot.actuator.v3+json, application/vnd.spring-boot.actuator.v2+json, application/json]
2026-03-30 19:38:25.635 [http-nio-8080-exec-7] DEBUG o.s.w.s.m.m.a.HttpEntityMethodProcessor - Writing [org.springframework.boot.health.actuate.endpoint.SystemHealthDescriptor@9693511]
2026-03-30 19:38:25.639 [http-nio-8080-exec-7] DEBUG o.s.web.servlet.DispatcherServlet - Completed 200 OK
2026-03-30 19:38:55.816 [http-nio-8080-exec-8] DEBUG o.s.web.servlet.DispatcherServlet - GET "/actuator/health", parameters={}
2026-03-30 19:38:55.820 [http-nio-8080-exec-8] DEBUG o.s.w.s.m.m.a.RequestResponseBodyMethodProcessor - Read "application/octet-stream" to []
2026-03-30 19:38:55.826 [http-nio-8080-exec-8] DEBUG o.s.w.s.m.m.a.HttpEntityMethodProcessor - Using 'application/vnd.spring-boot.actuator.v3+json', given [*/*] and supported [application/vnd.spring-boot.actuator.v3+json, application/vnd.spring-boot.actuator.v2+json, application/json]
2026-03-30 19:38:55.828 [http-nio-8080-exec-8] DEBUG o.s.w.s.m.m.a.HttpEntityMethodProcessor - Writing [org.springframework.boot.health.actuate.endpoint.SystemHealthDescriptor@2bda217b]
2026-03-30 19:38:55.832 [http-nio-8080-exec-8] DEBUG o.s.web.servlet.DispatcherServlet - Completed 200 OK
2026-03-30 19:39:25.960 [http-nio-8080-exec-9] DEBUG o.s.web.servlet.DispatcherServlet - GET "/actuator/health", parameters={}
2026-03-30 19:39:25.964 [http-nio-8080-exec-9] DEBUG o.s.w.s.m.m.a.RequestResponseBodyMethodProcessor - Read "application/octet-stream" to []
2026-03-30 19:39:25.968 [http-nio-8080-exec-9] DEBUG o.s.w.s.m.m.a.HttpEntityMethodProcessor - Using 'application/vnd.spring-boot.actuator.v3+json', given [*/*] and supported [application/vnd.spring-boot.actuator.v3+json, application/vnd.spring-boot.actuator.v2+json, application/json]
2026-03-30 19:39:25.971 [http-nio-8080-exec-9] DEBUG o.s.w.s.m.m.a.HttpEntityMethodProcessor - Writing [org.springframework.boot.health.actuate.endpoint.SystemHealthDescriptor@786f5f23]
2026-03-30 19:39:25.974 [http-nio-8080-exec-9] DEBUG o.s.web.servlet.DispatcherServlet - Completed 200 OK
2026-03-30 19:39:56.181 [http-nio-8080-exec-10] DEBUG o.s.web.servlet.DispatcherServlet - GET "/actuator/health", parameters={}
2026-03-30 19:39:56.185 [http-nio-8080-exec-10] DEBUG o.s.w.s.m.m.a.RequestResponseBodyMethodProcessor - Read "application/octet-stream" to []
2026-03-30 19:39:56.193 [http-nio-8080-exec-10] DEBUG o.s.w.s.m.m.a.HttpEntityMethodProcessor - Using 'application/vnd.spring-boot.actuator.v3+json', given [*/*] and supported [application/vnd.spring-boot.actuator.v3+json, application/vnd.spring-boot.actuator.v2+json, application/json]
2026-03-30 19:39:56.195 [http-nio-8080-exec-10] DEBUG o.s.w.s.m.m.a.HttpEntityMethodProcessor - Writing [org.springframework.boot.health.actuate.endpoint.SystemHealthDescriptor@7d8489c8]
2026-03-30 19:39:56.198 [http-nio-8080-exec-10] DEBUG o.s.web.servlet.DispatcherServlet - Completed 200 OK
2026-03-30 19:40:26.405 [http-nio-8080-exec-1] DEBUG o.s.web.servlet.DispatcherServlet - GET "/actuator/health", parameters={}
2026-03-30 19:40:26.408 [http-nio-8080-exec-1] DEBUG o.s.w.s.m.m.a.RequestResponseBodyMethodProcessor - Read "application/octet-stream" to []
2026-03-30 19:40:26.411 [http-nio-8080-exec-1] DEBUG o.s.w.s.m.m.a.HttpEntityMethodProcessor - Using 'application/vnd.spring-boot.actuator.v3+json', given [*/*] and supported [application/vnd.spring-boot.actuator.v3+json, application/vnd.spring-boot.actuator.v2+json, application/json]
2026-03-30 19:40:26.413 [http-nio-8080-exec-1] DEBUG o.s.w.s.m.m.a.HttpEntityMethodProcessor - Writing [org.springframework.boot.health.actuate.endpoint.SystemHealthDescriptor@767ab11]
2026-03-30 19:40:26.415 [http-nio-8080-exec-1] DEBUG o.s.web.servlet.DispatcherServlet - Completed 200 OK
2026-03-30 19:40:56.560 [http-nio-8080-exec-3] DEBUG o.s.web.servlet.DispatcherServlet - GET "/actuator/health", parameters={}
2026-03-30 19:40:56.562 [http-nio-8080-exec-3] DEBUG o.s.w.s.m.m.a.RequestResponseBodyMethodProcessor - Read "application/octet-stream" to []
2026-03-30 19:40:56.567 [http-nio-8080-exec-3] DEBUG o.s.w.s.m.m.a.HttpEntityMethodProcessor - Using 'application/vnd.spring-boot.actuator.v3+json', given [*/*] and supported [application/vnd.spring-boot.actuator.v3+json, application/vnd.spring-boot.actuator.v2+json, application/json]
2026-03-30 19:40:56.568 [http-nio-8080-exec-3] DEBUG o.s.w.s.m.m.a.HttpEntityMethodProcessor - Writing [org.springframework.boot.health.actuate.endpoint.SystemHealthDescriptor@4b3bd830]
2026-03-30 19:40:56.574 [http-nio-8080-exec-3] DEBUG o.s.web.servlet.DispatcherServlet - Completed 200 OK
2026-03-30 19:41:26.753 [http-nio-8080-exec-2] DEBUG o.s.web.servlet.DispatcherServlet - GET "/actuator/health", parameters={}
2026-03-30 19:41:26.757 [http-nio-8080-exec-2] DEBUG o.s.w.s.m.m.a.RequestResponseBodyMethodProcessor - Read "application/octet-stream" to []
2026-03-30 19:41:26.761 [http-nio-8080-exec-2] DEBUG o.s.w.s.m.m.a.HttpEntityMethodProcessor - Using 'application/vnd.spring-boot.actuator.v3+json', given [*/*] and supported [application/vnd.spring-boot.actuator.v3+json, application/vnd.spring-boot.actuator.v2+json, application/json]
2026-03-30 19:41:26.762 [http-nio-8080-exec-2] DEBUG o.s.w.s.m.m.a.HttpEntityMethodProcessor - Writing [org.springframework.boot.health.actuate.endpoint.SystemHealthDescriptor@58af7a98]
2026-03-30 19:41:26.765 [http-nio-8080-exec-2] DEBUG o.s.web.servlet.DispatcherServlet - Completed 200 OK
2026-03-30 19:41:57.012 [http-nio-8080-exec-6] DEBUG o.s.web.servlet.DispatcherServlet - GET "/actuator/health", parameters={}
2026-03-30 19:41:57.015 [http-nio-8080-exec-6] DEBUG o.s.w.s.m.m.a.RequestResponseBodyMethodProcessor - Read "application/octet-stream" to []
2026-03-30 19:41:57.020 [http-nio-8080-exec-6] DEBUG o.s.w.s.m.m.a.HttpEntityMethodProcessor - Using 'application/vnd.spring-boot.actuator.v3+json', given [*/*] and supported [application/vnd.spring-boot.actuator.v3+json, application/vnd.spring-boot.actuator.v2+json, application/json]
2026-03-30 19:41:57.024 [http-nio-8080-exec-6] DEBUG o.s.w.s.m.m.a.HttpEntityMethodProcessor - Writing [org.springframework.boot.health.actuate.endpoint.SystemHealthDescriptor@163f9f11]
2026-03-30 19:41:57.028 [http-nio-8080-exec-6] DEBUG o.s.web.servlet.DispatcherServlet - Completed 200 OK
2026-03-30 19:42:27.273 [http-nio-8080-exec-5] DEBUG o.s.web.servlet.DispatcherServlet - GET "/actuator/health", parameters={}
2026-03-30 19:42:27.276 [http-nio-8080-exec-5] DEBUG o.s.w.s.m.m.a.RequestResponseBodyMethodProcessor - Read "application/octet-stream" to []
2026-03-30 19:42:27.281 [http-nio-8080-exec-5] DEBUG o.s.w.s.m.m.a.HttpEntityMethodProcessor - Using 'application/vnd.spring-boot.actuator.v3+json', given [*/*] and supported [application/vnd.spring-boot.actuator.v3+json, application/vnd.spring-boot.actuator.v2+json, application/json]
2026-03-30 19:42:27.282 [http-nio-8080-exec-5] DEBUG o.s.w.s.m.m.a.HttpEntityMethodProcessor - Writing [org.springframework.boot.health.actuate.endpoint.SystemHealthDescriptor@1825a53]
2026-03-30 19:42:27.284 [http-nio-8080-exec-5] DEBUG o.s.web.servlet.DispatcherServlet - Completed 200 OK
2026-03-30 19:42:57.431 [http-nio-8080-exec-4] DEBUG o.s.web.servlet.DispatcherServlet - GET "/actuator/health", parameters={}
2026-03-30 19:42:57.435 [http-nio-8080-exec-4] DEBUG o.s.w.s.m.m.a.RequestResponseBodyMethodProcessor - Read "application/octet-stream" to []
2026-03-30 19:42:57.441 [http-nio-8080-exec-4] DEBUG o.s.w.s.m.m.a.HttpEntityMethodProcessor - Using 'application/vnd.spring-boot.actuator.v3+json', given [*/*] and supported [application/vnd.spring-boot.actuator.v3+json, application/vnd.spring-boot.actuator.v2+json, application/json]
2026-03-30 19:42:57.443 [http-nio-8080-exec-4] DEBUG o.s.w.s.m.m.a.HttpEntityMethodProcessor - Writing [org.springframework.boot.health.actuate.endpoint.SystemHealthDescriptor@17f017cb]
2026-03-30 19:42:57.446 [http-nio-8080-exec-4] DEBUG o.s.web.servlet.DispatcherServlet - Completed 200 OK
2026-03-30 19:43:27.663 [http-nio-8080-exec-7] DEBUG o.s.web.servlet.DispatcherServlet - GET "/actuator/health", parameters={}
2026-03-30 19:43:27.666 [http-nio-8080-exec-7] DEBUG o.s.w.s.m.m.a.RequestResponseBodyMethodProcessor - Read "application/octet-stream" to []
2026-03-30 19:43:27.670 [http-nio-8080-exec-7] DEBUG o.s.w.s.m.m.a.HttpEntityMethodProcessor - Using 'application/vnd.spring-boot.actuator.v3+json', given [*/*] and supported [application/vnd.spring-boot.actuator.v3+json, application/vnd.spring-boot.actuator.v2+json, application/json]
2026-03-30 19:43:27.673 [http-nio-8080-exec-7] DEBUG o.s.w.s.m.m.a.HttpEntityMethodProcessor - Writing [org.springframework.boot.health.actuate.endpoint.SystemHealthDescriptor@3b03442e]
2026-03-30 19:43:27.676 [http-nio-8080-exec-7] DEBUG o.s.web.servlet.DispatcherServlet - Completed 200 OK
2026-03-30 19:43:57.932 [http-nio-8080-exec-8] DEBUG o.s.web.servlet.DispatcherServlet - GET "/actuator/health", parameters={}
2026-03-30 19:43:57.935 [http-nio-8080-exec-8] DEBUG o.s.w.s.m.m.a.RequestResponseBodyMethodProcessor - Read "application/octet-stream" to []
2026-03-30 19:43:57.945 [http-nio-8080-exec-8] DEBUG o.s.w.s.m.m.a.HttpEntityMethodProcessor - Using 'application/vnd.spring-boot.actuator.v3+json', given [*/*] and supported [application/vnd.spring-boot.actuator.v3+json, application/vnd.spring-boot.actuator.v2+json, application/json]
2026-03-30 19:43:57.951 [http-nio-8080-exec-8] DEBUG o.s.w.s.m.m.a.HttpEntityMethodProcessor - Writing [org.springframework.boot.health.actuate.endpoint.SystemHealthDescriptor@65ac144a]
2026-03-30 19:43:57.959 [http-nio-8080-exec-8] DEBUG o.s.web.servlet.DispatcherServlet - Completed 200 OK
2026-03-30 19:44:28.177 [http-nio-8080-exec-9] DEBUG o.s.web.servlet.DispatcherServlet - GET "/actuator/health", parameters={}
2026-03-30 19:44:28.180 [http-nio-8080-exec-9] DEBUG o.s.w.s.m.m.a.RequestResponseBodyMethodProcessor - Read "application/octet-stream" to []
2026-03-30 19:44:28.189 [http-nio-8080-exec-9] DEBUG o.s.w.s.m.m.a.HttpEntityMethodProcessor - Using 'application/vnd.spring-boot.actuator.v3+json', given [*/*] and supported [application/vnd.spring-boot.actuator.v3+json, application/vnd.spring-boot.actuator.v2+json, application/json]
2026-03-30 19:44:28.191 [http-nio-8080-exec-9] DEBUG o.s.w.s.m.m.a.HttpEntityMethodProcessor - Writing [org.springframework.boot.health.actuate.endpoint.SystemHealthDescriptor@2cb9a335]
2026-03-30 19:44:28.196 [http-nio-8080-exec-9] DEBUG o.s.web.servlet.DispatcherServlet - Completed 200 OK
2026-03-30 19:44:58.416 [http-nio-8080-exec-10] DEBUG o.s.web.servlet.DispatcherServlet - GET "/actuator/health", parameters={}
2026-03-30 19:44:58.422 [http-nio-8080-exec-10] DEBUG o.s.w.s.m.m.a.RequestResponseBodyMethodProcessor - Read "application/octet-stream" to []
2026-03-30 19:44:58.429 [http-nio-8080-exec-10] DEBUG o.s.w.s.m.m.a.HttpEntityMethodProcessor - Using 'application/vnd.spring-boot.actuator.v3+json', given [*/*] and supported [application/vnd.spring-boot.actuator.v3+json, application/vnd.spring-boot.actuator.v2+json, application/json]
2026-03-30 19:44:58.433 [http-nio-8080-exec-10] DEBUG o.s.w.s.m.m.a.HttpEntityMethodProcessor - Writing [org.springframework.boot.health.actuate.endpoint.SystemHealthDescriptor@7f67ebc2]
2026-03-30 19:44:58.438 [http-nio-8080-exec-10] DEBUG o.s.web.servlet.DispatcherServlet - Completed 200 OK
2026-03-30 19:45:28.637 [http-nio-8080-exec-1] DEBUG o.s.web.servlet.DispatcherServlet - GET "/actuator/health", parameters={}
2026-03-30 19:45:28.641 [http-nio-8080-exec-1] DEBUG o.s.w.s.m.m.a.RequestResponseBodyMethodProcessor - Read "application/octet-stream" to []
2026-03-30 19:45:28.648 [http-nio-8080-exec-1] DEBUG o.s.w.s.m.m.a.HttpEntityMethodProcessor - Using 'application/vnd.spring-boot.actuator.v3+json', given [*/*] and supported [application/vnd.spring-boot.actuator.v3+json, application/vnd.spring-boot.actuator.v2+json, application/json]
2026-03-30 19:45:28.651 [http-nio-8080-exec-1] DEBUG o.s.w.s.m.m.a.HttpEntityMethodProcessor - Writing [org.springframework.boot.health.actuate.endpoint.SystemHealthDescriptor@145c041]
2026-03-30 19:45:28.654 [http-nio-8080-exec-1] DEBUG o.s.web.servlet.DispatcherServlet - Completed 200 OK
2026-03-30 19:45:58.786 [http-nio-8080-exec-3] DEBUG o.s.web.servlet.DispatcherServlet - GET "/actuator/health", parameters={}
2026-03-30 19:45:58.789 [http-nio-8080-exec-3] DEBUG o.s.w.s.m.m.a.RequestResponseBodyMethodProcessor - Read "application/octet-stream" to []
2026-03-30 19:45:58.797 [http-nio-8080-exec-3] DEBUG o.s.w.s.m.m.a.HttpEntityMethodProcessor - Using 'application/vnd.spring-boot.actuator.v3+json', given [*/*] and supported [application/vnd.spring-boot.actuator.v3+json, application/vnd.spring-boot.actuator.v2+json, application/json]
2026-03-30 19:45:58.798 [http-nio-8080-exec-3] DEBUG o.s.w.s.m.m.a.HttpEntityMethodProcessor - Writing [org.springframework.boot.health.actuate.endpoint.SystemHealthDescriptor@5bcadf00]
2026-03-30 19:45:58.800 [http-nio-8080-exec-3] DEBUG o.s.web.servlet.DispatcherServlet - Completed 200 OK
2026-03-30 19:46:29.053 [http-nio-8080-exec-2] DEBUG o.s.web.servlet.DispatcherServlet - GET "/actuator/health", parameters={}
2026-03-30 19:46:29.057 [http-nio-8080-exec-2] DEBUG o.s.w.s.m.m.a.RequestResponseBodyMethodProcessor - Read "application/octet-stream" to []
2026-03-30 19:46:29.066 [http-nio-8080-exec-2] DEBUG o.s.w.s.m.m.a.HttpEntityMethodProcessor - Using 'application/vnd.spring-boot.actuator.v3+json', given [*/*] and supported [application/vnd.spring-boot.actuator.v3+json, application/vnd.spring-boot.actuator.v2+json, application/json]
2026-03-30 19:46:29.068 [http-nio-8080-exec-2] DEBUG o.s.w.s.m.m.a.HttpEntityMethodProcessor - Writing [org.springframework.boot.health.actuate.endpoint.SystemHealthDescriptor@2b0fddec]
2026-03-30 19:46:29.073 [http-nio-8080-exec-2] DEBUG o.s.web.servlet.DispatcherServlet - Completed 200 OK
2026-03-30 19:46:59.318 [http-nio-8080-exec-6] DEBUG o.s.web.servlet.DispatcherServlet - GET "/actuator/health", parameters={}
2026-03-30 19:46:59.327 [http-nio-8080-exec-6] DEBUG o.s.w.s.m.m.a.RequestResponseBodyMethodProcessor - Read "application/octet-stream" to []
2026-03-30 19:46:59.332 [http-nio-8080-exec-6] DEBUG o.s.w.s.m.m.a.HttpEntityMethodProcessor - Using 'application/vnd.spring-boot.actuator.v3+json', given [*/*] and supported [application/vnd.spring-boot.actuator.v3+json, application/vnd.spring-boot.actuator.v2+json, application/json]
2026-03-30 19:46:59.334 [http-nio-8080-exec-6] DEBUG o.s.w.s.m.m.a.HttpEntityMethodProcessor - Writing [org.springframework.boot.health.actuate.endpoint.SystemHealthDescriptor@45c17acc]
2026-03-30 19:46:59.337 [http-nio-8080-exec-6] DEBUG o.s.web.servlet.DispatcherServlet - Completed 200 OK
2026-03-30 19:47:29.555 [http-nio-8080-exec-5] DEBUG o.s.web.servlet.DispatcherServlet - GET "/actuator/health", parameters={}
2026-03-30 19:47:29.559 [http-nio-8080-exec-5] DEBUG o.s.w.s.m.m.a.RequestResponseBodyMethodProcessor - Read "application/octet-stream" to []
2026-03-30 19:47:29.562 [http-nio-8080-exec-5] DEBUG o.s.w.s.m.m.a.HttpEntityMethodProcessor - Using 'application/vnd.spring-boot.actuator.v3+json', given [*/*] and supported [application/vnd.spring-boot.actuator.v3+json, application/vnd.spring-boot.actuator.v2+json, application/json]
2026-03-30 19:47:29.564 [http-nio-8080-exec-5] DEBUG o.s.w.s.m.m.a.HttpEntityMethodProcessor - Writing [org.springframework.boot.health.actuate.endpoint.SystemHealthDescriptor@306ca679]
2026-03-30 19:47:29.568 [http-nio-8080-exec-5] DEBUG o.s.web.servlet.DispatcherServlet - Completed 200 OK
2026-03-30 19:47:59.745 [http-nio-8080-exec-4] DEBUG o.s.web.servlet.DispatcherServlet - GET "/actuator/health", parameters={}
2026-03-30 19:47:59.752 [http-nio-8080-exec-4] DEBUG o.s.w.s.m.m.a.RequestResponseBodyMethodProcessor - Read "application/octet-stream" to []
2026-03-30 19:47:59.761 [http-nio-8080-exec-4] DEBUG o.s.w.s.m.m.a.HttpEntityMethodProcessor - Using 'application/vnd.spring-boot.actuator.v3+json', given [*/*] and supported [application/vnd.spring-boot.actuator.v3+json, application/vnd.spring-boot.actuator.v2+json, application/json]
2026-03-30 19:47:59.764 [http-nio-8080-exec-4] DEBUG o.s.w.s.m.m.a.HttpEntityMethodProcessor - Writing [org.springframework.boot.health.actuate.endpoint.SystemHealthDescriptor@5e6e1cb9]
2026-03-30 19:47:59.768 [http-nio-8080-exec-4] DEBUG o.s.web.servlet.DispatcherServlet - Completed 200 OK
2026-03-30 19:48:30.095 [http-nio-8080-exec-7] DEBUG o.s.web.servlet.DispatcherServlet - GET "/actuator/health", parameters={}
2026-03-30 19:48:30.098 [http-nio-8080-exec-7] DEBUG o.s.w.s.m.m.a.RequestResponseBodyMethodProcessor - Read "application/octet-stream" to []
2026-03-30 19:48:30.105 [http-nio-8080-exec-7] DEBUG o.s.w.s.m.m.a.HttpEntityMethodProcessor - Using 'application/vnd.spring-boot.actuator.v3+json', given [*/*] and supported [application/vnd.spring-boot.actuator.v3+json, application/vnd.spring-boot.actuator.v2+json, application/json]
2026-03-30 19:48:30.107 [http-nio-8080-exec-7] DEBUG o.s.w.s.m.m.a.HttpEntityMethodProcessor - Writing [org.springframework.boot.health.actuate.endpoint.SystemHealthDescriptor@58b496a2]
2026-03-30 19:48:30.114 [http-nio-8080-exec-7] DEBUG o.s.web.servlet.DispatcherServlet - Completed 200 OK
2026-03-30 19:49:00.310 [http-nio-8080-exec-8] DEBUG o.s.web.servlet.DispatcherServlet - GET "/actuator/health", parameters={}
2026-03-30 19:49:00.322 [http-nio-8080-exec-8] DEBUG o.s.w.s.m.m.a.RequestResponseBodyMethodProcessor - Read "application/octet-stream" to []
2026-03-30 19:49:00.331 [http-nio-8080-exec-8] DEBUG o.s.w.s.m.m.a.HttpEntityMethodProcessor - Using 'application/vnd.spring-boot.actuator.v3+json', given [*/*] and supported [application/vnd.spring-boot.actuator.v3+json, application/vnd.spring-boot.actuator.v2+json, application/json]
2026-03-30 19:49:00.333 [http-nio-8080-exec-8] DEBUG o.s.w.s.m.m.a.HttpEntityMethodProcessor - Writing [org.springframework.boot.health.actuate.endpoint.SystemHealthDescriptor@317ecf21]
2026-03-30 19:49:00.341 [http-nio-8080-exec-8] DEBUG o.s.web.servlet.DispatcherServlet - Completed 200 OK
2026-03-30 19:49:30.501 [http-nio-8080-exec-9] DEBUG o.s.web.servlet.DispatcherServlet - GET "/actuator/health", parameters={}
2026-03-30 19:49:30.503 [http-nio-8080-exec-9] DEBUG o.s.w.s.m.m.a.RequestResponseBodyMethodProcessor - Read "application/octet-stream" to []
2026-03-30 19:49:30.507 [http-nio-8080-exec-9] DEBUG o.s.w.s.m.m.a.HttpEntityMethodProcessor - Using 'application/vnd.spring-boot.actuator.v3+json', given [*/*] and supported [application/vnd.spring-boot.actuator.v3+json, application/vnd.spring-boot.actuator.v2+json, application/json]
2026-03-30 19:49:30.508 [http-nio-8080-exec-9] DEBUG o.s.w.s.m.m.a.HttpEntityMethodProcessor - Writing [org.springframework.boot.health.actuate.endpoint.SystemHealthDescriptor@156e27d3]
2026-03-30 19:49:30.510 [http-nio-8080-exec-9] DEBUG o.s.web.servlet.DispatcherServlet - Completed 200 OK
2026-03-30 19:50:00.624 [http-nio-8080-exec-10] DEBUG o.s.web.servlet.DispatcherServlet - GET "/actuator/health", parameters={}
2026-03-30 19:50:00.629 [http-nio-8080-exec-10] DEBUG o.s.w.s.m.m.a.RequestResponseBodyMethodProcessor - Read "application/octet-stream" to []
2026-03-30 19:50:00.632 [http-nio-8080-exec-10] DEBUG o.s.w.s.m.m.a.HttpEntityMethodProcessor - Using 'application/vnd.spring-boot.actuator.v3+json', given [*/*] and supported [application/vnd.spring-boot.actuator.v3+json, application/vnd.spring-boot.actuator.v2+json, application/json]
2026-03-30 19:50:00.633 [http-nio-8080-exec-10] DEBUG o.s.w.s.m.m.a.HttpEntityMethodProcessor - Writing [org.springframework.boot.health.actuate.endpoint.SystemHealthDescriptor@632259ed]
2026-03-30 19:50:00.635 [http-nio-8080-exec-10] DEBUG o.s.web.servlet.DispatcherServlet - Completed 200 OK
2026-03-30 19:50:30.794 [http-nio-8080-exec-1] DEBUG o.s.web.servlet.DispatcherServlet - GET "/actuator/health", parameters={}
2026-03-30 19:50:30.799 [http-nio-8080-exec-1] DEBUG o.s.w.s.m.m.a.RequestResponseBodyMethodProcessor - Read "application/octet-stream" to []
2026-03-30 19:50:30.803 [http-nio-8080-exec-1] DEBUG o.s.w.s.m.m.a.HttpEntityMethodProcessor - Using 'application/vnd.spring-boot.actuator.v3+json', given [*/*] and supported [application/vnd.spring-boot.actuator.v3+json, application/vnd.spring-boot.actuator.v2+json, application/json]
2026-03-30 19:50:30.805 [http-nio-8080-exec-1] DEBUG o.s.w.s.m.m.a.HttpEntityMethodProcessor - Writing [org.springframework.boot.health.actuate.endpoint.SystemHealthDescriptor@27442fae]
2026-03-30 19:50:30.808 [http-nio-8080-exec-1] DEBUG o.s.web.servlet.DispatcherServlet - Completed 200 OK
2026-03-30 19:51:01.056 [http-nio-8080-exec-3] DEBUG o.s.web.servlet.DispatcherServlet - GET "/actuator/health", parameters={}
2026-03-30 19:51:01.060 [http-nio-8080-exec-3] DEBUG o.s.w.s.m.m.a.RequestResponseBodyMethodProcessor - Read "application/octet-stream" to []
2026-03-30 19:51:01.067 [http-nio-8080-exec-3] DEBUG o.s.w.s.m.m.a.HttpEntityMethodProcessor - Using 'application/vnd.spring-boot.actuator.v3+json', given [*/*] and supported [application/vnd.spring-boot.actuator.v3+json, application/vnd.spring-boot.actuator.v2+json, application/json]
2026-03-30 19:51:01.069 [http-nio-8080-exec-3] DEBUG o.s.w.s.m.m.a.HttpEntityMethodProcessor - Writing [org.springframework.boot.health.actuate.endpoint.SystemHealthDescriptor@7e5860f4]
2026-03-30 19:51:01.072 [http-nio-8080-exec-3] DEBUG o.s.web.servlet.DispatcherServlet - Completed 200 OK
2026-03-30 19:51:31.317 [http-nio-8080-exec-2] DEBUG o.s.web.servlet.DispatcherServlet - GET "/actuator/health", parameters={}
2026-03-30 19:51:31.324 [http-nio-8080-exec-2] DEBUG o.s.w.s.m.m.a.RequestResponseBodyMethodProcessor - Read "application/octet-stream" to []
2026-03-30 19:51:31.329 [http-nio-8080-exec-2] DEBUG o.s.w.s.m.m.a.HttpEntityMethodProcessor - Using 'application/vnd.spring-boot.actuator.v3+json', given [*/*] and supported [application/vnd.spring-boot.actuator.v3+json, application/vnd.spring-boot.actuator.v2+json, application/json]
2026-03-30 19:51:31.331 [http-nio-8080-exec-2] DEBUG o.s.w.s.m.m.a.HttpEntityMethodProcessor - Writing [org.springframework.boot.health.actuate.endpoint.SystemHealthDescriptor@184b1b50]
2026-03-30 19:51:31.336 [http-nio-8080-exec-2] DEBUG o.s.web.servlet.DispatcherServlet - Completed 200 OK
2026-03-30 19:52:01.630 [http-nio-8080-exec-6] DEBUG o.s.web.servlet.DispatcherServlet - GET "/actuator/health", parameters={}
2026-03-30 19:52:01.634 [http-nio-8080-exec-6] DEBUG o.s.w.s.m.m.a.RequestResponseBodyMethodProcessor - Read "application/octet-stream" to []
2026-03-30 19:52:01.641 [http-nio-8080-exec-6] DEBUG o.s.w.s.m.m.a.HttpEntityMethodProcessor - Using 'application/vnd.spring-boot.actuator.v3+json', given [*/*] and supported [application/vnd.spring-boot.actuator.v3+json, application/vnd.spring-boot.actuator.v2+json, application/json]
2026-03-30 19:52:01.650 [http-nio-8080-exec-6] DEBUG o.s.w.s.m.m.a.HttpEntityMethodProcessor - Writing [org.springframework.boot.health.actuate.endpoint.SystemHealthDescriptor@516f218]
2026-03-30 19:52:01.653 [http-nio-8080-exec-6] DEBUG o.s.web.servlet.DispatcherServlet - Completed 200 OK
2026-03-30 19:52:34.921 [http-nio-8080-exec-5] DEBUG o.s.web.servlet.DispatcherServlet - GET "/actuator/health", parameters={}
2026-03-30 19:52:34.943 [http-nio-8080-exec-5] DEBUG o.s.w.s.m.m.a.RequestResponseBodyMethodProcessor - Read "application/octet-stream" to []
2026-03-30 19:52:34.982 [http-nio-8080-exec-5] DEBUG o.s.w.s.m.m.a.HttpEntityMethodProcessor - Using 'application/vnd.spring-boot.actuator.v3+json', given [*/*] and supported [application/vnd.spring-boot.actuator.v3+json, application/vnd.spring-boot.actuator.v2+json, application/json]
2026-03-30 19:52:34.989 [http-nio-8080-exec-5] DEBUG o.s.w.s.m.m.a.HttpEntityMethodProcessor - Writing [org.springframework.boot.health.actuate.endpoint.SystemHealthDescriptor@410b2f86]
2026-03-30 19:52:35.009 [http-nio-8080-exec-5] DEBUG o.s.web.servlet.DispatcherServlet - Completed 200 OK
2026-03-30 19:53:05.377 [http-nio-8080-exec-4] DEBUG o.s.web.servlet.DispatcherServlet - GET "/actuator/health", parameters={}
2026-03-30 19:53:05.385 [http-nio-8080-exec-4] DEBUG o.s.w.s.m.m.a.RequestResponseBodyMethodProcessor - Read "application/octet-stream" to []
2026-03-30 19:53:05.393 [http-nio-8080-exec-4] DEBUG o.s.w.s.m.m.a.HttpEntityMethodProcessor - Using 'application/vnd.spring-boot.actuator.v3+json', given [*/*] and supported [application/vnd.spring-boot.actuator.v3+json, application/vnd.spring-boot.actuator.v2+json, application/json]
2026-03-30 19:53:05.396 [http-nio-8080-exec-4] DEBUG o.s.w.s.m.m.a.HttpEntityMethodProcessor - Writing [org.springframework.boot.health.actuate.endpoint.SystemHealthDescriptor@297552d]
2026-03-30 19:53:05.400 [http-nio-8080-exec-4] DEBUG o.s.web.servlet.DispatcherServlet - Completed 200 OK
2026-03-30 19:53:35.534 [http-nio-8080-exec-7] DEBUG o.s.web.servlet.DispatcherServlet - GET "/actuator/health", parameters={}
2026-03-30 19:53:35.537 [http-nio-8080-exec-7] DEBUG o.s.w.s.m.m.a.RequestResponseBodyMethodProcessor - Read "application/octet-stream" to []
2026-03-30 19:53:35.542 [http-nio-8080-exec-7] DEBUG o.s.w.s.m.m.a.HttpEntityMethodProcessor - Using 'application/vnd.spring-boot.actuator.v3+json', given [*/*] and supported [application/vnd.spring-boot.actuator.v3+json, application/vnd.spring-boot.actuator.v2+json, application/json]
2026-03-30 19:53:35.544 [http-nio-8080-exec-7] DEBUG o.s.w.s.m.m.a.HttpEntityMethodProcessor - Writing [org.springframework.boot.health.actuate.endpoint.SystemHealthDescriptor@41854b3d]
2026-03-30 19:53:35.546 [http-nio-8080-exec-7] DEBUG o.s.web.servlet.DispatcherServlet - Completed 200 OK
2026-03-30 19:54:05.724 [http-nio-8080-exec-8] DEBUG o.s.web.servlet.DispatcherServlet - GET "/actuator/health", parameters={}
2026-03-30 19:54:05.726 [http-nio-8080-exec-8] DEBUG o.s.w.s.m.m.a.RequestResponseBodyMethodProcessor - Read "application/octet-stream" to []
2026-03-30 19:54:05.729 [http-nio-8080-exec-8] DEBUG o.s.w.s.m.m.a.HttpEntityMethodProcessor - Using 'application/vnd.spring-boot.actuator.v3+json', given [*/*] and supported [application/vnd.spring-boot.actuator.v3+json, application/vnd.spring-boot.actuator.v2+json, application/json]
2026-03-30 19:54:05.730 [http-nio-8080-exec-8] DEBUG o.s.w.s.m.m.a.HttpEntityMethodProcessor - Writing [org.springframework.boot.health.actuate.endpoint.SystemHealthDescriptor@147106ed]
2026-03-30 19:54:05.732 [http-nio-8080-exec-8] DEBUG o.s.web.servlet.DispatcherServlet - Completed 200 OK
2026-03-30 19:54:35.903 [http-nio-8080-exec-9] DEBUG o.s.web.servlet.DispatcherServlet - GET "/actuator/health", parameters={}
2026-03-30 19:54:35.905 [http-nio-8080-exec-9] DEBUG o.s.w.s.m.m.a.RequestResponseBodyMethodProcessor - Read "application/octet-stream" to []
2026-03-30 19:54:35.910 [http-nio-8080-exec-9] DEBUG o.s.w.s.m.m.a.HttpEntityMethodProcessor - Using 'application/vnd.spring-boot.actuator.v3+json', given [*/*] and supported [application/vnd.spring-boot.actuator.v3+json, application/vnd.spring-boot.actuator.v2+json, application/json]
2026-03-30 19:54:35.914 [http-nio-8080-exec-9] DEBUG o.s.w.s.m.m.a.HttpEntityMethodProcessor - Writing [org.springframework.boot.health.actuate.endpoint.SystemHealthDescriptor@7eb58d4f]
2026-03-30 19:54:35.918 [http-nio-8080-exec-9] DEBUG o.s.web.servlet.DispatcherServlet - Completed 200 OK
2026-03-30 19:55:06.162 [http-nio-8080-exec-10] DEBUG o.s.web.servlet.DispatcherServlet - GET "/actuator/health", parameters={}
2026-03-30 19:55:06.166 [http-nio-8080-exec-10] DEBUG o.s.w.s.m.m.a.RequestResponseBodyMethodProcessor - Read "application/octet-stream" to []
2026-03-30 19:55:06.176 [http-nio-8080-exec-10] DEBUG o.s.w.s.m.m.a.HttpEntityMethodProcessor - Using 'application/vnd.spring-boot.actuator.v3+json', given [*/*] and supported [application/vnd.spring-boot.actuator.v3+json, application/vnd.spring-boot.actuator.v2+json, application/json]
2026-03-30 19:55:06.178 [http-nio-8080-exec-10] DEBUG o.s.w.s.m.m.a.HttpEntityMethodProcessor - Writing [org.springframework.boot.health.actuate.endpoint.SystemHealthDescriptor@505f5e82]
2026-03-30 19:55:06.201 [http-nio-8080-exec-10] DEBUG o.s.web.servlet.DispatcherServlet - Completed 200 OK
2026-03-30 19:55:37.471 [http-nio-8080-exec-1] DEBUG o.s.web.servlet.DispatcherServlet - GET "/actuator/health", parameters={}
2026-03-30 19:55:37.555 [http-nio-8080-exec-1] DEBUG o.s.w.s.m.m.a.RequestResponseBodyMethodProcessor - Read "application/octet-stream" to []
2026-03-30 19:55:37.822 [http-nio-8080-exec-1] DEBUG o.s.w.s.m.m.a.HttpEntityMethodProcessor - Using 'application/vnd.spring-boot.actuator.v3+json', given [*/*] and supported [application/vnd.spring-boot.actuator.v3+json, application/vnd.spring-boot.actuator.v2+json, application/json]
2026-03-30 19:55:37.831 [http-nio-8080-exec-1] DEBUG o.s.w.s.m.m.a.HttpEntityMethodProcessor - Writing [org.springframework.boot.health.actuate.endpoint.SystemHealthDescriptor@3741da1c]
2026-03-30 19:55:37.881 [http-nio-8080-exec-1] DEBUG o.s.web.servlet.DispatcherServlet - Completed 200 OK
2026-03-30 19:56:08.559 [http-nio-8080-exec-3] DEBUG o.s.web.servlet.DispatcherServlet - GET "/actuator/health", parameters={}
2026-03-30 19:56:08.678 [http-nio-8080-exec-3] DEBUG o.s.w.s.m.m.a.RequestResponseBodyMethodProcessor - Read "application/octet-stream" to []
2026-03-30 19:56:08.787 [http-nio-8080-exec-3] DEBUG o.s.w.s.m.m.a.HttpEntityMethodProcessor - Using 'application/vnd.spring-boot.actuator.v3+json', given [*/*] and supported [application/vnd.spring-boot.actuator.v3+json, application/vnd.spring-boot.actuator.v2+json, application/json]
2026-03-30 19:56:08.794 [http-nio-8080-exec-3] DEBUG o.s.w.s.m.m.a.HttpEntityMethodProcessor - Writing [org.springframework.boot.health.actuate.endpoint.SystemHealthDescriptor@7b77d053]
2026-03-30 19:56:08.820 [http-nio-8080-exec-3] DEBUG o.s.web.servlet.DispatcherServlet - Completed 200 OK
2026-03-30 19:56:39.210 [http-nio-8080-exec-2] DEBUG o.s.web.servlet.DispatcherServlet - GET "/actuator/health", parameters={}
2026-03-30 19:56:39.219 [http-nio-8080-exec-2] DEBUG o.s.w.s.m.m.a.RequestResponseBodyMethodProcessor - Read "application/octet-stream" to []
2026-03-30 19:56:39.230 [http-nio-8080-exec-2] DEBUG o.s.w.s.m.m.a.HttpEntityMethodProcessor - Using 'application/vnd.spring-boot.actuator.v3+json', given [*/*] and supported [application/vnd.spring-boot.actuator.v3+json, application/vnd.spring-boot.actuator.v2+json, application/json]
2026-03-30 19:56:39.234 [http-nio-8080-exec-2] DEBUG o.s.w.s.m.m.a.HttpEntityMethodProcessor - Writing [org.springframework.boot.health.actuate.endpoint.SystemHealthDescriptor@6ddfc54d]
2026-03-30 19:56:39.240 [http-nio-8080-exec-2] DEBUG o.s.web.servlet.DispatcherServlet - Completed 200 OK
2026-03-30 19:57:09.480 [http-nio-8080-exec-6] DEBUG o.s.web.servlet.DispatcherServlet - GET "/actuator/health", parameters={}
2026-03-30 19:57:09.487 [http-nio-8080-exec-6] DEBUG o.s.w.s.m.m.a.RequestResponseBodyMethodProcessor - Read "application/octet-stream" to []
2026-03-30 19:57:09.492 [http-nio-8080-exec-6] DEBUG o.s.w.s.m.m.a.HttpEntityMethodProcessor - Using 'application/vnd.spring-boot.actuator.v3+json', given [*/*] and supported [application/vnd.spring-boot.actuator.v3+json, application/vnd.spring-boot.actuator.v2+json, application/json]
2026-03-30 19:57:09.497 [http-nio-8080-exec-6] DEBUG o.s.w.s.m.m.a.HttpEntityMethodProcessor - Writing [org.springframework.boot.health.actuate.endpoint.SystemHealthDescriptor@3e602843]
2026-03-30 19:57:09.514 [http-nio-8080-exec-6] DEBUG o.s.web.servlet.DispatcherServlet - Completed 200 OK
2026-03-30 19:57:39.740 [http-nio-8080-exec-5] DEBUG o.s.web.servlet.DispatcherServlet - GET "/actuator/health", parameters={}
2026-03-30 19:57:39.747 [http-nio-8080-exec-5] DEBUG o.s.w.s.m.m.a.RequestResponseBodyMethodProcessor - Read "application/octet-stream" to []
2026-03-30 19:57:39.755 [http-nio-8080-exec-5] DEBUG o.s.w.s.m.m.a.HttpEntityMethodProcessor - Using 'application/vnd.spring-boot.actuator.v3+json', given [*/*] and supported [application/vnd.spring-boot.actuator.v3+json, application/vnd.spring-boot.actuator.v2+json, application/json]
2026-03-30 19:57:39.759 [http-nio-8080-exec-5] DEBUG o.s.w.s.m.m.a.HttpEntityMethodProcessor - Writing [org.springframework.boot.health.actuate.endpoint.SystemHealthDescriptor@570de6c0]
2026-03-30 19:57:39.769 [http-nio-8080-exec-5] DEBUG o.s.web.servlet.DispatcherServlet - Completed 200 OK
2026-03-30 19:58:10.204 [http-nio-8080-exec-4] DEBUG o.s.web.servlet.DispatcherServlet - GET "/actuator/health", parameters={}
2026-03-30 19:58:10.209 [http-nio-8080-exec-4] DEBUG o.s.w.s.m.m.a.RequestResponseBodyMethodProcessor - Read "application/octet-stream" to []
2026-03-30 19:58:10.214 [http-nio-8080-exec-4] DEBUG o.s.w.s.m.m.a.HttpEntityMethodProcessor - Using 'application/vnd.spring-boot.actuator.v3+json', given [*/*] and supported [application/vnd.spring-boot.actuator.v3+json, application/vnd.spring-boot.actuator.v2+json, application/json]
2026-03-30 19:58:10.216 [http-nio-8080-exec-4] DEBUG o.s.w.s.m.m.a.HttpEntityMethodProcessor - Writing [org.springframework.boot.health.actuate.endpoint.SystemHealthDescriptor@41b3ccce]
2026-03-30 19:58:10.220 [http-nio-8080-exec-4] DEBUG o.s.web.servlet.DispatcherServlet - Completed 200 OK
2026-03-30 19:58:40.538 [http-nio-8080-exec-7] DEBUG o.s.web.servlet.DispatcherServlet - GET "/actuator/health", parameters={}
2026-03-30 19:58:40.542 [http-nio-8080-exec-7] DEBUG o.s.w.s.m.m.a.RequestResponseBodyMethodProcessor - Read "application/octet-stream" to []
2026-03-30 19:58:40.549 [http-nio-8080-exec-7] DEBUG o.s.w.s.m.m.a.HttpEntityMethodProcessor - Using 'application/vnd.spring-boot.actuator.v3+json', given [*/*] and supported [application/vnd.spring-boot.actuator.v3+json, application/vnd.spring-boot.actuator.v2+json, application/json]
2026-03-30 19:58:40.550 [http-nio-8080-exec-7] DEBUG o.s.w.s.m.m.a.HttpEntityMethodProcessor - Writing [org.springframework.boot.health.actuate.endpoint.SystemHealthDescriptor@1043fa1]
2026-03-30 19:58:40.557 [http-nio-8080-exec-7] DEBUG o.s.web.servlet.DispatcherServlet - Completed 200 OK
2026-03-30 19:59:10.742 [http-nio-8080-exec-8] DEBUG o.s.web.servlet.DispatcherServlet - GET "/actuator/health", parameters={}
2026-03-30 19:59:10.746 [http-nio-8080-exec-8] DEBUG o.s.w.s.m.m.a.RequestResponseBodyMethodProcessor - Read "application/octet-stream" to []
2026-03-30 19:59:10.750 [http-nio-8080-exec-8] DEBUG o.s.w.s.m.m.a.HttpEntityMethodProcessor - Using 'application/vnd.spring-boot.actuator.v3+json', given [*/*] and supported [application/vnd.spring-boot.actuator.v3+json, application/vnd.spring-boot.actuator.v2+json, application/json]
2026-03-30 19:59:10.752 [http-nio-8080-exec-8] DEBUG o.s.w.s.m.m.a.HttpEntityMethodProcessor - Writing [org.springframework.boot.health.actuate.endpoint.SystemHealthDescriptor@6e5a2ce1]
2026-03-30 19:59:10.757 [http-nio-8080-exec-8] DEBUG o.s.web.servlet.DispatcherServlet - Completed 200 OK
2026-03-30 19:59:40.981 [http-nio-8080-exec-9] DEBUG o.s.web.servlet.DispatcherServlet - GET "/actuator/health", parameters={}
2026-03-30 19:59:40.985 [http-nio-8080-exec-9] DEBUG o.s.w.s.m.m.a.RequestResponseBodyMethodProcessor - Read "application/octet-stream" to []
2026-03-30 19:59:40.991 [http-nio-8080-exec-9] DEBUG o.s.w.s.m.m.a.HttpEntityMethodProcessor - Using 'application/vnd.spring-boot.actuator.v3+json', given [*/*] and supported [application/vnd.spring-boot.actuator.v3+json, application/vnd.spring-boot.actuator.v2+json, application/json]
2026-03-30 19:59:40.998 [http-nio-8080-exec-9] DEBUG o.s.w.s.m.m.a.HttpEntityMethodProcessor - Writing [org.springframework.boot.health.actuate.endpoint.SystemHealthDescriptor@7c2143fd]
2026-03-30 19:59:41.006 [http-nio-8080-exec-9] DEBUG o.s.web.servlet.DispatcherServlet - Completed 200 OK
2026-03-30 20:00:11.460 [http-nio-8080-exec-10] DEBUG o.s.web.servlet.DispatcherServlet - GET "/actuator/health", parameters={}
2026-03-30 20:00:11.474 [http-nio-8080-exec-10] DEBUG o.s.w.s.m.m.a.RequestResponseBodyMethodProcessor - Read "application/octet-stream" to []
2026-03-30 20:00:11.489 [http-nio-8080-exec-10] DEBUG o.s.w.s.m.m.a.HttpEntityMethodProcessor - Using 'application/vnd.spring-boot.actuator.v3+json', given [*/*] and supported [application/vnd.spring-boot.actuator.v3+json, application/vnd.spring-boot.actuator.v2+json, application/json]
2026-03-30 20:00:11.494 [http-nio-8080-exec-10] DEBUG o.s.w.s.m.m.a.HttpEntityMethodProcessor - Writing [org.springframework.boot.health.actuate.endpoint.SystemHealthDescriptor@9cc5788]
2026-03-30 20:00:11.501 [http-nio-8080-exec-10] DEBUG o.s.web.servlet.DispatcherServlet - Completed 200 OK
2026-03-30 20:00:41.671 [http-nio-8080-exec-1] DEBUG o.s.web.servlet.DispatcherServlet - GET "/actuator/health", parameters={}
2026-03-30 20:00:41.673 [http-nio-8080-exec-1] DEBUG o.s.w.s.m.m.a.RequestResponseBodyMethodProcessor - Read "application/octet-stream" to []
2026-03-30 20:00:41.679 [http-nio-8080-exec-1] DEBUG o.s.w.s.m.m.a.HttpEntityMethodProcessor - Using 'application/vnd.spring-boot.actuator.v3+json', given [*/*] and supported [application/vnd.spring-boot.actuator.v3+json, application/vnd.spring-boot.actuator.v2+json, application/json]
2026-03-30 20:00:41.680 [http-nio-8080-exec-1] DEBUG o.s.w.s.m.m.a.HttpEntityMethodProcessor - Writing [org.springframework.boot.health.actuate.endpoint.SystemHealthDescriptor@dc4c0c6]
2026-03-30 20:00:41.688 [http-nio-8080-exec-1] DEBUG o.s.web.servlet.DispatcherServlet - Completed 200 OK
2026-03-30 20:01:11.873 [http-nio-8080-exec-3] DEBUG o.s.web.servlet.DispatcherServlet - GET "/actuator/health", parameters={}
2026-03-30 20:01:11.876 [http-nio-8080-exec-3] DEBUG o.s.w.s.m.m.a.RequestResponseBodyMethodProcessor - Read "application/octet-stream" to []
2026-03-30 20:01:11.884 [http-nio-8080-exec-3] DEBUG o.s.w.s.m.m.a.HttpEntityMethodProcessor - Using 'application/vnd.spring-boot.actuator.v3+json', given [*/*] and supported [application/vnd.spring-boot.actuator.v3+json, application/vnd.spring-boot.actuator.v2+json, application/json]
2026-03-30 20:01:11.886 [http-nio-8080-exec-3] DEBUG o.s.w.s.m.m.a.HttpEntityMethodProcessor - Writing [org.springframework.boot.health.actuate.endpoint.SystemHealthDescriptor@6e987d55]
2026-03-30 20:01:11.888 [http-nio-8080-exec-3] DEBUG o.s.web.servlet.DispatcherServlet - Completed 200 OK
2026-03-30 20:01:42.029 [http-nio-8080-exec-2] DEBUG o.s.web.servlet.DispatcherServlet - GET "/actuator/health", parameters={}
2026-03-30 20:01:42.034 [http-nio-8080-exec-2] DEBUG o.s.w.s.m.m.a.RequestResponseBodyMethodProcessor - Read "application/octet-stream" to []
2026-03-30 20:01:42.040 [http-nio-8080-exec-2] DEBUG o.s.w.s.m.m.a.HttpEntityMethodProcessor - Using 'application/vnd.spring-boot.actuator.v3+json', given [*/*] and supported [application/vnd.spring-boot.actuator.v3+json, application/vnd.spring-boot.actuator.v2+json, application/json]
2026-03-30 20:01:42.043 [http-nio-8080-exec-2] DEBUG o.s.w.s.m.m.a.HttpEntityMethodProcessor - Writing [org.springframework.boot.health.actuate.endpoint.SystemHealthDescriptor@4e0709d4]
2026-03-30 20:01:42.049 [http-nio-8080-exec-2] DEBUG o.s.web.servlet.DispatcherServlet - Completed 200 OK
2026-03-30 20:02:12.270 [http-nio-8080-exec-6] DEBUG o.s.web.servlet.DispatcherServlet - GET "/actuator/health", parameters={}
2026-03-30 20:02:12.274 [http-nio-8080-exec-6] DEBUG o.s.w.s.m.m.a.RequestResponseBodyMethodProcessor - Read "application/octet-stream" to []
2026-03-30 20:02:12.281 [http-nio-8080-exec-6] DEBUG o.s.w.s.m.m.a.HttpEntityMethodProcessor - Using 'application/vnd.spring-boot.actuator.v3+json', given [*/*] and supported [application/vnd.spring-boot.actuator.v3+json, application/vnd.spring-boot.actuator.v2+json, application/json]
2026-03-30 20:02:12.284 [http-nio-8080-exec-6] DEBUG o.s.w.s.m.m.a.HttpEntityMethodProcessor - Writing [org.springframework.boot.health.actuate.endpoint.SystemHealthDescriptor@544def89]
2026-03-30 20:02:12.292 [http-nio-8080-exec-6] DEBUG o.s.web.servlet.DispatcherServlet - Completed 200 OK
2026-03-30 20:02:43.450 [http-nio-8080-exec-5] DEBUG o.s.web.servlet.DispatcherServlet - GET "/actuator/health", parameters={}
2026-03-30 20:02:43.453 [http-nio-8080-exec-5] DEBUG o.s.w.s.m.m.a.RequestResponseBodyMethodProcessor - Read "application/octet-stream" to []
2026-03-30 20:02:43.459 [http-nio-8080-exec-5] DEBUG o.s.w.s.m.m.a.HttpEntityMethodProcessor - Using 'application/vnd.spring-boot.actuator.v3+json', given [*/*] and supported [application/vnd.spring-boot.actuator.v3+json, application/vnd.spring-boot.actuator.v2+json, application/json]
2026-03-30 20:02:43.461 [http-nio-8080-exec-5] DEBUG o.s.w.s.m.m.a.HttpEntityMethodProcessor - Writing [org.springframework.boot.health.actuate.endpoint.SystemHealthDescriptor@44ce6eb0]
2026-03-30 20:02:43.466 [http-nio-8080-exec-5] DEBUG o.s.web.servlet.DispatcherServlet - Completed 200 OK
2026-03-30 20:03:13.847 [http-nio-8080-exec-4] DEBUG o.s.web.servlet.DispatcherServlet - GET "/actuator/health", parameters={}
2026-03-30 20:03:13.880 [http-nio-8080-exec-4] DEBUG o.s.w.s.m.m.a.RequestResponseBodyMethodProcessor - Read "application/octet-stream" to []
2026-03-30 20:03:13.933 [http-nio-8080-exec-4] DEBUG o.s.w.s.m.m.a.HttpEntityMethodProcessor - Using 'application/vnd.spring-boot.actuator.v3+json', given [*/*] and supported [application/vnd.spring-boot.actuator.v3+json, application/vnd.spring-boot.actuator.v2+json, application/json]
2026-03-30 20:03:13.937 [http-nio-8080-exec-4] DEBUG o.s.w.s.m.m.a.HttpEntityMethodProcessor - Writing [org.springframework.boot.health.actuate.endpoint.SystemHealthDescriptor@56ead57c]
2026-03-30 20:03:13.966 [http-nio-8080-exec-4] DEBUG o.s.web.servlet.DispatcherServlet - Completed 200 OK
2026-03-30 20:03:44.131 [http-nio-8080-exec-7] DEBUG o.s.web.servlet.DispatcherServlet - GET "/actuator/health", parameters={}
2026-03-30 20:03:44.135 [http-nio-8080-exec-7] DEBUG o.s.w.s.m.m.a.RequestResponseBodyMethodProcessor - Read "application/octet-stream" to []
2026-03-30 20:03:44.139 [http-nio-8080-exec-7] DEBUG o.s.w.s.m.m.a.HttpEntityMethodProcessor - Using 'application/vnd.spring-boot.actuator.v3+json', given [*/*] and supported [application/vnd.spring-boot.actuator.v3+json, application/vnd.spring-boot.actuator.v2+json, application/json]
2026-03-30 20:03:44.143 [http-nio-8080-exec-7] DEBUG o.s.w.s.m.m.a.HttpEntityMethodProcessor - Writing [org.springframework.boot.health.actuate.endpoint.SystemHealthDescriptor@2007299b]
2026-03-30 20:03:44.146 [http-nio-8080-exec-7] DEBUG o.s.web.servlet.DispatcherServlet - Completed 200 OK
2026-03-30 20:04:14.348 [http-nio-8080-exec-8] DEBUG o.s.web.servlet.DispatcherServlet - GET "/actuator/health", parameters={}
2026-03-30 20:04:14.352 [http-nio-8080-exec-8] DEBUG o.s.w.s.m.m.a.RequestResponseBodyMethodProcessor - Read "application/octet-stream" to []
2026-03-30 20:04:14.360 [http-nio-8080-exec-8] DEBUG o.s.w.s.m.m.a.HttpEntityMethodProcessor - Using 'application/vnd.spring-boot.actuator.v3+json', given [*/*] and supported [application/vnd.spring-boot.actuator.v3+json, application/vnd.spring-boot.actuator.v2+json, application/json]
2026-03-30 20:04:14.362 [http-nio-8080-exec-8] DEBUG o.s.w.s.m.m.a.HttpEntityMethodProcessor - Writing [org.springframework.boot.health.actuate.endpoint.SystemHealthDescriptor@6b517b24]
2026-03-30 20:04:14.365 [http-nio-8080-exec-8] DEBUG o.s.web.servlet.DispatcherServlet - Completed 200 OK
2026-03-30 20:04:44.648 [http-nio-8080-exec-9] DEBUG o.s.web.servlet.DispatcherServlet - GET "/actuator/health", parameters={}
2026-03-30 20:04:44.650 [http-nio-8080-exec-9] DEBUG o.s.w.s.m.m.a.RequestResponseBodyMethodProcessor - Read "application/octet-stream" to []
2026-03-30 20:04:44.653 [http-nio-8080-exec-9] DEBUG o.s.w.s.m.m.a.HttpEntityMethodProcessor - Using 'application/vnd.spring-boot.actuator.v3+json', given [*/*] and supported [application/vnd.spring-boot.actuator.v3+json, application/vnd.spring-boot.actuator.v2+json, application/json]
2026-03-30 20:04:44.655 [http-nio-8080-exec-9] DEBUG o.s.w.s.m.m.a.HttpEntityMethodProcessor - Writing [org.springframework.boot.health.actuate.endpoint.SystemHealthDescriptor@1d60f747]
2026-03-30 20:04:44.657 [http-nio-8080-exec-9] DEBUG o.s.web.servlet.DispatcherServlet - Completed 200 OK
2026-03-30 20:05:14.931 [http-nio-8080-exec-10] DEBUG o.s.web.servlet.DispatcherServlet - GET "/actuator/health", parameters={}
2026-03-30 20:05:14.935 [http-nio-8080-exec-10] DEBUG o.s.w.s.m.m.a.RequestResponseBodyMethodProcessor - Read "application/octet-stream" to []
2026-03-30 20:05:14.941 [http-nio-8080-exec-10] DEBUG o.s.w.s.m.m.a.HttpEntityMethodProcessor - Using 'application/vnd.spring-boot.actuator.v3+json', given [*/*] and supported [application/vnd.spring-boot.actuator.v3+json, application/vnd.spring-boot.actuator.v2+json, application/json]
2026-03-30 20:05:14.943 [http-nio-8080-exec-10] DEBUG o.s.w.s.m.m.a.HttpEntityMethodProcessor - Writing [org.springframework.boot.health.actuate.endpoint.SystemHealthDescriptor@49359488]
2026-03-30 20:05:14.945 [http-nio-8080-exec-10] DEBUG o.s.web.servlet.DispatcherServlet - Completed 200 OK
2026-03-30 20:05:45.141 [http-nio-8080-exec-1] DEBUG o.s.web.servlet.DispatcherServlet - GET "/actuator/health", parameters={}
2026-03-30 20:05:45.146 [http-nio-8080-exec-1] DEBUG o.s.w.s.m.m.a.RequestResponseBodyMethodProcessor - Read "application/octet-stream" to []
2026-03-30 20:05:45.154 [http-nio-8080-exec-1] DEBUG o.s.w.s.m.m.a.HttpEntityMethodProcessor - Using 'application/vnd.spring-boot.actuator.v3+json', given [*/*] and supported [application/vnd.spring-boot.actuator.v3+json, application/vnd.spring-boot.actuator.v2+json, application/json]
2026-03-30 20:05:45.156 [http-nio-8080-exec-1] DEBUG o.s.w.s.m.m.a.HttpEntityMethodProcessor - Writing [org.springframework.boot.health.actuate.endpoint.SystemHealthDescriptor@22ac5ef7]
2026-03-30 20:05:45.160 [http-nio-8080-exec-1] DEBUG o.s.web.servlet.DispatcherServlet - Completed 200 OK
2026-03-30 20:06:15.498 [http-nio-8080-exec-3] DEBUG o.s.web.servlet.DispatcherServlet - GET "/actuator/health", parameters={}
2026-03-30 20:06:15.511 [http-nio-8080-exec-3] DEBUG o.s.w.s.m.m.a.RequestResponseBodyMethodProcessor - Read "application/octet-stream" to []
2026-03-30 20:06:15.521 [http-nio-8080-exec-3] DEBUG o.s.w.s.m.m.a.HttpEntityMethodProcessor - Using 'application/vnd.spring-boot.actuator.v3+json', given [*/*] and supported [application/vnd.spring-boot.actuator.v3+json, application/vnd.spring-boot.actuator.v2+json, application/json]
2026-03-30 20:06:15.526 [http-nio-8080-exec-3] DEBUG o.s.w.s.m.m.a.HttpEntityMethodProcessor - Writing [org.springframework.boot.health.actuate.endpoint.SystemHealthDescriptor@63279d59]
2026-03-30 20:06:15.539 [http-nio-8080-exec-3] DEBUG o.s.web.servlet.DispatcherServlet - Completed 200 OK
2026-03-30 20:06:46.205 [http-nio-8080-exec-2] DEBUG o.s.web.servlet.DispatcherServlet - GET "/actuator/health", parameters={}
2026-03-30 20:06:46.300 [http-nio-8080-exec-2] DEBUG o.s.w.s.m.m.a.RequestResponseBodyMethodProcessor - Read "application/octet-stream" to []
2026-03-30 20:06:46.436 [http-nio-8080-exec-2] DEBUG o.s.w.s.m.m.a.HttpEntityMethodProcessor - Using 'application/vnd.spring-boot.actuator.v3+json', given [*/*] and supported [application/vnd.spring-boot.actuator.v3+json, application/vnd.spring-boot.actuator.v2+json, application/json]
2026-03-30 20:06:46.447 [http-nio-8080-exec-2] DEBUG o.s.w.s.m.m.a.HttpEntityMethodProcessor - Writing [org.springframework.boot.health.actuate.endpoint.SystemHealthDescriptor@1bb24d45]
2026-03-30 20:06:46.495 [http-nio-8080-exec-2] DEBUG o.s.web.servlet.DispatcherServlet - Completed 200 OK
2026-03-30 20:07:16.778 [http-nio-8080-exec-6] DEBUG o.s.web.servlet.DispatcherServlet - GET "/actuator/health", parameters={}
2026-03-30 20:07:16.782 [http-nio-8080-exec-6] DEBUG o.s.w.s.m.m.a.RequestResponseBodyMethodProcessor - Read "application/octet-stream" to []
2026-03-30 20:07:16.794 [http-nio-8080-exec-6] DEBUG o.s.w.s.m.m.a.HttpEntityMethodProcessor - Using 'application/vnd.spring-boot.actuator.v3+json', given [*/*] and supported [application/vnd.spring-boot.actuator.v3+json, application/vnd.spring-boot.actuator.v2+json, application/json]
2026-03-30 20:07:16.800 [http-nio-8080-exec-6] DEBUG o.s.w.s.m.m.a.HttpEntityMethodProcessor - Writing [org.springframework.boot.health.actuate.endpoint.SystemHealthDescriptor@1a94e8d6]
2026-03-30 20:07:16.809 [http-nio-8080-exec-6] DEBUG o.s.web.servlet.DispatcherServlet - Completed 200 OK
2026-03-30 20:07:47.040 [http-nio-8080-exec-5] DEBUG o.s.web.servlet.DispatcherServlet - GET "/actuator/health", parameters={}
2026-03-30 20:07:47.043 [http-nio-8080-exec-5] DEBUG o.s.w.s.m.m.a.RequestResponseBodyMethodProcessor - Read "application/octet-stream" to []
2026-03-30 20:07:47.056 [http-nio-8080-exec-5] DEBUG o.s.w.s.m.m.a.HttpEntityMethodProcessor - Using 'application/vnd.spring-boot.actuator.v3+json', given [*/*] and supported [application/vnd.spring-boot.actuator.v3+json, application/vnd.spring-boot.actuator.v2+json, application/json]
2026-03-30 20:07:47.060 [http-nio-8080-exec-5] DEBUG o.s.w.s.m.m.a.HttpEntityMethodProcessor - Writing [org.springframework.boot.health.actuate.endpoint.SystemHealthDescriptor@11c4573e]
2026-03-30 20:07:47.075 [http-nio-8080-exec-5] DEBUG o.s.web.servlet.DispatcherServlet - Completed 200 OK
2026-03-30 20:08:17.551 [http-nio-8080-exec-4] DEBUG o.s.web.servlet.DispatcherServlet - GET "/actuator/health", parameters={}
2026-03-30 20:08:17.556 [http-nio-8080-exec-4] DEBUG o.s.w.s.m.m.a.RequestResponseBodyMethodProcessor - Read "application/octet-stream" to []
2026-03-30 20:08:17.562 [http-nio-8080-exec-4] DEBUG o.s.w.s.m.m.a.HttpEntityMethodProcessor - Using 'application/vnd.spring-boot.actuator.v3+json', given [*/*] and supported [application/vnd.spring-boot.actuator.v3+json, application/vnd.spring-boot.actuator.v2+json, application/json]
2026-03-30 20:08:17.568 [http-nio-8080-exec-4] DEBUG o.s.w.s.m.m.a.HttpEntityMethodProcessor - Writing [org.springframework.boot.health.actuate.endpoint.SystemHealthDescriptor@78cf90cc]
2026-03-30 20:08:17.570 [http-nio-8080-exec-4] DEBUG o.s.web.servlet.DispatcherServlet - Completed 200 OK
2026-03-30 20:08:48.373 [http-nio-8080-exec-7] DEBUG o.s.web.servlet.DispatcherServlet - GET "/actuator/health", parameters={}
2026-03-30 20:08:48.411 [http-nio-8080-exec-7] DEBUG o.s.w.s.m.m.a.RequestResponseBodyMethodProcessor - Read "application/octet-stream" to []
2026-03-30 20:08:48.452 [http-nio-8080-exec-7] DEBUG o.s.w.s.m.m.a.HttpEntityMethodProcessor - Using 'application/vnd.spring-boot.actuator.v3+json', given [*/*] and supported [application/vnd.spring-boot.actuator.v3+json, application/vnd.spring-boot.actuator.v2+json, application/json]
2026-03-30 20:08:48.458 [http-nio-8080-exec-7] DEBUG o.s.w.s.m.m.a.HttpEntityMethodProcessor - Writing [org.springframework.boot.health.actuate.endpoint.SystemHealthDescriptor@5cfaaabf]
2026-03-30 20:08:48.477 [http-nio-8080-exec-7] DEBUG o.s.web.servlet.DispatcherServlet - Completed 200 OK
2026-03-30 20:09:18.797 [http-nio-8080-exec-8] DEBUG o.s.web.servlet.DispatcherServlet - GET "/actuator/health", parameters={}
2026-03-30 20:09:18.800 [http-nio-8080-exec-8] DEBUG o.s.w.s.m.m.a.RequestResponseBodyMethodProcessor - Read "application/octet-stream" to []
2026-03-30 20:09:18.806 [http-nio-8080-exec-8] DEBUG o.s.w.s.m.m.a.HttpEntityMethodProcessor - Using 'application/vnd.spring-boot.actuator.v3+json', given [*/*] and supported [application/vnd.spring-boot.actuator.v3+json, application/vnd.spring-boot.actuator.v2+json, application/json]
2026-03-30 20:09:18.808 [http-nio-8080-exec-8] DEBUG o.s.w.s.m.m.a.HttpEntityMethodProcessor - Writing [org.springframework.boot.health.actuate.endpoint.SystemHealthDescriptor@2c91a6a8]
2026-03-30 20:09:18.811 [http-nio-8080-exec-8] DEBUG o.s.web.servlet.DispatcherServlet - Completed 200 OK
2026-03-30 20:09:49.073 [http-nio-8080-exec-9] DEBUG o.s.web.servlet.DispatcherServlet - GET "/actuator/health", parameters={}
2026-03-30 20:09:49.077 [http-nio-8080-exec-9] DEBUG o.s.w.s.m.m.a.RequestResponseBodyMethodProcessor - Read "application/octet-stream" to []
2026-03-30 20:09:49.085 [http-nio-8080-exec-9] DEBUG o.s.w.s.m.m.a.HttpEntityMethodProcessor - Using 'application/vnd.spring-boot.actuator.v3+json', given [*/*] and supported [application/vnd.spring-boot.actuator.v3+json, application/vnd.spring-boot.actuator.v2+json, application/json]
2026-03-30 20:09:49.088 [http-nio-8080-exec-9] DEBUG o.s.w.s.m.m.a.HttpEntityMethodProcessor - Writing [org.springframework.boot.health.actuate.endpoint.SystemHealthDescriptor@79d41b87]
2026-03-30 20:09:49.093 [http-nio-8080-exec-9] DEBUG o.s.web.servlet.DispatcherServlet - Completed 200 OK
2026-03-30 20:10:19.374 [http-nio-8080-exec-10] DEBUG o.s.web.servlet.DispatcherServlet - GET "/actuator/health", parameters={}
2026-03-30 20:10:19.378 [http-nio-8080-exec-10] DEBUG o.s.w.s.m.m.a.RequestResponseBodyMethodProcessor - Read "application/octet-stream" to []
2026-03-30 20:10:19.389 [http-nio-8080-exec-10] DEBUG o.s.w.s.m.m.a.HttpEntityMethodProcessor - Using 'application/vnd.spring-boot.actuator.v3+json', given [*/*] and supported [application/vnd.spring-boot.actuator.v3+json, application/vnd.spring-boot.actuator.v2+json, application/json]
2026-03-30 20:10:19.391 [http-nio-8080-exec-10] DEBUG o.s.w.s.m.m.a.HttpEntityMethodProcessor - Writing [org.springframework.boot.health.actuate.endpoint.SystemHealthDescriptor@38a95172]
2026-03-30 20:10:19.394 [http-nio-8080-exec-10] DEBUG o.s.web.servlet.DispatcherServlet - Completed 200 OK
2026-03-30 20:10:49.638 [http-nio-8080-exec-1] DEBUG o.s.web.servlet.DispatcherServlet - GET "/actuator/health", parameters={}
2026-03-30 20:10:49.651 [http-nio-8080-exec-1] DEBUG o.s.w.s.m.m.a.RequestResponseBodyMethodProcessor - Read "application/octet-stream" to []
2026-03-30 20:10:49.657 [http-nio-8080-exec-1] DEBUG o.s.w.s.m.m.a.HttpEntityMethodProcessor - Using 'application/vnd.spring-boot.actuator.v3+json', given [*/*] and supported [application/vnd.spring-boot.actuator.v3+json, application/vnd.spring-boot.actuator.v2+json, application/json]
2026-03-30 20:10:49.660 [http-nio-8080-exec-1] DEBUG o.s.w.s.m.m.a.HttpEntityMethodProcessor - Writing [org.springframework.boot.health.actuate.endpoint.SystemHealthDescriptor@24932c53]
2026-03-30 20:10:49.665 [http-nio-8080-exec-1] DEBUG o.s.web.servlet.DispatcherServlet - Completed 200 OK
2026-03-30 20:11:19.936 [http-nio-8080-exec-3] DEBUG o.s.web.servlet.DispatcherServlet - GET "/actuator/health", parameters={}
2026-03-30 20:11:19.943 [http-nio-8080-exec-3] DEBUG o.s.w.s.m.m.a.RequestResponseBodyMethodProcessor - Read "application/octet-stream" to []
2026-03-30 20:11:19.947 [http-nio-8080-exec-3] DEBUG o.s.w.s.m.m.a.HttpEntityMethodProcessor - Using 'application/vnd.spring-boot.actuator.v3+json', given [*/*] and supported [application/vnd.spring-boot.actuator.v3+json, application/vnd.spring-boot.actuator.v2+json, application/json]
2026-03-30 20:11:19.950 [http-nio-8080-exec-3] DEBUG o.s.w.s.m.m.a.HttpEntityMethodProcessor - Writing [org.springframework.boot.health.actuate.endpoint.SystemHealthDescriptor@5e451e09]
2026-03-30 20:11:19.954 [http-nio-8080-exec-3] DEBUG o.s.web.servlet.DispatcherServlet - Completed 200 OK
2026-03-30 20:11:50.101 [http-nio-8080-exec-2] DEBUG o.s.web.servlet.DispatcherServlet - GET "/actuator/health", parameters={}
2026-03-30 20:11:50.105 [http-nio-8080-exec-2] DEBUG o.s.w.s.m.m.a.RequestResponseBodyMethodProcessor - Read "application/octet-stream" to []
2026-03-30 20:11:50.110 [http-nio-8080-exec-2] DEBUG o.s.w.s.m.m.a.HttpEntityMethodProcessor - Using 'application/vnd.spring-boot.actuator.v3+json', given [*/*] and supported [application/vnd.spring-boot.actuator.v3+json, application/vnd.spring-boot.actuator.v2+json, application/json]
2026-03-30 20:11:50.111 [http-nio-8080-exec-2] DEBUG o.s.w.s.m.m.a.HttpEntityMethodProcessor - Writing [org.springframework.boot.health.actuate.endpoint.SystemHealthDescriptor@5be354f8]
2026-03-30 20:11:50.118 [http-nio-8080-exec-2] DEBUG o.s.web.servlet.DispatcherServlet - Completed 200 OK
2026-03-30 20:12:20.385 [http-nio-8080-exec-6] DEBUG o.s.web.servlet.DispatcherServlet - GET "/actuator/health", parameters={}
2026-03-30 20:12:20.387 [http-nio-8080-exec-6] DEBUG o.s.w.s.m.m.a.RequestResponseBodyMethodProcessor - Read "application/octet-stream" to []
2026-03-30 20:12:20.390 [http-nio-8080-exec-6] DEBUG o.s.w.s.m.m.a.HttpEntityMethodProcessor - Using 'application/vnd.spring-boot.actuator.v3+json', given [*/*] and supported [application/vnd.spring-boot.actuator.v3+json, application/vnd.spring-boot.actuator.v2+json, application/json]
2026-03-30 20:12:20.392 [http-nio-8080-exec-6] DEBUG o.s.w.s.m.m.a.HttpEntityMethodProcessor - Writing [org.springframework.boot.health.actuate.endpoint.SystemHealthDescriptor@28204fae]
2026-03-30 20:12:20.395 [http-nio-8080-exec-6] DEBUG o.s.web.servlet.DispatcherServlet - Completed 200 OK
2026-03-30 20:12:55.810 [http-nio-8080-exec-5] DEBUG o.s.web.servlet.DispatcherServlet - GET "/actuator/health", parameters={}
2026-03-30 20:12:55.879 [http-nio-8080-exec-5] DEBUG o.s.w.s.m.m.a.RequestResponseBodyMethodProcessor - Read "application/octet-stream" to []
2026-03-30 20:12:55.949 [http-nio-8080-exec-5] DEBUG o.s.w.s.m.m.a.HttpEntityMethodProcessor - Using 'application/vnd.spring-boot.actuator.v3+json', given [*/*] and supported [application/vnd.spring-boot.actuator.v3+json, application/vnd.spring-boot.actuator.v2+json, application/json]
2026-03-30 20:12:55.953 [http-nio-8080-exec-5] DEBUG o.s.w.s.m.m.a.HttpEntityMethodProcessor - Writing [org.springframework.boot.health.actuate.endpoint.SystemHealthDescriptor@92b3d9f]
2026-03-30 20:12:55.984 [http-nio-8080-exec-5] DEBUG o.s.web.servlet.DispatcherServlet - Completed 200 OK
2026-03-30 20:13:27.679 [http-nio-8080-exec-4] DEBUG o.s.web.servlet.DispatcherServlet - GET "/actuator/health", parameters={}
2026-03-30 20:13:27.687 [http-nio-8080-exec-4] DEBUG o.s.w.s.m.m.a.RequestResponseBodyMethodProcessor - Read "application/octet-stream" to []
2026-03-30 20:13:27.701 [http-nio-8080-exec-4] DEBUG o.s.w.s.m.m.a.HttpEntityMethodProcessor - Using 'application/vnd.spring-boot.actuator.v3+json', given [*/*] and supported [application/vnd.spring-boot.actuator.v3+json, application/vnd.spring-boot.actuator.v2+json, application/json]
2026-03-30 20:13:27.703 [http-nio-8080-exec-4] DEBUG o.s.w.s.m.m.a.HttpEntityMethodProcessor - Writing [org.springframework.boot.health.actuate.endpoint.SystemHealthDescriptor@40c99cc5]
2026-03-30 20:13:27.709 [http-nio-8080-exec-4] DEBUG o.s.web.servlet.DispatcherServlet - Completed 200 OK
2026-03-30 20:13:57.918 [http-nio-8080-exec-7] DEBUG o.s.web.servlet.DispatcherServlet - GET "/actuator/health", parameters={}
2026-03-30 20:13:57.922 [http-nio-8080-exec-7] DEBUG o.s.w.s.m.m.a.RequestResponseBodyMethodProcessor - Read "application/octet-stream" to []
2026-03-30 20:13:57.928 [http-nio-8080-exec-7] DEBUG o.s.w.s.m.m.a.HttpEntityMethodProcessor - Using 'application/vnd.spring-boot.actuator.v3+json', given [*/*] and supported [application/vnd.spring-boot.actuator.v3+json, application/vnd.spring-boot.actuator.v2+json, application/json]
2026-03-30 20:13:57.930 [http-nio-8080-exec-7] DEBUG o.s.w.s.m.m.a.HttpEntityMethodProcessor - Writing [org.springframework.boot.health.actuate.endpoint.SystemHealthDescriptor@374dcebe]
2026-03-30 20:13:57.934 [http-nio-8080-exec-7] DEBUG o.s.web.servlet.DispatcherServlet - Completed 200 OK
2026-03-30 20:14:31.596 [http-nio-8080-exec-8] DEBUG o.s.web.servlet.DispatcherServlet - GET "/actuator/health", parameters={}
2026-03-30 20:14:31.616 [http-nio-8080-exec-8] DEBUG o.s.w.s.m.m.a.RequestResponseBodyMethodProcessor - Read "application/octet-stream" to []
2026-03-30 20:14:31.637 [http-nio-8080-exec-8] DEBUG o.s.w.s.m.m.a.HttpEntityMethodProcessor - Using 'application/vnd.spring-boot.actuator.v3+json', given [*/*] and supported [application/vnd.spring-boot.actuator.v3+json, application/vnd.spring-boot.actuator.v2+json, application/json]
2026-03-30 20:14:31.641 [http-nio-8080-exec-8] DEBUG o.s.w.s.m.m.a.HttpEntityMethodProcessor - Writing [org.springframework.boot.health.actuate.endpoint.SystemHealthDescriptor@304b8bb9]
2026-03-30 20:14:31.659 [http-nio-8080-exec-8] DEBUG o.s.web.servlet.DispatcherServlet - Completed 200 OK
2026-03-30 20:15:01.969 [http-nio-8080-exec-9] DEBUG o.s.web.servlet.DispatcherServlet - GET "/actuator/health", parameters={}
2026-03-30 20:15:01.974 [http-nio-8080-exec-9] DEBUG o.s.w.s.m.m.a.RequestResponseBodyMethodProcessor - Read "application/octet-stream" to []
2026-03-30 20:15:01.983 [http-nio-8080-exec-9] DEBUG o.s.w.s.m.m.a.HttpEntityMethodProcessor - Using 'application/vnd.spring-boot.actuator.v3+json', given [*/*] and supported [application/vnd.spring-boot.actuator.v3+json, application/vnd.spring-boot.actuator.v2+json, application/json]
2026-03-30 20:15:01.988 [http-nio-8080-exec-9] DEBUG o.s.w.s.m.m.a.HttpEntityMethodProcessor - Writing [org.springframework.boot.health.actuate.endpoint.SystemHealthDescriptor@2b592e07]
2026-03-30 20:15:01.995 [http-nio-8080-exec-9] DEBUG o.s.web.servlet.DispatcherServlet - Completed 200 OK
2026-03-30 20:15:32.400 [http-nio-8080-exec-10] DEBUG o.s.web.servlet.DispatcherServlet - GET "/actuator/health", parameters={}
2026-03-30 20:15:32.418 [http-nio-8080-exec-10] DEBUG o.s.w.s.m.m.a.RequestResponseBodyMethodProcessor - Read "application/octet-stream" to []
2026-03-30 20:15:32.454 [http-nio-8080-exec-10] DEBUG o.s.w.s.m.m.a.HttpEntityMethodProcessor - Using 'application/vnd.spring-boot.actuator.v3+json', given [*/*] and supported [application/vnd.spring-boot.actuator.v3+json, application/vnd.spring-boot.actuator.v2+json, application/json]
2026-03-30 20:15:32.461 [http-nio-8080-exec-10] DEBUG o.s.w.s.m.m.a.HttpEntityMethodProcessor - Writing [org.springframework.boot.health.actuate.endpoint.SystemHealthDescriptor@12a8a3ab]
2026-03-30 20:15:32.465 [http-nio-8080-exec-10] DEBUG o.s.web.servlet.DispatcherServlet - Completed 200 OK
2026-03-30 20:16:04.342 [http-nio-8080-exec-1] DEBUG o.s.web.servlet.DispatcherServlet - GET "/actuator/health", parameters={}
2026-03-30 20:16:04.347 [http-nio-8080-exec-1] DEBUG o.s.w.s.m.m.a.RequestResponseBodyMethodProcessor - Read "application/octet-stream" to []
2026-03-30 20:16:04.358 [http-nio-8080-exec-1] DEBUG o.s.w.s.m.m.a.HttpEntityMethodProcessor - Using 'application/vnd.spring-boot.actuator.v3+json', given [*/*] and supported [application/vnd.spring-boot.actuator.v3+json, application/vnd.spring-boot.actuator.v2+json, application/json]
2026-03-30 20:16:04.367 [http-nio-8080-exec-1] DEBUG o.s.w.s.m.m.a.HttpEntityMethodProcessor - Writing [org.springframework.boot.health.actuate.endpoint.SystemHealthDescriptor@1d3b93e7]
2026-03-30 20:16:04.381 [http-nio-8080-exec-1] DEBUG o.s.web.servlet.DispatcherServlet - Completed 200 OK
2026-03-30 20:16:34.873 [http-nio-8080-exec-3] DEBUG o.s.web.servlet.DispatcherServlet - GET "/actuator/health", parameters={}
2026-03-30 20:16:35.078 [http-nio-8080-exec-3] DEBUG o.s.w.s.m.m.a.RequestResponseBodyMethodProcessor - Read "application/octet-stream" to []
2026-03-30 20:16:35.172 [http-nio-8080-exec-3] DEBUG o.s.w.s.m.m.a.HttpEntityMethodProcessor - Using 'application/vnd.spring-boot.actuator.v3+json', given [*/*] and supported [application/vnd.spring-boot.actuator.v3+json, application/vnd.spring-boot.actuator.v2+json, application/json]
2026-03-30 20:16:35.175 [http-nio-8080-exec-3] DEBUG o.s.w.s.m.m.a.HttpEntityMethodProcessor - Writing [org.springframework.boot.health.actuate.endpoint.SystemHealthDescriptor@1b75b8da]
2026-03-30 20:16:35.181 [http-nio-8080-exec-3] DEBUG o.s.web.servlet.DispatcherServlet - Completed 200 OK
2026-03-30 20:17:05.532 [http-nio-8080-exec-2] DEBUG o.s.web.servlet.DispatcherServlet - GET "/actuator/health", parameters={}
2026-03-30 20:17:05.538 [http-nio-8080-exec-2] DEBUG o.s.w.s.m.m.a.RequestResponseBodyMethodProcessor - Read "application/octet-stream" to []
2026-03-30 20:17:05.548 [http-nio-8080-exec-2] DEBUG o.s.w.s.m.m.a.HttpEntityMethodProcessor - Using 'application/vnd.spring-boot.actuator.v3+json', given [*/*] and supported [application/vnd.spring-boot.actuator.v3+json, application/vnd.spring-boot.actuator.v2+json, application/json]
2026-03-30 20:17:05.551 [http-nio-8080-exec-2] DEBUG o.s.w.s.m.m.a.HttpEntityMethodProcessor - Writing [org.springframework.boot.health.actuate.endpoint.SystemHealthDescriptor@48850764]
2026-03-30 20:17:05.556 [http-nio-8080-exec-2] DEBUG o.s.web.servlet.DispatcherServlet - Completed 200 OK
2026-03-30 20:17:35.742 [http-nio-8080-exec-6] DEBUG o.s.web.servlet.DispatcherServlet - GET "/actuator/health", parameters={}
2026-03-30 20:17:35.751 [http-nio-8080-exec-6] DEBUG o.s.w.s.m.m.a.RequestResponseBodyMethodProcessor - Read "application/octet-stream" to []
2026-03-30 20:17:35.766 [http-nio-8080-exec-6] DEBUG o.s.w.s.m.m.a.HttpEntityMethodProcessor - Using 'application/vnd.spring-boot.actuator.v3+json', given [*/*] and supported [application/vnd.spring-boot.actuator.v3+json, application/vnd.spring-boot.actuator.v2+json, application/json]
2026-03-30 20:17:35.768 [http-nio-8080-exec-6] DEBUG o.s.w.s.m.m.a.HttpEntityMethodProcessor - Writing [org.springframework.boot.health.actuate.endpoint.SystemHealthDescriptor@17bd48d9]
2026-03-30 20:17:35.772 [http-nio-8080-exec-6] DEBUG o.s.web.servlet.DispatcherServlet - Completed 200 OK
2026-03-30 20:18:06.026 [http-nio-8080-exec-5] DEBUG o.s.web.servlet.DispatcherServlet - GET "/actuator/health", parameters={}
2026-03-30 20:18:06.032 [http-nio-8080-exec-5] DEBUG o.s.w.s.m.m.a.RequestResponseBodyMethodProcessor - Read "application/octet-stream" to []
2026-03-30 20:18:06.038 [http-nio-8080-exec-5] DEBUG o.s.w.s.m.m.a.HttpEntityMethodProcessor - Using 'application/vnd.spring-boot.actuator.v3+json', given [*/*] and supported [application/vnd.spring-boot.actuator.v3+json, application/vnd.spring-boot.actuator.v2+json, application/json]
2026-03-30 20:18:06.040 [http-nio-8080-exec-5] DEBUG o.s.w.s.m.m.a.HttpEntityMethodProcessor - Writing [org.springframework.boot.health.actuate.endpoint.SystemHealthDescriptor@31a8f19c]
2026-03-30 20:18:06.045 [http-nio-8080-exec-5] DEBUG o.s.web.servlet.DispatcherServlet - Completed 200 OK
2026-03-30 20:18:36.307 [http-nio-8080-exec-4] DEBUG o.s.web.servlet.DispatcherServlet - GET "/actuator/health", parameters={}
2026-03-30 20:18:36.316 [http-nio-8080-exec-4] DEBUG o.s.w.s.m.m.a.RequestResponseBodyMethodProcessor - Read "application/octet-stream" to []
2026-03-30 20:18:36.322 [http-nio-8080-exec-4] DEBUG o.s.w.s.m.m.a.HttpEntityMethodProcessor - Using 'application/vnd.spring-boot.actuator.v3+json', given [*/*] and supported [application/vnd.spring-boot.actuator.v3+json, application/vnd.spring-boot.actuator.v2+json, application/json]
2026-03-30 20:18:36.323 [http-nio-8080-exec-4] DEBUG o.s.w.s.m.m.a.HttpEntityMethodProcessor - Writing [org.springframework.boot.health.actuate.endpoint.SystemHealthDescriptor@1f43fdae]
2026-03-30 20:18:36.326 [http-nio-8080-exec-4] DEBUG o.s.web.servlet.DispatcherServlet - Completed 200 OK
2026-03-30 20:19:06.632 [http-nio-8080-exec-7] DEBUG o.s.web.servlet.DispatcherServlet - GET "/actuator/health", parameters={}
2026-03-30 20:19:06.647 [http-nio-8080-exec-7] DEBUG o.s.w.s.m.m.a.RequestResponseBodyMethodProcessor - Read "application/octet-stream" to []
2026-03-30 20:19:06.680 [http-nio-8080-exec-7] DEBUG o.s.w.s.m.m.a.HttpEntityMethodProcessor - Using 'application/vnd.spring-boot.actuator.v3+json', given [*/*] and supported [application/vnd.spring-boot.actuator.v3+json, application/vnd.spring-boot.actuator.v2+json, application/json]
2026-03-30 20:19:06.685 [http-nio-8080-exec-7] DEBUG o.s.w.s.m.m.a.HttpEntityMethodProcessor - Writing [org.springframework.boot.health.actuate.endpoint.SystemHealthDescriptor@179416c1]
2026-03-30 20:19:07.045 [http-nio-8080-exec-7] DEBUG o.s.web.servlet.DispatcherServlet - Completed 200 OK
2026-03-30 20:19:37.554 [http-nio-8080-exec-8] DEBUG o.s.web.servlet.DispatcherServlet - GET "/actuator/health", parameters={}
2026-03-30 20:19:37.559 [http-nio-8080-exec-8] DEBUG o.s.w.s.m.m.a.RequestResponseBodyMethodProcessor - Read "application/octet-stream" to []
2026-03-30 20:19:37.567 [http-nio-8080-exec-8] DEBUG o.s.w.s.m.m.a.HttpEntityMethodProcessor - Using 'application/vnd.spring-boot.actuator.v3+json', given [*/*] and supported [application/vnd.spring-boot.actuator.v3+json, application/vnd.spring-boot.actuator.v2+json, application/json]
2026-03-30 20:19:37.568 [http-nio-8080-exec-8] DEBUG o.s.w.s.m.m.a.HttpEntityMethodProcessor - Writing [org.springframework.boot.health.actuate.endpoint.SystemHealthDescriptor@f498475]
2026-03-30 20:19:37.573 [http-nio-8080-exec-8] DEBUG o.s.web.servlet.DispatcherServlet - Completed 200 OK
2026-03-30 20:20:08.317 [http-nio-8080-exec-9] DEBUG o.s.web.servlet.DispatcherServlet - GET "/actuator/health", parameters={}
2026-03-30 20:20:08.412 [http-nio-8080-exec-9] DEBUG o.s.w.s.m.m.a.RequestResponseBodyMethodProcessor - Read "application/octet-stream" to []
2026-03-30 20:20:08.549 [http-nio-8080-exec-9] DEBUG o.s.w.s.m.m.a.HttpEntityMethodProcessor - Using 'application/vnd.spring-boot.actuator.v3+json', given [*/*] and supported [application/vnd.spring-boot.actuator.v3+json, application/vnd.spring-boot.actuator.v2+json, application/json]
2026-03-30 20:20:08.562 [http-nio-8080-exec-9] DEBUG o.s.w.s.m.m.a.HttpEntityMethodProcessor - Writing [org.springframework.boot.health.actuate.endpoint.SystemHealthDescriptor@5d91ae3a]
2026-03-30 20:20:08.625 [http-nio-8080-exec-9] DEBUG o.s.web.servlet.DispatcherServlet - Completed 200 OK
2026-03-30 20:20:46.001 [http-nio-8080-exec-10] DEBUG o.s.web.servlet.DispatcherServlet - GET "/actuator/health", parameters={}
2026-03-30 20:20:46.276 [http-nio-8080-exec-10] DEBUG o.s.w.s.m.m.a.RequestResponseBodyMethodProcessor - Read "application/octet-stream" to []
2026-03-30 20:20:46.685 [http-nio-8080-exec-10] DEBUG o.s.w.s.m.m.a.HttpEntityMethodProcessor - Using 'application/vnd.spring-boot.actuator.v3+json', given [*/*] and supported [application/vnd.spring-boot.actuator.v3+json, application/vnd.spring-boot.actuator.v2+json, application/json]
2026-03-30 20:20:46.717 [http-nio-8080-exec-10] DEBUG o.s.w.s.m.m.a.HttpEntityMethodProcessor - Writing [org.springframework.boot.health.actuate.endpoint.SystemHealthDescriptor@79b3c661]
2026-03-30 20:20:46.918 [http-nio-8080-exec-10] DEBUG o.s.web.servlet.DispatcherServlet - Completed 200 OK
2026-03-30 20:21:19.857 [http-nio-8080-exec-1] DEBUG o.s.web.servlet.DispatcherServlet - GET "/actuator/health", parameters={}
2026-03-30 20:21:19.996 [http-nio-8080-exec-1] DEBUG o.s.w.s.m.m.a.RequestResponseBodyMethodProcessor - Read "application/octet-stream" to []
2026-03-30 20:21:20.133 [http-nio-8080-exec-1] DEBUG o.s.w.s.m.m.a.HttpEntityMethodProcessor - Using 'application/vnd.spring-boot.actuator.v3+json', given [*/*] and supported [application/vnd.spring-boot.actuator.v3+json, application/vnd.spring-boot.actuator.v2+json, application/json]
2026-03-30 20:21:20.141 [http-nio-8080-exec-1] DEBUG o.s.w.s.m.m.a.HttpEntityMethodProcessor - Writing [org.springframework.boot.health.actuate.endpoint.SystemHealthDescriptor@3652b276]
2026-03-30 20:21:20.209 [http-nio-8080-exec-1] DEBUG o.s.web.servlet.DispatcherServlet - Completed 200 OK
2026-03-30 20:21:50.874 [http-nio-8080-exec-3] DEBUG o.s.web.servlet.DispatcherServlet - GET "/actuator/health", parameters={}
2026-03-30 20:21:50.880 [http-nio-8080-exec-3] DEBUG o.s.w.s.m.m.a.RequestResponseBodyMethodProcessor - Read "application/octet-stream" to []
2026-03-30 20:21:50.886 [http-nio-8080-exec-3] DEBUG o.s.w.s.m.m.a.HttpEntityMethodProcessor - Using 'application/vnd.spring-boot.actuator.v3+json', given [*/*] and supported [application/vnd.spring-boot.actuator.v3+json, application/vnd.spring-boot.actuator.v2+json, application/json]
2026-03-30 20:21:50.889 [http-nio-8080-exec-3] DEBUG o.s.w.s.m.m.a.HttpEntityMethodProcessor - Writing [org.springframework.boot.health.actuate.endpoint.SystemHealthDescriptor@36aa1c34]
2026-03-30 20:21:50.892 [http-nio-8080-exec-3] DEBUG o.s.web.servlet.DispatcherServlet - Completed 200 OK
2026-03-30 20:22:22.312 [http-nio-8080-exec-2] DEBUG o.s.web.servlet.DispatcherServlet - GET "/actuator/health", parameters={}
2026-03-30 20:22:22.487 [http-nio-8080-exec-2] DEBUG o.s.w.s.m.m.a.RequestResponseBodyMethodProcessor - Read "application/octet-stream" to []
2026-03-30 20:22:22.687 [http-nio-8080-exec-2] DEBUG o.s.w.s.m.m.a.HttpEntityMethodProcessor - Using 'application/vnd.spring-boot.actuator.v3+json', given [*/*] and supported [application/vnd.spring-boot.actuator.v3+json, application/vnd.spring-boot.actuator.v2+json, application/json]
2026-03-30 20:22:22.697 [http-nio-8080-exec-2] DEBUG o.s.w.s.m.m.a.HttpEntityMethodProcessor - Writing [org.springframework.boot.health.actuate.endpoint.SystemHealthDescriptor@3e3afe09]
2026-03-30 20:22:22.772 [http-nio-8080-exec-2] DEBUG o.s.web.servlet.DispatcherServlet - Completed 200 OK
2026-03-30 20:22:53.820 [http-nio-8080-exec-6] DEBUG o.s.web.servlet.DispatcherServlet - GET "/actuator/health", parameters={}
2026-03-30 20:22:53.885 [http-nio-8080-exec-6] DEBUG o.s.w.s.m.m.a.RequestResponseBodyMethodProcessor - Read "application/octet-stream" to []
2026-03-30 20:22:53.991 [http-nio-8080-exec-6] DEBUG o.s.w.s.m.m.a.HttpEntityMethodProcessor - Using 'application/vnd.spring-boot.actuator.v3+json', given [*/*] and supported [application/vnd.spring-boot.actuator.v3+json, application/vnd.spring-boot.actuator.v2+json, application/json]
2026-03-30 20:22:54.000 [http-nio-8080-exec-6] DEBUG o.s.w.s.m.m.a.HttpEntityMethodProcessor - Writing [org.springframework.boot.health.actuate.endpoint.SystemHealthDescriptor@2cb7dc00]
2026-03-30 20:22:54.058 [http-nio-8080-exec-6] DEBUG o.s.web.servlet.DispatcherServlet - Completed 200 OK
2026-03-30 20:23:24.988 [http-nio-8080-exec-5] DEBUG o.s.web.servlet.DispatcherServlet - GET "/actuator/health", parameters={}
2026-03-30 20:23:25.177 [http-nio-8080-exec-5] DEBUG o.s.w.s.m.m.a.RequestResponseBodyMethodProcessor - Read "application/octet-stream" to []
2026-03-30 20:23:25.373 [http-nio-8080-exec-5] DEBUG o.s.w.s.m.m.a.HttpEntityMethodProcessor - Using 'application/vnd.spring-boot.actuator.v3+json', given [*/*] and supported [application/vnd.spring-boot.actuator.v3+json, application/vnd.spring-boot.actuator.v2+json, application/json]
2026-03-30 20:23:25.393 [http-nio-8080-exec-5] DEBUG o.s.w.s.m.m.a.HttpEntityMethodProcessor - Writing [org.springframework.boot.health.actuate.endpoint.SystemHealthDescriptor@624a2f7]
2026-03-30 20:23:25.521 [http-nio-8080-exec-5] DEBUG o.s.web.servlet.DispatcherServlet - Completed 200 OK
2026-03-30 20:23:56.675 [http-nio-8080-exec-4] DEBUG o.s.web.servlet.DispatcherServlet - GET "/actuator/health", parameters={}
2026-03-30 20:23:56.751 [http-nio-8080-exec-4] DEBUG o.s.w.s.m.m.a.RequestResponseBodyMethodProcessor - Read "application/octet-stream" to []
2026-03-30 20:23:56.828 [http-nio-8080-exec-4] DEBUG o.s.w.s.m.m.a.HttpEntityMethodProcessor - Using 'application/vnd.spring-boot.actuator.v3+json', given [*/*] and supported [application/vnd.spring-boot.actuator.v3+json, application/vnd.spring-boot.actuator.v2+json, application/json]
2026-03-30 20:23:56.844 [http-nio-8080-exec-4] DEBUG o.s.w.s.m.m.a.HttpEntityMethodProcessor - Writing [org.springframework.boot.health.actuate.endpoint.SystemHealthDescriptor@1f828a0f]
2026-03-30 20:23:56.890 [http-nio-8080-exec-4] DEBUG o.s.web.servlet.DispatcherServlet - Completed 200 OK
2026-03-30 20:24:29.655 [http-nio-8080-exec-7] DEBUG o.s.web.servlet.DispatcherServlet - GET "/actuator/health", parameters={}
2026-03-30 20:24:29.885 [http-nio-8080-exec-7] DEBUG o.s.w.s.m.m.a.RequestResponseBodyMethodProcessor - Read "application/octet-stream" to []
2026-03-30 20:24:33.017 [http-nio-8080-exec-7] DEBUG o.s.w.s.m.m.a.HttpEntityMethodProcessor - Using 'application/vnd.spring-boot.actuator.v3+json', given [*/*] and supported [application/vnd.spring-boot.actuator.v3+json, application/vnd.spring-boot.actuator.v2+json, application/json]
2026-03-30 20:24:33.501 [http-nio-8080-exec-7] DEBUG o.s.w.s.m.m.a.HttpEntityMethodProcessor - Writing [org.springframework.boot.health.actuate.endpoint.SystemHealthDescriptor@39808a6]
2026-03-30 20:24:36.027 [http-nio-8080-exec-7] DEBUG o.s.web.servlet.DispatcherServlet - Completed 200 OK
2026-03-30 20:25:13.221 [http-nio-8080-exec-8] DEBUG o.s.web.servlet.DispatcherServlet - GET "/actuator/health", parameters={}
2026-03-30 20:25:13.348 [http-nio-8080-exec-8] DEBUG o.s.w.s.m.m.a.RequestResponseBodyMethodProcessor - Read "application/octet-stream" to []
2026-03-30 20:25:13.556 [http-nio-8080-exec-8] DEBUG o.s.w.s.m.m.a.HttpEntityMethodProcessor - Using 'application/vnd.spring-boot.actuator.v3+json', given [*/*] and supported [application/vnd.spring-boot.actuator.v3+json, application/vnd.spring-boot.actuator.v2+json, application/json]
2026-03-30 20:25:13.568 [http-nio-8080-exec-8] DEBUG o.s.w.s.m.m.a.HttpEntityMethodProcessor - Writing [org.springframework.boot.health.actuate.endpoint.SystemHealthDescriptor@6fa146e3]
2026-03-30 20:25:13.722 [http-nio-8080-exec-8] DEBUG o.s.web.servlet.DispatcherServlet - Completed 200 OK
2026-03-30 20:25:24.244 [http-nio-8080-exec-9] DEBUG o.s.web.servlet.DispatcherServlet - GET "/swagger-ui/index.html", parameters={}
2026-03-30 20:25:24.412 [http-nio-8080-exec-9] DEBUG o.s.w.s.h.SimpleUrlHandlerMapping - Mapped to ResourceHttpRequestHandler [classpath [META-INF/resources/webjars/]]
2026-03-30 20:25:25.000 [http-nio-8080-exec-9] DEBUG o.s.web.servlet.DispatcherServlet - Completed 304 NOT_MODIFIED
2026-03-30 20:25:25.212 [http-nio-8080-exec-10] DEBUG o.s.web.servlet.DispatcherServlet - GET "/swagger-ui/swagger-initializer.js", parameters={}
2026-03-30 20:25:25.218 [http-nio-8080-exec-10] DEBUG o.s.w.s.h.SimpleUrlHandlerMapping - Mapped to ResourceHttpRequestHandler [classpath [META-INF/resources/webjars/]]
2026-03-30 20:25:25.806 [http-nio-8080-exec-10] DEBUG o.s.web.servlet.DispatcherServlet - Completed 200 OK
2026-03-30 20:25:25.819 [http-nio-8080-exec-10] DEBUG o.s.web.servlet.DispatcherServlet - GET "/v3/api-docs/swagger-config", parameters={}
2026-03-30 20:25:25.825 [http-nio-8080-exec-10] DEBUG o.s.w.s.m.m.a.RequestMappingHandlerMapping - Mapped to org.springdoc.webmvc.ui.SwaggerConfigResource#openapiJson(HttpServletRequest)
2026-03-30 20:25:25.991 [http-nio-8080-exec-10] DEBUG o.s.w.s.m.m.a.RequestResponseBodyMethodProcessor - Using 'application/json', given [*/*] and supported [application/json]
2026-03-30 20:25:26.007 [http-nio-8080-exec-10] DEBUG o.s.w.s.m.m.a.RequestResponseBodyMethodProcessor - Writing [{configUrl=/v3/api-docs/swagger-config, oauth2RedirectUrl=http://localhost:8080/swagger-ui/oauth2-re (truncated)...]
2026-03-30 20:25:26.085 [http-nio-8080-exec-10] DEBUG o.s.web.servlet.DispatcherServlet - Completed 200 OK
2026-03-30 20:25:26.150 [http-nio-8080-exec-1] DEBUG o.s.web.servlet.DispatcherServlet - GET "/v3/api-docs", parameters={}
2026-03-30 20:25:26.156 [http-nio-8080-exec-1] DEBUG o.s.w.s.m.m.a.RequestMappingHandlerMapping - Mapped to org.springdoc.webmvc.api.OpenApiWebMvcResource#openapiJson(HttpServletRequest, String, Locale)
2026-03-30 20:25:26.927 [http-nio-8080-exec-1] DEBUG o.s.w.s.m.m.a.RequestResponseBodyMethodProcessor - Using 'application/json', given [application/json, */*] and supported [application/json]
2026-03-30 20:25:26.934 [http-nio-8080-exec-1] DEBUG o.s.w.s.m.m.a.RequestResponseBodyMethodProcessor - Writing [{7b226f70656e617069223a22332e312e30222c22696e666f223a7b227469746c65223a224f70656e41504920646566696e6 (truncated)...]
2026-03-30 20:25:26.938 [http-nio-8080-exec-1] DEBUG o.s.web.servlet.DispatcherServlet - Completed 200 OK
2026-03-30 20:26:03.999 [http-nio-8080-exec-3] DEBUG o.s.web.servlet.DispatcherServlet - GET "/actuator/health", parameters={}
2026-03-30 20:26:04.115 [http-nio-8080-exec-3] DEBUG o.s.w.s.m.m.a.RequestResponseBodyMethodProcessor - Read "application/octet-stream" to []
2026-03-30 20:26:04.339 [http-nio-8080-exec-3] DEBUG o.s.w.s.m.m.a.HttpEntityMethodProcessor - Using 'application/vnd.spring-boot.actuator.v3+json', given [*/*] and supported [application/vnd.spring-boot.actuator.v3+json, application/vnd.spring-boot.actuator.v2+json, application/json]
2026-03-30 20:26:04.352 [http-nio-8080-exec-3] DEBUG o.s.w.s.m.m.a.HttpEntityMethodProcessor - Writing [org.springframework.boot.health.actuate.endpoint.SystemHealthDescriptor@69b892ed]
2026-03-30 20:26:04.485 [http-nio-8080-exec-3] DEBUG o.s.web.servlet.DispatcherServlet - Completed 200 OK
2026-03-30 20:26:35.622 [http-nio-8080-exec-5] DEBUG o.s.web.servlet.DispatcherServlet - GET "/actuator/health", parameters={}
2026-03-30 20:26:35.734 [http-nio-8080-exec-5] DEBUG o.s.w.s.m.m.a.RequestResponseBodyMethodProcessor - Read "application/octet-stream" to []
2026-03-30 20:26:35.877 [http-nio-8080-exec-5] DEBUG o.s.w.s.m.m.a.HttpEntityMethodProcessor - Using 'application/vnd.spring-boot.actuator.v3+json', given [*/*] and supported [application/vnd.spring-boot.actuator.v3+json, application/vnd.spring-boot.actuator.v2+json, application/json]
2026-03-30 20:26:35.887 [http-nio-8080-exec-5] DEBUG o.s.w.s.m.m.a.HttpEntityMethodProcessor - Writing [org.springframework.boot.health.actuate.endpoint.SystemHealthDescriptor@356a78aa]
2026-03-30 20:26:35.966 [http-nio-8080-exec-5] DEBUG o.s.web.servlet.DispatcherServlet - Completed 200 OK
2026-03-30 20:26:42.982 [http-nio-8080-exec-4] DEBUG o.s.web.servlet.DispatcherServlet - POST "/cartoes", parameters={}
2026-03-30 20:26:42.986 [http-nio-8080-exec-4] DEBUG o.s.w.s.m.m.a.RequestMappingHandlerMapping - Mapped to br.com.desafio.cartoes.controller.CartoesController#solicitar(SolicitacaoRequestDTO)
2026-03-30 20:26:43.424 [http-nio-8080-exec-4] DEBUG o.s.w.s.m.m.a.RequestResponseBodyMethodProcessor - Read "application/json;charset=UTF-8" to [SolicitacaoRequestDTO(cliente=ClienteRequestDTO(nome=Cliente Teste, cpf=123.456.789-10, idade=25, da (truncated)...]
2026-03-30 20:26:43.710 [http-nio-8080-exec-4] INFO  b.c.d.c.controller.CartoesController - POST /cartoes recebido para CPF: 123.456.789-10
2026-03-30 20:26:43.724 [http-nio-8080-exec-4] INFO  b.c.d.cartoes.service.CartaoService - Iniciando processamento de solicitação para CPF: 123.456.789-10
2026-03-30 20:26:43.726 [http-nio-8080-exec-4] DEBUG b.c.d.c.s.ValidacaoClienteService - Iniciando validação do cliente: 123.456.789-10
2026-03-30 20:26:43.767 [http-nio-8080-exec-4] DEBUG b.c.d.c.s.ValidacaoClienteService - Validação do cliente 123.456.789-10 passou com sucesso
2026-03-30 20:26:43.770 [http-nio-8080-exec-4] INFO  b.c.d.c.service.ElegibilidadeService - Processando elegibilidade do cliente: 123.456.789-10
2026-03-30 20:26:44.681 [http-nio-8080-exec-4] DEBUG b.c.d.c.service.ElegibilidadeService - Cartões carregados: 3
2026-03-30 20:26:44.695 [http-nio-8080-exec-4] DEBUG b.c.d.c.service.ElegibilidadeService - Regra RegraPorIdade aplicada: 3 → 3 cartões
2026-03-30 20:26:44.708 [http-nio-8080-exec-4] DEBUG b.c.d.c.service.ElegibilidadeService - Regra RegraPorRenda aplicada: 3 → 1 cartões
2026-03-30 20:26:44.717 [http-nio-8080-exec-4] DEBUG b.c.d.c.service.ElegibilidadeService - Regra RegraPorUF aplicada: 1 → 1 cartões
2026-03-30 20:26:44.720 [http-nio-8080-exec-4] INFO  b.c.d.c.service.ElegibilidadeService - Elegibilidade processada para 123.456.789-10: 1 cartões aprovados
2026-03-30 20:26:45.835 [http-nio-8080-exec-4] INFO  b.c.d.cartoes.service.CartaoService - Solicitação 6aa767ca-6fc3-4fd1-af7f-a951e0f0a138 salva no banco de dados para CPF: 123.456.789-10 com 1 cartões aprovados
2026-03-30 20:26:45.847 [http-nio-8080-exec-4] INFO  b.c.d.c.controller.CartoesController - Cartões encontrados para CPF 123.456.789-10: 1 cartões - retornando 200
2026-03-30 20:26:45.924 [http-nio-8080-exec-4] DEBUG o.s.w.s.m.m.a.HttpEntityMethodProcessor - Using 'application/json', given [application/json] and supported [application/json, application/*+json, application/yaml]
2026-03-30 20:26:45.935 [http-nio-8080-exec-4] DEBUG o.s.w.s.m.m.a.HttpEntityMethodProcessor - Writing [SolicitacaoResponseDTO(numeroSolicitacao=6aa767ca-6fc3-4fd1-af7f-a951e0f0a138, dataSolicitacao=2026- (truncated)...]
2026-03-30 20:26:45.971 [http-nio-8080-exec-4] DEBUG o.s.web.servlet.DispatcherServlet - Completed 200 OK
2026-03-30 20:27:07.914 [http-nio-8080-exec-7] DEBUG o.s.web.servlet.DispatcherServlet - GET "/actuator/health", parameters={}
2026-03-30 20:27:08.090 [http-nio-8080-exec-7] DEBUG o.s.w.s.m.m.a.RequestResponseBodyMethodProcessor - Read "application/octet-stream" to []
2026-03-30 20:27:08.337 [http-nio-8080-exec-7] DEBUG o.s.w.s.m.m.a.HttpEntityMethodProcessor - Using 'application/vnd.spring-boot.actuator.v3+json', given [*/*] and supported [application/vnd.spring-boot.actuator.v3+json, application/vnd.spring-boot.actuator.v2+json, application/json]
2026-03-30 20:27:08.342 [http-nio-8080-exec-7] DEBUG o.s.w.s.m.m.a.HttpEntityMethodProcessor - Writing [org.springframework.boot.health.actuate.endpoint.SystemHealthDescriptor@495e0fd1]
2026-03-30 20:27:08.369 [http-nio-8080-exec-7] DEBUG o.s.web.servlet.DispatcherServlet - Completed 200 OK
2026-03-30 20:27:42.866 [http-nio-8080-exec-8] DEBUG o.s.web.servlet.DispatcherServlet - GET "/actuator/health", parameters={}
2026-03-30 20:27:43.167 [http-nio-8080-exec-8] DEBUG o.s.w.s.m.m.a.RequestResponseBodyMethodProcessor - Read "application/octet-stream" to []
2026-03-30 20:27:43.529 [http-nio-8080-exec-8] DEBUG o.s.w.s.m.m.a.HttpEntityMethodProcessor - Using 'application/vnd.spring-boot.actuator.v3+json', given [*/*] and supported [application/vnd.spring-boot.actuator.v3+json, application/vnd.spring-boot.actuator.v2+json, application/json]
2026-03-30 20:27:43.563 [http-nio-8080-exec-8] DEBUG o.s.w.s.m.m.a.HttpEntityMethodProcessor - Writing [org.springframework.boot.health.actuate.endpoint.SystemHealthDescriptor@4ea41959]
2026-03-30 20:27:43.923 [http-nio-8080-exec-8] DEBUG o.s.web.servlet.DispatcherServlet - Completed 200 OK
2026-03-30 20:28:43.493 [http-nio-8080-exec-10] DEBUG o.s.web.servlet.DispatcherServlet - GET "/actuator/health", parameters={}
2026-03-30 20:28:44.171 [http-nio-8080-exec-10] DEBUG o.s.w.s.m.m.a.RequestResponseBodyMethodProcessor - Read "application/octet-stream" to []
2026-03-30 20:28:45.554 [http-nio-8080-exec-10] DEBUG o.s.w.s.m.m.a.HttpEntityMethodProcessor - Using 'application/vnd.spring-boot.actuator.v3+json', given [*/*] and supported [application/vnd.spring-boot.actuator.v3+json, application/vnd.spring-boot.actuator.v2+json, application/json]
2026-03-30 20:28:45.578 [http-nio-8080-exec-10] DEBUG o.s.w.s.m.m.a.HttpEntityMethodProcessor - Writing [org.springframework.boot.health.actuate.endpoint.SystemHealthDescriptor@2bb68b30]
2026-03-30 20:28:45.788 [http-nio-8080-exec-10] DEBUG o.s.web.servlet.DispatcherServlet - Completed 200 OK
2026-03-30 20:29:16.143 [http-nio-8080-exec-1] DEBUG o.s.web.servlet.DispatcherServlet - GET "/actuator/health", parameters={}
2026-03-30 20:29:16.566 [http-nio-8080-exec-1] DEBUG o.s.w.s.m.m.a.RequestResponseBodyMethodProcessor - Read "application/octet-stream" to []
2026-03-30 20:29:16.978 [http-nio-8080-exec-1] DEBUG o.s.w.s.m.m.a.HttpEntityMethodProcessor - Using 'application/vnd.spring-boot.actuator.v3+json', given [*/*] and supported [application/vnd.spring-boot.actuator.v3+json, application/vnd.spring-boot.actuator.v2+json, application/json]
2026-03-30 20:29:16.999 [http-nio-8080-exec-1] DEBUG o.s.w.s.m.m.a.HttpEntityMethodProcessor - Writing [org.springframework.boot.health.actuate.endpoint.SystemHealthDescriptor@4b055293]
2026-03-30 20:29:17.149 [http-nio-8080-exec-1] DEBUG o.s.web.servlet.DispatcherServlet - Completed 200 OK
2026-03-30 20:30:03.508 [http-nio-8080-exec-3] DEBUG o.s.web.servlet.DispatcherServlet - GET "/actuator/health", parameters={}
2026-03-30 20:30:04.061 [http-nio-8080-exec-3] DEBUG o.s.w.s.m.m.a.RequestResponseBodyMethodProcessor - Read "application/octet-stream" to []
2026-03-30 20:30:12.581 [http-nio-8080-exec-3] DEBUG o.s.w.s.m.m.a.HttpEntityMethodProcessor - Using 'application/vnd.spring-boot.actuator.v3+json', given [*/*] and supported [application/vnd.spring-boot.actuator.v3+json, application/vnd.spring-boot.actuator.v2+json, application/json]
2026-03-30 20:30:12.596 [http-nio-8080-exec-3] DEBUG o.s.w.s.m.m.a.HttpEntityMethodProcessor - Writing [org.springframework.boot.health.actuate.endpoint.SystemHealthDescriptor@1ffb7c85]
2026-03-30 20:30:12.907 [http-nio-8080-exec-3] DEBUG o.s.web.servlet.DispatcherServlet - Completed 200 OK
2026-03-30 20:30:50.049 [http-nio-8080-exec-2] DEBUG o.s.web.servlet.DispatcherServlet - GET "/actuator/health", parameters={}
2026-03-30 20:30:50.362 [http-nio-8080-exec-2] DEBUG o.s.w.s.m.m.a.RequestResponseBodyMethodProcessor - Read "application/octet-stream" to []
2026-03-30 20:30:50.571 [http-nio-8080-exec-2] DEBUG o.s.w.s.m.m.a.HttpEntityMethodProcessor - Using 'application/vnd.spring-boot.actuator.v3+json', given [*/*] and supported [application/vnd.spring-boot.actuator.v3+json, application/vnd.spring-boot.actuator.v2+json, application/json]
2026-03-30 20:30:50.584 [http-nio-8080-exec-2] DEBUG o.s.w.s.m.m.a.HttpEntityMethodProcessor - Writing [org.springframework.boot.health.actuate.endpoint.SystemHealthDescriptor@37eb44ee]
2026-03-30 20:30:50.672 [http-nio-8080-exec-2] DEBUG o.s.web.servlet.DispatcherServlet - Completed 200 OK
2026-03-30 20:31:21.848 [http-nio-8080-exec-6] DEBUG o.s.web.servlet.DispatcherServlet - GET "/actuator/health", parameters={}
2026-03-30 20:31:21.966 [http-nio-8080-exec-6] DEBUG o.s.w.s.m.m.a.RequestResponseBodyMethodProcessor - Read "application/octet-stream" to []
2026-03-30 20:31:22.173 [http-nio-8080-exec-6] DEBUG o.s.w.s.m.m.a.HttpEntityMethodProcessor - Using 'application/vnd.spring-boot.actuator.v3+json', given [*/*] and supported [application/vnd.spring-boot.actuator.v3+json, application/vnd.spring-boot.actuator.v2+json, application/json]
2026-03-30 20:31:22.200 [http-nio-8080-exec-6] DEBUG o.s.w.s.m.m.a.HttpEntityMethodProcessor - Writing [org.springframework.boot.health.actuate.endpoint.SystemHealthDescriptor@11585318]
2026-03-30 20:31:22.306 [http-nio-8080-exec-6] DEBUG o.s.web.servlet.DispatcherServlet - Completed 200 OK
2026-03-30 20:32:59.311 [http-nio-8080-exec-5] DEBUG o.s.web.servlet.DispatcherServlet - GET "/actuator/health", parameters={}
2026-03-30 20:32:59.663 [http-nio-8080-exec-5] DEBUG o.s.w.s.m.m.a.RequestResponseBodyMethodProcessor - Read "application/octet-stream" to []
2026-03-30 20:33:00.283 [http-nio-8080-exec-5] DEBUG o.s.w.s.m.m.a.HttpEntityMethodProcessor - Using 'application/vnd.spring-boot.actuator.v3+json', given [*/*] and supported [application/vnd.spring-boot.actuator.v3+json, application/vnd.spring-boot.actuator.v2+json, application/json]
2026-03-30 20:33:00.314 [http-nio-8080-exec-5] DEBUG o.s.w.s.m.m.a.HttpEntityMethodProcessor - Writing [org.springframework.boot.health.actuate.endpoint.SystemHealthDescriptor@657d7c5d]
2026-03-30 20:33:00.363 [http-nio-8080-exec-4] DEBUG o.s.web.servlet.DispatcherServlet - GET "/actuator/health", parameters={}
2026-03-30 20:33:00.368 [http-nio-8080-exec-4] DEBUG o.s.w.s.m.m.a.RequestResponseBodyMethodProcessor - Read "application/octet-stream" to []
2026-03-30 20:33:00.397 [http-nio-8080-exec-4] DEBUG o.s.w.s.m.m.a.HttpEntityMethodProcessor - Using 'application/vnd.spring-boot.actuator.v3+json', given [*/*] and supported [application/vnd.spring-boot.actuator.v3+json, application/vnd.spring-boot.actuator.v2+json, application/json]
2026-03-30 20:33:00.402 [http-nio-8080-exec-4] DEBUG o.s.w.s.m.m.a.HttpEntityMethodProcessor - Writing [org.springframework.boot.health.actuate.endpoint.SystemHealthDescriptor@4ee35f6b]
2026-03-30 20:33:00.467 [http-nio-8080-exec-5] DEBUG o.s.web.servlet.DispatcherServlet - Completed 200 OK
2026-03-30 20:33:00.517 [http-nio-8080-exec-4] DEBUG o.s.web.servlet.DispatcherServlet - Completed 200 OK
2026-03-30 20:33:32.993 [http-nio-8080-exec-7] DEBUG o.s.web.servlet.DispatcherServlet - GET "/actuator/health", parameters={}
2026-03-30 20:33:33.060 [http-nio-8080-exec-7] DEBUG o.s.w.s.m.m.a.RequestResponseBodyMethodProcessor - Read "application/octet-stream" to []
2026-03-30 20:33:33.164 [http-nio-8080-exec-7] DEBUG o.s.w.s.m.m.a.HttpEntityMethodProcessor - Using 'application/vnd.spring-boot.actuator.v3+json', given [*/*] and supported [application/vnd.spring-boot.actuator.v3+json, application/vnd.spring-boot.actuator.v2+json, application/json]
2026-03-30 20:33:33.173 [http-nio-8080-exec-7] DEBUG o.s.w.s.m.m.a.HttpEntityMethodProcessor - Writing [org.springframework.boot.health.actuate.endpoint.SystemHealthDescriptor@42ae4144]
2026-03-30 20:33:33.252 [http-nio-8080-exec-7] DEBUG o.s.web.servlet.DispatcherServlet - Completed 200 OK
2026-03-30 20:34:05.652 [http-nio-8080-exec-8] DEBUG o.s.web.servlet.DispatcherServlet - GET "/actuator/health", parameters={}
2026-03-30 20:34:05.778 [http-nio-8080-exec-8] DEBUG o.s.w.s.m.m.a.RequestResponseBodyMethodProcessor - Read "application/octet-stream" to []
2026-03-30 20:34:05.948 [http-nio-8080-exec-8] DEBUG o.s.w.s.m.m.a.HttpEntityMethodProcessor - Using 'application/vnd.spring-boot.actuator.v3+json', given [*/*] and supported [application/vnd.spring-boot.actuator.v3+json, application/vnd.spring-boot.actuator.v2+json, application/json]
2026-03-30 20:34:05.966 [http-nio-8080-exec-8] DEBUG o.s.w.s.m.m.a.HttpEntityMethodProcessor - Writing [org.springframework.boot.health.actuate.endpoint.SystemHealthDescriptor@225e4577]
2026-03-30 20:34:06.039 [http-nio-8080-exec-8] DEBUG o.s.web.servlet.DispatcherServlet - Completed 200 OK
2026-03-30 20:34:37.620 [http-nio-8080-exec-9] DEBUG o.s.web.servlet.DispatcherServlet - GET "/actuator/health", parameters={}
2026-03-30 20:34:37.706 [http-nio-8080-exec-9] DEBUG o.s.w.s.m.m.a.RequestResponseBodyMethodProcessor - Read "application/octet-stream" to []
2026-03-30 20:34:37.848 [http-nio-8080-exec-9] DEBUG o.s.w.s.m.m.a.HttpEntityMethodProcessor - Using 'application/vnd.spring-boot.actuator.v3+json', given [*/*] and supported [application/vnd.spring-boot.actuator.v3+json, application/vnd.spring-boot.actuator.v2+json, application/json]
2026-03-30 20:34:37.856 [http-nio-8080-exec-9] DEBUG o.s.w.s.m.m.a.HttpEntityMethodProcessor - Writing [org.springframework.boot.health.actuate.endpoint.SystemHealthDescriptor@1e00934e]
2026-03-30 20:34:37.897 [http-nio-8080-exec-9] DEBUG o.s.web.servlet.DispatcherServlet - Completed 200 OK
2026-03-30 20:35:13.219 [http-nio-8080-exec-10] DEBUG o.s.web.servlet.DispatcherServlet - GET "/actuator/health", parameters={}
2026-03-30 20:35:13.372 [http-nio-8080-exec-10] DEBUG o.s.w.s.m.m.a.RequestResponseBodyMethodProcessor - Read "application/octet-stream" to []
2026-03-30 20:35:13.512 [http-nio-8080-exec-10] DEBUG o.s.w.s.m.m.a.HttpEntityMethodProcessor - Using 'application/vnd.spring-boot.actuator.v3+json', given [*/*] and supported [application/vnd.spring-boot.actuator.v3+json, application/vnd.spring-boot.actuator.v2+json, application/json]
2026-03-30 20:35:13.521 [http-nio-8080-exec-10] DEBUG o.s.w.s.m.m.a.HttpEntityMethodProcessor - Writing [org.springframework.boot.health.actuate.endpoint.SystemHealthDescriptor@3b2ea95b]
2026-03-30 20:35:13.576 [http-nio-8080-exec-10] DEBUG o.s.web.servlet.DispatcherServlet - Completed 200 OK
2026-03-30 20:35:45.219 [http-nio-8080-exec-1] DEBUG o.s.web.servlet.DispatcherServlet - GET "/actuator/health", parameters={}
2026-03-30 20:35:45.367 [http-nio-8080-exec-1] DEBUG o.s.w.s.m.m.a.RequestResponseBodyMethodProcessor - Read "application/octet-stream" to []
2026-03-30 20:35:45.858 [http-nio-8080-exec-1] DEBUG o.s.w.s.m.m.a.HttpEntityMethodProcessor - Using 'application/vnd.spring-boot.actuator.v3+json', given [*/*] and supported [application/vnd.spring-boot.actuator.v3+json, application/vnd.spring-boot.actuator.v2+json, application/json]
2026-03-30 20:35:45.930 [http-nio-8080-exec-1] DEBUG o.s.w.s.m.m.a.HttpEntityMethodProcessor - Writing [org.springframework.boot.health.actuate.endpoint.SystemHealthDescriptor@ae044bf]
2026-03-30 20:35:46.183 [http-nio-8080-exec-1] DEBUG o.s.web.servlet.DispatcherServlet - Completed 200 OK
2026-03-30 20:36:17.566 [http-nio-8080-exec-3] DEBUG o.s.web.servlet.DispatcherServlet - GET "/actuator/health", parameters={}
2026-03-30 20:36:17.757 [http-nio-8080-exec-3] DEBUG o.s.w.s.m.m.a.RequestResponseBodyMethodProcessor - Read "application/octet-stream" to []
2026-03-30 20:36:18.786 [http-nio-8080-exec-3] DEBUG o.s.w.s.m.m.a.HttpEntityMethodProcessor - Using 'application/vnd.spring-boot.actuator.v3+json', given [*/*] and supported [application/vnd.spring-boot.actuator.v3+json, application/vnd.spring-boot.actuator.v2+json, application/json]
2026-03-30 20:36:18.855 [http-nio-8080-exec-3] DEBUG o.s.w.s.m.m.a.HttpEntityMethodProcessor - Writing [org.springframework.boot.health.actuate.endpoint.SystemHealthDescriptor@29feb4c8]
2026-03-30 20:36:19.047 [http-nio-8080-exec-3] DEBUG o.s.web.servlet.DispatcherServlet - Completed 200 OK
2026-03-30 20:36:50.021 [http-nio-8080-exec-2] DEBUG o.s.web.servlet.DispatcherServlet - GET "/actuator/health", parameters={}
2026-03-30 20:36:50.122 [http-nio-8080-exec-2] DEBUG o.s.w.s.m.m.a.RequestResponseBodyMethodProcessor - Read "application/octet-stream" to []
2026-03-30 20:36:50.265 [http-nio-8080-exec-2] DEBUG o.s.w.s.m.m.a.HttpEntityMethodProcessor - Using 'application/vnd.spring-boot.actuator.v3+json', given [*/*] and supported [application/vnd.spring-boot.actuator.v3+json, application/vnd.spring-boot.actuator.v2+json, application/json]
2026-03-30 20:36:50.269 [http-nio-8080-exec-2] DEBUG o.s.w.s.m.m.a.HttpEntityMethodProcessor - Writing [org.springframework.boot.health.actuate.endpoint.SystemHealthDescriptor@76ee927f]
2026-03-30 20:36:50.313 [http-nio-8080-exec-2] DEBUG o.s.web.servlet.DispatcherServlet - Completed 200 OK
2026-03-30 20:37:21.901 [http-nio-8080-exec-6] DEBUG o.s.web.servlet.DispatcherServlet - GET "/actuator/health", parameters={}
2026-03-30 20:37:22.017 [http-nio-8080-exec-6] DEBUG o.s.w.s.m.m.a.RequestResponseBodyMethodProcessor - Read "application/octet-stream" to []
2026-03-30 20:37:22.232 [http-nio-8080-exec-6] DEBUG o.s.w.s.m.m.a.HttpEntityMethodProcessor - Using 'application/vnd.spring-boot.actuator.v3+json', given [*/*] and supported [application/vnd.spring-boot.actuator.v3+json, application/vnd.spring-boot.actuator.v2+json, application/json]
2026-03-30 20:37:22.246 [http-nio-8080-exec-6] DEBUG o.s.w.s.m.m.a.HttpEntityMethodProcessor - Writing [org.springframework.boot.health.actuate.endpoint.SystemHealthDescriptor@3baf33a2]
2026-03-30 20:37:22.306 [http-nio-8080-exec-6] DEBUG o.s.web.servlet.DispatcherServlet - Completed 200 OK
2026-03-30 20:37:53.432 [http-nio-8080-exec-5] DEBUG o.s.web.servlet.DispatcherServlet - GET "/actuator/health", parameters={}
2026-03-30 20:37:53.509 [http-nio-8080-exec-5] DEBUG o.s.w.s.m.m.a.RequestResponseBodyMethodProcessor - Read "application/octet-stream" to []
2026-03-30 20:37:53.613 [http-nio-8080-exec-5] DEBUG o.s.w.s.m.m.a.HttpEntityMethodProcessor - Using 'application/vnd.spring-boot.actuator.v3+json', given [*/*] and supported [application/vnd.spring-boot.actuator.v3+json, application/vnd.spring-boot.actuator.v2+json, application/json]
2026-03-30 20:37:53.619 [http-nio-8080-exec-5] DEBUG o.s.w.s.m.m.a.HttpEntityMethodProcessor - Writing [org.springframework.boot.health.actuate.endpoint.SystemHealthDescriptor@132f557f]
2026-03-30 20:37:53.655 [http-nio-8080-exec-5] DEBUG o.s.web.servlet.DispatcherServlet - Completed 200 OK
2026-03-30 20:38:27.836 [http-nio-8080-exec-4] DEBUG o.s.web.servlet.DispatcherServlet - GET "/actuator/health", parameters={}
2026-03-30 20:38:28.059 [http-nio-8080-exec-4] DEBUG o.s.w.s.m.m.a.RequestResponseBodyMethodProcessor - Read "application/octet-stream" to []
2026-03-30 20:38:29.681 [http-nio-8080-exec-4] DEBUG o.s.w.s.m.m.a.HttpEntityMethodProcessor - Using 'application/vnd.spring-boot.actuator.v3+json', given [*/*] and supported [application/vnd.spring-boot.actuator.v3+json, application/vnd.spring-boot.actuator.v2+json, application/json]
2026-03-30 20:38:29.705 [http-nio-8080-exec-4] DEBUG o.s.w.s.m.m.a.HttpEntityMethodProcessor - Writing [org.springframework.boot.health.actuate.endpoint.SystemHealthDescriptor@32643456]
2026-03-30 20:38:30.463 [http-nio-8080-exec-4] DEBUG o.s.web.servlet.DispatcherServlet - Completed 200 OK
2026-03-30 20:39:10.446 [http-nio-8080-exec-7] DEBUG o.s.web.servlet.DispatcherServlet - GET "/actuator/health", parameters={}
2026-03-30 20:39:10.549 [http-nio-8080-exec-7] DEBUG o.s.w.s.m.m.a.RequestResponseBodyMethodProcessor - Read "application/octet-stream" to []
2026-03-30 20:39:10.717 [http-nio-8080-exec-7] DEBUG o.s.w.s.m.m.a.HttpEntityMethodProcessor - Using 'application/vnd.spring-boot.actuator.v3+json', given [*/*] and supported [application/vnd.spring-boot.actuator.v3+json, application/vnd.spring-boot.actuator.v2+json, application/json]
2026-03-30 20:39:10.729 [http-nio-8080-exec-7] DEBUG o.s.w.s.m.m.a.HttpEntityMethodProcessor - Writing [org.springframework.boot.health.actuate.endpoint.SystemHealthDescriptor@7ac39381]
2026-03-30 20:39:10.794 [http-nio-8080-exec-7] DEBUG o.s.web.servlet.DispatcherServlet - Completed 200 OK
2026-03-30 20:39:42.207 [http-nio-8080-exec-8] DEBUG o.s.web.servlet.DispatcherServlet - GET "/actuator/health", parameters={}
2026-03-30 20:39:42.398 [http-nio-8080-exec-8] DEBUG o.s.w.s.m.m.a.RequestResponseBodyMethodProcessor - Read "application/octet-stream" to []
2026-03-30 20:39:42.668 [http-nio-8080-exec-8] DEBUG o.s.w.s.m.m.a.HttpEntityMethodProcessor - Using 'application/vnd.spring-boot.actuator.v3+json', given [*/*] and supported [application/vnd.spring-boot.actuator.v3+json, application/vnd.spring-boot.actuator.v2+json, application/json]
2026-03-30 20:39:42.702 [http-nio-8080-exec-8] DEBUG o.s.w.s.m.m.a.HttpEntityMethodProcessor - Writing [org.springframework.boot.health.actuate.endpoint.SystemHealthDescriptor@61f71765]
2026-03-30 20:39:42.798 [http-nio-8080-exec-8] DEBUG o.s.web.servlet.DispatcherServlet - Completed 200 OK
2026-03-30 20:40:13.452 [http-nio-8080-exec-9] DEBUG o.s.web.servlet.DispatcherServlet - GET "/actuator/health", parameters={}
2026-03-30 20:40:13.455 [http-nio-8080-exec-9] DEBUG o.s.w.s.m.m.a.RequestResponseBodyMethodProcessor - Read "application/octet-stream" to []
2026-03-30 20:40:13.462 [http-nio-8080-exec-9] DEBUG o.s.w.s.m.m.a.HttpEntityMethodProcessor - Using 'application/vnd.spring-boot.actuator.v3+json', given [*/*] and supported [application/vnd.spring-boot.actuator.v3+json, application/vnd.spring-boot.actuator.v2+json, application/json]
2026-03-30 20:40:13.464 [http-nio-8080-exec-9] DEBUG o.s.w.s.m.m.a.HttpEntityMethodProcessor - Writing [org.springframework.boot.health.actuate.endpoint.SystemHealthDescriptor@7c4baf9f]
2026-03-30 20:40:13.468 [http-nio-8080-exec-9] DEBUG o.s.web.servlet.DispatcherServlet - Completed 200 OK
2026-03-30 20:41:09.823 [http-nio-8080-exec-10] DEBUG o.s.web.servlet.DispatcherServlet - GET "/actuator/health", parameters={}
2026-03-30 20:41:10.008 [http-nio-8080-exec-10] DEBUG o.s.w.s.m.m.a.RequestResponseBodyMethodProcessor - Read "application/octet-stream" to []
2026-03-30 20:41:10.440 [http-nio-8080-exec-10] DEBUG o.s.w.s.m.m.a.HttpEntityMethodProcessor - Using 'application/vnd.spring-boot.actuator.v3+json', given [*/*] and supported [application/vnd.spring-boot.actuator.v3+json, application/vnd.spring-boot.actuator.v2+json, application/json]
2026-03-30 20:41:10.528 [http-nio-8080-exec-10] DEBUG o.s.w.s.m.m.a.HttpEntityMethodProcessor - Writing [org.springframework.boot.health.actuate.endpoint.SystemHealthDescriptor@76c073f3]
2026-03-30 20:41:11.141 [http-nio-8080-exec-10] DEBUG o.s.web.servlet.DispatcherServlet - Completed 200 OK
2026-03-30 20:41:48.063 [http-nio-8080-exec-1] DEBUG o.s.web.servlet.DispatcherServlet - GET "/actuator/health", parameters={}
2026-03-30 20:41:48.572 [http-nio-8080-exec-1] DEBUG o.s.w.s.m.m.a.RequestResponseBodyMethodProcessor - Read "application/octet-stream" to []
2026-03-30 20:41:49.163 [http-nio-8080-exec-1] DEBUG o.s.w.s.m.m.a.HttpEntityMethodProcessor - Using 'application/vnd.spring-boot.actuator.v3+json', given [*/*] and supported [application/vnd.spring-boot.actuator.v3+json, application/vnd.spring-boot.actuator.v2+json, application/json]
2026-03-30 20:41:49.214 [http-nio-8080-exec-1] DEBUG o.s.w.s.m.m.a.HttpEntityMethodProcessor - Writing [org.springframework.boot.health.actuate.endpoint.SystemHealthDescriptor@29829697]
2026-03-30 20:41:49.504 [http-nio-8080-exec-1] DEBUG o.s.web.servlet.DispatcherServlet - Completed 200 OK
2026-03-30 20:42:26.621 [http-nio-8080-exec-3] DEBUG o.s.web.servlet.DispatcherServlet - GET "/actuator/health", parameters={}
2026-03-30 20:42:26.733 [http-nio-8080-exec-3] DEBUG o.s.w.s.m.m.a.RequestResponseBodyMethodProcessor - Read "application/octet-stream" to []
2026-03-30 20:42:26.943 [http-nio-8080-exec-3] DEBUG o.s.w.s.m.m.a.HttpEntityMethodProcessor - Using 'application/vnd.spring-boot.actuator.v3+json', given [*/*] and supported [application/vnd.spring-boot.actuator.v3+json, application/vnd.spring-boot.actuator.v2+json, application/json]
2026-03-30 20:42:26.954 [http-nio-8080-exec-3] DEBUG o.s.w.s.m.m.a.HttpEntityMethodProcessor - Writing [org.springframework.boot.health.actuate.endpoint.SystemHealthDescriptor@4f53467f]
2026-03-30 20:42:27.066 [http-nio-8080-exec-3] DEBUG o.s.web.servlet.DispatcherServlet - Completed 200 OK
2026-03-30 20:43:10.185 [http-nio-8080-exec-2] DEBUG o.s.web.servlet.DispatcherServlet - GET "/actuator/health", parameters={}
2026-03-30 20:43:10.310 [http-nio-8080-exec-2] DEBUG o.s.w.s.m.m.a.RequestResponseBodyMethodProcessor - Read "application/octet-stream" to []
2026-03-30 20:43:10.480 [http-nio-8080-exec-2] DEBUG o.s.w.s.m.m.a.HttpEntityMethodProcessor - Using 'application/vnd.spring-boot.actuator.v3+json', given [*/*] and supported [application/vnd.spring-boot.actuator.v3+json, application/vnd.spring-boot.actuator.v2+json, application/json]
2026-03-30 20:43:10.486 [http-nio-8080-exec-2] DEBUG o.s.w.s.m.m.a.HttpEntityMethodProcessor - Writing [org.springframework.boot.health.actuate.endpoint.SystemHealthDescriptor@16b005e1]
2026-03-30 20:43:10.592 [http-nio-8080-exec-2] DEBUG o.s.web.servlet.DispatcherServlet - Completed 200 OK
2026-03-30 20:43:43.389 [http-nio-8080-exec-6] DEBUG o.s.web.servlet.DispatcherServlet - GET "/actuator/health", parameters={}
2026-03-30 20:43:43.551 [http-nio-8080-exec-6] DEBUG o.s.w.s.m.m.a.RequestResponseBodyMethodProcessor - Read "application/octet-stream" to []
2026-03-30 20:43:43.970 [http-nio-8080-exec-6] DEBUG o.s.w.s.m.m.a.HttpEntityMethodProcessor - Using 'application/vnd.spring-boot.actuator.v3+json', given [*/*] and supported [application/vnd.spring-boot.actuator.v3+json, application/vnd.spring-boot.actuator.v2+json, application/json]
2026-03-30 20:43:44.003 [http-nio-8080-exec-6] DEBUG o.s.w.s.m.m.a.HttpEntityMethodProcessor - Writing [org.springframework.boot.health.actuate.endpoint.SystemHealthDescriptor@46a95f8e]
2026-03-30 20:43:44.187 [http-nio-8080-exec-6] DEBUG o.s.web.servlet.DispatcherServlet - Completed 200 OK
2026-03-30 20:44:21.927 [http-nio-8080-exec-5] DEBUG o.s.web.servlet.DispatcherServlet - GET "/actuator/health", parameters={}
2026-03-30 20:44:22.336 [http-nio-8080-exec-5] DEBUG o.s.w.s.m.m.a.RequestResponseBodyMethodProcessor - Read "application/octet-stream" to []
2026-03-30 20:44:22.851 [http-nio-8080-exec-5] DEBUG o.s.w.s.m.m.a.HttpEntityMethodProcessor - Using 'application/vnd.spring-boot.actuator.v3+json', given [*/*] and supported [application/vnd.spring-boot.actuator.v3+json, application/vnd.spring-boot.actuator.v2+json, application/json]
2026-03-30 20:44:22.874 [http-nio-8080-exec-5] DEBUG o.s.w.s.m.m.a.HttpEntityMethodProcessor - Writing [org.springframework.boot.health.actuate.endpoint.SystemHealthDescriptor@303f6ef7]
2026-03-30 20:44:24.145 [http-nio-8080-exec-5] DEBUG o.s.web.servlet.DispatcherServlet - Completed 200 OK
2026-03-30 20:45:05.271 [http-nio-8080-exec-4] DEBUG o.s.web.servlet.DispatcherServlet - GET "/actuator/health", parameters={}
2026-03-30 20:45:08.408 [http-nio-8080-exec-4] DEBUG o.s.w.s.m.m.a.RequestResponseBodyMethodProcessor - Read "application/octet-stream" to []
2026-03-30 20:45:08.831 [http-nio-8080-exec-4] DEBUG o.s.w.s.m.m.a.HttpEntityMethodProcessor - Using 'application/vnd.spring-boot.actuator.v3+json', given [*/*] and supported [application/vnd.spring-boot.actuator.v3+json, application/vnd.spring-boot.actuator.v2+json, application/json]
2026-03-30 20:45:08.875 [http-nio-8080-exec-4] DEBUG o.s.w.s.m.m.a.HttpEntityMethodProcessor - Writing [org.springframework.boot.health.actuate.endpoint.SystemHealthDescriptor@7ea48aab]
2026-03-30 20:45:11.052 [http-nio-8080-exec-4] DEBUG o.s.web.servlet.DispatcherServlet - Completed 200 OK
2026-03-30 20:45:56.898 [http-nio-8080-exec-7] DEBUG o.s.web.servlet.DispatcherServlet - GET "/actuator/health", parameters={}
2026-03-30 20:45:58.439 [http-nio-8080-exec-7] DEBUG o.s.w.s.m.m.a.RequestResponseBodyMethodProcessor - Read "application/octet-stream" to []
2026-03-30 20:45:58.681 [http-nio-8080-exec-7] DEBUG o.s.w.s.m.m.a.HttpEntityMethodProcessor - Using 'application/vnd.spring-boot.actuator.v3+json', given [*/*] and supported [application/vnd.spring-boot.actuator.v3+json, application/vnd.spring-boot.actuator.v2+json, application/json]
2026-03-30 20:45:58.691 [http-nio-8080-exec-7] DEBUG o.s.w.s.m.m.a.HttpEntityMethodProcessor - Writing [org.springframework.boot.health.actuate.endpoint.SystemHealthDescriptor@39dd6947]
2026-03-30 20:45:58.770 [http-nio-8080-exec-7] DEBUG o.s.web.servlet.DispatcherServlet - Completed 200 OK
2026-03-30 20:46:30.955 [http-nio-8080-exec-8] DEBUG o.s.web.servlet.DispatcherServlet - GET "/actuator/health", parameters={}
2026-03-30 20:46:31.434 [http-nio-8080-exec-8] DEBUG o.s.w.s.m.m.a.RequestResponseBodyMethodProcessor - Read "application/octet-stream" to []
2026-03-30 20:46:31.858 [http-nio-8080-exec-8] DEBUG o.s.w.s.m.m.a.HttpEntityMethodProcessor - Using 'application/vnd.spring-boot.actuator.v3+json', given [*/*] and supported [application/vnd.spring-boot.actuator.v3+json, application/vnd.spring-boot.actuator.v2+json, application/json]
2026-03-30 20:46:31.872 [http-nio-8080-exec-8] DEBUG o.s.w.s.m.m.a.HttpEntityMethodProcessor - Writing [org.springframework.boot.health.actuate.endpoint.SystemHealthDescriptor@484d3e6]
2026-03-30 20:46:31.947 [http-nio-8080-exec-8] DEBUG o.s.web.servlet.DispatcherServlet - Completed 200 OK
2026-03-30 20:47:07.939 [http-nio-8080-exec-9] DEBUG o.s.web.servlet.DispatcherServlet - GET "/actuator/health", parameters={}
2026-03-30 20:47:08.074 [http-nio-8080-exec-9] DEBUG o.s.w.s.m.m.a.RequestResponseBodyMethodProcessor - Read "application/octet-stream" to []
2026-03-30 20:47:08.291 [http-nio-8080-exec-9] DEBUG o.s.w.s.m.m.a.HttpEntityMethodProcessor - Using 'application/vnd.spring-boot.actuator.v3+json', given [*/*] and supported [application/vnd.spring-boot.actuator.v3+json, application/vnd.spring-boot.actuator.v2+json, application/json]
2026-03-30 20:47:08.305 [http-nio-8080-exec-9] DEBUG o.s.w.s.m.m.a.HttpEntityMethodProcessor - Writing [org.springframework.boot.health.actuate.endpoint.SystemHealthDescriptor@2c7b3e52]
2026-03-30 20:47:08.423 [http-nio-8080-exec-9] DEBUG o.s.web.servlet.DispatcherServlet - Completed 200 OK
2026-03-30 20:48:06.702 [http-nio-8080-exec-10] DEBUG o.s.web.servlet.DispatcherServlet - GET "/actuator/health", parameters={}
2026-03-30 20:48:07.429 [http-nio-8080-exec-10] DEBUG o.s.w.s.m.m.a.RequestResponseBodyMethodProcessor - Read "application/octet-stream" to []
2026-03-30 20:48:18.205 [http-nio-8080-exec-10] DEBUG o.s.w.s.m.m.a.HttpEntityMethodProcessor - Using 'application/vnd.spring-boot.actuator.v3+json', given [*/*] and supported [application/vnd.spring-boot.actuator.v3+json, application/vnd.spring-boot.actuator.v2+json, application/json]
2026-03-30 20:48:18.480 [http-nio-8080-exec-10] DEBUG o.s.w.s.m.m.a.HttpEntityMethodProcessor - Writing [org.springframework.boot.health.actuate.endpoint.SystemHealthDescriptor@24f667eb]
2026-03-30 20:48:20.781 [http-nio-8080-exec-10] DEBUG o.s.web.servlet.DispatcherServlet - Completed 200 OK
2026-03-30 20:48:41.424 [http-nio-8080-exec-1] DEBUG o.s.web.servlet.DispatcherServlet - GET "/actuator/health", parameters={}
2026-03-30 20:48:41.602 [http-nio-8080-exec-1] DEBUG o.s.w.s.m.m.a.RequestResponseBodyMethodProcessor - Read "application/octet-stream" to []
2026-03-30 20:48:41.806 [http-nio-8080-exec-1] DEBUG o.s.w.s.m.m.a.HttpEntityMethodProcessor - Using 'application/vnd.spring-boot.actuator.v3+json', given [*/*] and supported [application/vnd.spring-boot.actuator.v3+json, application/vnd.spring-boot.actuator.v2+json, application/json]
2026-03-30 20:48:41.820 [http-nio-8080-exec-1] DEBUG o.s.w.s.m.m.a.HttpEntityMethodProcessor - Writing [org.springframework.boot.health.actuate.endpoint.SystemHealthDescriptor@17b8766b]
2026-03-30 20:48:41.928 [http-nio-8080-exec-1] DEBUG o.s.web.servlet.DispatcherServlet - Completed 200 OK
2026-03-30 20:49:46.709 [http-nio-8080-exec-3] DEBUG o.s.web.servlet.DispatcherServlet - GET "/actuator/health", parameters={}
2026-03-30 20:49:47.844 [http-nio-8080-exec-3] DEBUG o.s.w.s.m.m.a.RequestResponseBodyMethodProcessor - Read "application/octet-stream" to []
2026-03-30 20:49:51.102 [http-nio-8080-exec-3] DEBUG o.s.w.s.m.m.a.HttpEntityMethodProcessor - Using 'application/vnd.spring-boot.actuator.v3+json', given [*/*] and supported [application/vnd.spring-boot.actuator.v3+json, application/vnd.spring-boot.actuator.v2+json, application/json]
2026-03-30 20:49:51.177 [http-nio-8080-exec-3] DEBUG o.s.w.s.m.m.a.HttpEntityMethodProcessor - Writing [org.springframework.boot.health.actuate.endpoint.SystemHealthDescriptor@62d18a82]
2026-03-30 20:49:51.899 [http-nio-8080-exec-3] DEBUG o.s.web.servlet.DispatcherServlet - Completed 200 OK
2026-03-30 20:50:52.384 [http-nio-8080-exec-2] DEBUG o.s.web.servlet.DispatcherServlet - GET "/actuator/health", parameters={}
2026-03-30 20:50:52.499 [http-nio-8080-exec-2] DEBUG o.s.w.s.m.m.a.RequestResponseBodyMethodProcessor - Read "application/octet-stream" to []
2026-03-30 20:50:52.656 [http-nio-8080-exec-2] DEBUG o.s.w.s.m.m.a.HttpEntityMethodProcessor - Using 'application/vnd.spring-boot.actuator.v3+json', given [*/*] and supported [application/vnd.spring-boot.actuator.v3+json, application/vnd.spring-boot.actuator.v2+json, application/json]
2026-03-30 20:50:52.666 [http-nio-8080-exec-2] DEBUG o.s.w.s.m.m.a.HttpEntityMethodProcessor - Writing [org.springframework.boot.health.actuate.endpoint.SystemHealthDescriptor@7f936b88]
2026-03-30 20:50:52.732 [http-nio-8080-exec-2] DEBUG o.s.web.servlet.DispatcherServlet - Completed 200 OK
2026-03-30 20:51:35.746 [http-nio-8080-exec-6] DEBUG o.s.web.servlet.DispatcherServlet - GET "/actuator/health", parameters={}
2026-03-30 20:51:35.930 [http-nio-8080-exec-6] DEBUG o.s.w.s.m.m.a.RequestResponseBodyMethodProcessor - Read "application/octet-stream" to []
2026-03-30 20:51:44.687 [http-nio-8080-exec-6] DEBUG o.s.w.s.m.m.a.HttpEntityMethodProcessor - Using 'application/vnd.spring-boot.actuator.v3+json', given [*/*] and supported [application/vnd.spring-boot.actuator.v3+json, application/vnd.spring-boot.actuator.v2+json, application/json]
2026-03-30 20:51:44.722 [http-nio-8080-exec-6] DEBUG o.s.w.s.m.m.a.HttpEntityMethodProcessor - Writing [org.springframework.boot.health.actuate.endpoint.SystemHealthDescriptor@546cdc87]
2026-03-30 20:51:45.759 [http-nio-8080-exec-6] DEBUG o.s.web.servlet.DispatcherServlet - Completed 200 OK
2026-03-30 20:52:15.656 [http-nio-8080-exec-5] DEBUG o.s.web.servlet.DispatcherServlet - GET "/actuator/health", parameters={}
2026-03-30 20:52:15.822 [http-nio-8080-exec-5] DEBUG o.s.w.s.m.m.a.RequestResponseBodyMethodProcessor - Read "application/octet-stream" to []
2026-03-30 20:52:16.089 [http-nio-8080-exec-5] DEBUG o.s.w.s.m.m.a.HttpEntityMethodProcessor - Using 'application/vnd.spring-boot.actuator.v3+json', given [*/*] and supported [application/vnd.spring-boot.actuator.v3+json, application/vnd.spring-boot.actuator.v2+json, application/json]
2026-03-30 20:52:16.106 [http-nio-8080-exec-5] DEBUG o.s.w.s.m.m.a.HttpEntityMethodProcessor - Writing [org.springframework.boot.health.actuate.endpoint.SystemHealthDescriptor@56f6ff72]
2026-03-30 20:52:16.205 [http-nio-8080-exec-5] DEBUG o.s.web.servlet.DispatcherServlet - Completed 200 OK
2026-03-30 20:52:55.904 [http-nio-8080-exec-4] DEBUG o.s.web.servlet.DispatcherServlet - GET "/actuator/health", parameters={}
2026-03-30 20:52:56.431 [http-nio-8080-exec-4] DEBUG o.s.w.s.m.m.a.RequestResponseBodyMethodProcessor - Read "application/octet-stream" to []
2026-03-30 20:52:56.953 [http-nio-8080-exec-4] DEBUG o.s.w.s.m.m.a.HttpEntityMethodProcessor - Using 'application/vnd.spring-boot.actuator.v3+json', given [*/*] and supported [application/vnd.spring-boot.actuator.v3+json, application/vnd.spring-boot.actuator.v2+json, application/json]
2026-03-30 20:52:57.908 [http-nio-8080-exec-4] DEBUG o.s.w.s.m.m.a.HttpEntityMethodProcessor - Writing [org.springframework.boot.health.actuate.endpoint.SystemHealthDescriptor@7c761395]
2026-03-30 20:52:58.582 [http-nio-8080-exec-4] DEBUG o.s.web.servlet.DispatcherServlet - Completed 200 OK
2026-03-30 20:53:52.503 [http-nio-8080-exec-7] DEBUG o.s.web.servlet.DispatcherServlet - GET "/actuator/health", parameters={}
2026-03-30 20:53:56.608 [http-nio-8080-exec-7] DEBUG o.s.w.s.m.m.a.RequestResponseBodyMethodProcessor - Read "application/octet-stream" to []
2026-03-30 20:53:57.111 [http-nio-8080-exec-7] DEBUG o.s.w.s.m.m.a.HttpEntityMethodProcessor - Using 'application/vnd.spring-boot.actuator.v3+json', given [*/*] and supported [application/vnd.spring-boot.actuator.v3+json, application/vnd.spring-boot.actuator.v2+json, application/json]
2026-03-30 20:53:57.129 [http-nio-8080-exec-7] DEBUG o.s.w.s.m.m.a.HttpEntityMethodProcessor - Writing [org.springframework.boot.health.actuate.endpoint.SystemHealthDescriptor@c4c92a]
2026-03-30 20:53:57.222 [http-nio-8080-exec-7] DEBUG o.s.web.servlet.DispatcherServlet - Completed 200 OK
2026-03-30 20:54:37.418 [http-nio-8080-exec-8] DEBUG o.s.web.servlet.DispatcherServlet - GET "/actuator/health", parameters={}
2026-03-30 20:54:38.312 [http-nio-8080-exec-8] DEBUG o.s.w.s.m.m.a.RequestResponseBodyMethodProcessor - Read "application/octet-stream" to []
2026-03-30 20:54:38.573 [http-nio-8080-exec-8] DEBUG o.s.w.s.m.m.a.HttpEntityMethodProcessor - Using 'application/vnd.spring-boot.actuator.v3+json', given [*/*] and supported [application/vnd.spring-boot.actuator.v3+json, application/vnd.spring-boot.actuator.v2+json, application/json]
2026-03-30 20:54:38.586 [http-nio-8080-exec-8] DEBUG o.s.w.s.m.m.a.HttpEntityMethodProcessor - Writing [org.springframework.boot.health.actuate.endpoint.SystemHealthDescriptor@6a847cfe]
2026-03-30 20:54:38.681 [http-nio-8080-exec-8] DEBUG o.s.web.servlet.DispatcherServlet - Completed 200 OK
2026-03-30 20:55:09.745 [http-nio-8080-exec-9] DEBUG o.s.web.servlet.DispatcherServlet - GET "/actuator/health", parameters={}
2026-03-30 20:55:09.897 [http-nio-8080-exec-9] DEBUG o.s.w.s.m.m.a.RequestResponseBodyMethodProcessor - Read "application/octet-stream" to []
2026-03-30 20:55:10.071 [http-nio-8080-exec-9] DEBUG o.s.w.s.m.m.a.HttpEntityMethodProcessor - Using 'application/vnd.spring-boot.actuator.v3+json', given [*/*] and supported [application/vnd.spring-boot.actuator.v3+json, application/vnd.spring-boot.actuator.v2+json, application/json]
2026-03-30 20:55:10.097 [http-nio-8080-exec-9] DEBUG o.s.w.s.m.m.a.HttpEntityMethodProcessor - Writing [org.springframework.boot.health.actuate.endpoint.SystemHealthDescriptor@66604a6d]
2026-03-30 20:55:10.181 [http-nio-8080-exec-9] DEBUG o.s.web.servlet.DispatcherServlet - Completed 200 OK
2026-03-30 20:55:41.258 [http-nio-8080-exec-10] DEBUG o.s.web.servlet.DispatcherServlet - GET "/actuator/health", parameters={}
2026-03-30 20:55:41.351 [http-nio-8080-exec-10] DEBUG o.s.w.s.m.m.a.RequestResponseBodyMethodProcessor - Read "application/octet-stream" to []
2026-03-30 20:55:41.663 [http-nio-8080-exec-10] DEBUG o.s.w.s.m.m.a.HttpEntityMethodProcessor - Using 'application/vnd.spring-boot.actuator.v3+json', given [*/*] and supported [application/vnd.spring-boot.actuator.v3+json, application/vnd.spring-boot.actuator.v2+json, application/json]
2026-03-30 20:55:41.675 [http-nio-8080-exec-10] DEBUG o.s.w.s.m.m.a.HttpEntityMethodProcessor - Writing [org.springframework.boot.health.actuate.endpoint.SystemHealthDescriptor@3b86874e]
2026-03-30 20:55:41.729 [http-nio-8080-exec-10] DEBUG o.s.web.servlet.DispatcherServlet - Completed 200 OK
2026-03-30 20:56:17.164 [http-nio-8080-exec-1] DEBUG o.s.web.servlet.DispatcherServlet - GET "/actuator/health", parameters={}
2026-03-30 20:56:17.282 [http-nio-8080-exec-1] DEBUG o.s.w.s.m.m.a.RequestResponseBodyMethodProcessor - Read "application/octet-stream" to []
2026-03-30 20:56:17.446 [http-nio-8080-exec-1] DEBUG o.s.w.s.m.m.a.HttpEntityMethodProcessor - Using 'application/vnd.spring-boot.actuator.v3+json', given [*/*] and supported [application/vnd.spring-boot.actuator.v3+json, application/vnd.spring-boot.actuator.v2+json, application/json]
2026-03-30 20:56:17.473 [http-nio-8080-exec-1] DEBUG o.s.w.s.m.m.a.HttpEntityMethodProcessor - Writing [org.springframework.boot.health.actuate.endpoint.SystemHealthDescriptor@76c83fc5]
2026-03-30 20:56:17.544 [http-nio-8080-exec-1] DEBUG o.s.web.servlet.DispatcherServlet - Completed 200 OK
2026-03-30 20:56:52.020 [http-nio-8080-exec-3] DEBUG o.s.web.servlet.DispatcherServlet - GET "/actuator/health", parameters={}
2026-03-30 20:56:52.123 [http-nio-8080-exec-3] DEBUG o.s.w.s.m.m.a.RequestResponseBodyMethodProcessor - Read "application/octet-stream" to []
2026-03-30 20:56:52.281 [http-nio-8080-exec-3] DEBUG o.s.w.s.m.m.a.HttpEntityMethodProcessor - Using 'application/vnd.spring-boot.actuator.v3+json', given [*/*] and supported [application/vnd.spring-boot.actuator.v3+json, application/vnd.spring-boot.actuator.v2+json, application/json]
2026-03-30 20:56:52.289 [http-nio-8080-exec-3] DEBUG o.s.w.s.m.m.a.HttpEntityMethodProcessor - Writing [org.springframework.boot.health.actuate.endpoint.SystemHealthDescriptor@268acd09]
2026-03-30 20:56:52.346 [http-nio-8080-exec-3] DEBUG o.s.web.servlet.DispatcherServlet - Completed 200 OK
2026-03-30 20:57:27.131 [http-nio-8080-exec-2] DEBUG o.s.web.servlet.DispatcherServlet - GET "/actuator/health", parameters={}
2026-03-30 20:57:27.223 [http-nio-8080-exec-2] DEBUG o.s.w.s.m.m.a.RequestResponseBodyMethodProcessor - Read "application/octet-stream" to []
2026-03-30 20:57:27.374 [http-nio-8080-exec-2] DEBUG o.s.w.s.m.m.a.HttpEntityMethodProcessor - Using 'application/vnd.spring-boot.actuator.v3+json', given [*/*] and supported [application/vnd.spring-boot.actuator.v3+json, application/vnd.spring-boot.actuator.v2+json, application/json]
2026-03-30 20:57:27.387 [http-nio-8080-exec-2] DEBUG o.s.w.s.m.m.a.HttpEntityMethodProcessor - Writing [org.springframework.boot.health.actuate.endpoint.SystemHealthDescriptor@12329ca0]
2026-03-30 20:57:27.472 [http-nio-8080-exec-2] DEBUG o.s.web.servlet.DispatcherServlet - Completed 200 OK
2026-03-30 20:58:20.750 [http-nio-8080-exec-6] DEBUG o.s.web.servlet.DispatcherServlet - GET "/actuator/health", parameters={}
2026-03-30 20:58:26.022 [http-nio-8080-exec-6] DEBUG o.s.w.s.m.m.a.RequestResponseBodyMethodProcessor - Read "application/octet-stream" to []
2026-03-30 20:58:39.903 [http-nio-8080-exec-6] DEBUG o.s.w.s.m.m.a.HttpEntityMethodProcessor - Using 'application/vnd.spring-boot.actuator.v3+json', given [*/*] and supported [application/vnd.spring-boot.actuator.v3+json, application/vnd.spring-boot.actuator.v2+json, application/json]
2026-03-30 20:58:40.021 [http-nio-8080-exec-6] DEBUG o.s.w.s.m.m.a.HttpEntityMethodProcessor - Writing [org.springframework.boot.health.actuate.endpoint.SystemHealthDescriptor@77f9581]
2026-03-30 20:58:40.253 [http-nio-8080-exec-6] DEBUG o.s.web.servlet.DispatcherServlet - Completed 200 OK
2026-03-30 20:59:36.370 [http-nio-8080-exec-5] DEBUG o.s.web.servlet.DispatcherServlet - GET "/actuator/health", parameters={}
2026-03-30 20:59:37.087 [http-nio-8080-exec-5] DEBUG o.s.w.s.m.m.a.RequestResponseBodyMethodProcessor - Read "application/octet-stream" to []
2026-03-30 20:59:38.007 [http-nio-8080-exec-5] DEBUG o.s.w.s.m.m.a.HttpEntityMethodProcessor - Using 'application/vnd.spring-boot.actuator.v3+json', given [*/*] and supported [application/vnd.spring-boot.actuator.v3+json, application/vnd.spring-boot.actuator.v2+json, application/json]
2026-03-30 20:59:38.030 [http-nio-8080-exec-5] DEBUG o.s.w.s.m.m.a.HttpEntityMethodProcessor - Writing [org.springframework.boot.health.actuate.endpoint.SystemHealthDescriptor@5867ee65]
2026-03-30 20:59:38.195 [http-nio-8080-exec-5] DEBUG o.s.web.servlet.DispatcherServlet - Completed 200 OK
2026-03-30 21:00:45.893 [http-nio-8080-exec-4] DEBUG o.s.web.servlet.DispatcherServlet - GET "/actuator/health", parameters={}
2026-03-30 21:00:46.083 [http-nio-8080-exec-4] DEBUG o.s.w.s.m.m.a.RequestResponseBodyMethodProcessor - Read "application/octet-stream" to []
2026-03-30 21:00:46.440 [http-nio-8080-exec-4] DEBUG o.s.w.s.m.m.a.HttpEntityMethodProcessor - Using 'application/vnd.spring-boot.actuator.v3+json', given [*/*] and supported [application/vnd.spring-boot.actuator.v3+json, application/vnd.spring-boot.actuator.v2+json, application/json]
2026-03-30 21:00:46.477 [http-nio-8080-exec-4] DEBUG o.s.w.s.m.m.a.HttpEntityMethodProcessor - Writing [org.springframework.boot.health.actuate.endpoint.SystemHealthDescriptor@283a1377]
2026-03-30 21:00:46.840 [http-nio-8080-exec-4] DEBUG o.s.web.servlet.DispatcherServlet - Completed 200 OK
2026-03-30 21:01:14.423 [http-nio-8080-exec-7] DEBUG o.s.web.servlet.DispatcherServlet - GET "/actuator/health", parameters={}
2026-03-30 21:01:14.561 [http-nio-8080-exec-7] DEBUG o.s.w.s.m.m.a.RequestResponseBodyMethodProcessor - Read "application/octet-stream" to []
2026-03-30 21:01:14.823 [http-nio-8080-exec-7] DEBUG o.s.w.s.m.m.a.HttpEntityMethodProcessor - Using 'application/vnd.spring-boot.actuator.v3+json', given [*/*] and supported [application/vnd.spring-boot.actuator.v3+json, application/vnd.spring-boot.actuator.v2+json, application/json]
2026-03-30 21:01:14.850 [http-nio-8080-exec-7] DEBUG o.s.w.s.m.m.a.HttpEntityMethodProcessor - Writing [org.springframework.boot.health.actuate.endpoint.SystemHealthDescriptor@30d00c17]
2026-03-30 21:01:14.968 [http-nio-8080-exec-7] DEBUG o.s.web.servlet.DispatcherServlet - Completed 200 OK
2026-03-30 21:01:48.919 [http-nio-8080-exec-8] DEBUG o.s.web.servlet.DispatcherServlet - GET "/actuator/health", parameters={}
2026-03-30 21:01:50.007 [http-nio-8080-exec-8] DEBUG o.s.w.s.m.m.a.RequestResponseBodyMethodProcessor - Read "application/octet-stream" to []
2026-03-30 21:01:51.940 [http-nio-8080-exec-8] DEBUG o.s.w.s.m.m.a.HttpEntityMethodProcessor - Using 'application/vnd.spring-boot.actuator.v3+json', given [*/*] and supported [application/vnd.spring-boot.actuator.v3+json, application/vnd.spring-boot.actuator.v2+json, application/json]
2026-03-30 21:01:52.717 [http-nio-8080-exec-8] DEBUG o.s.w.s.m.m.a.HttpEntityMethodProcessor - Writing [org.springframework.boot.health.actuate.endpoint.SystemHealthDescriptor@3aa1e924]
2026-03-30 21:01:59.767 [http-nio-8080-exec-8] DEBUG o.s.web.servlet.DispatcherServlet - Completed 200 OK
2026-03-30 21:02:37.078 [http-nio-8080-exec-9] DEBUG o.s.web.servlet.DispatcherServlet - GET "/actuator/health", parameters={}
2026-03-30 21:02:37.434 [http-nio-8080-exec-9] DEBUG o.s.w.s.m.m.a.RequestResponseBodyMethodProcessor - Read "application/octet-stream" to []
2026-03-30 21:02:37.631 [http-nio-8080-exec-9] DEBUG o.s.w.s.m.m.a.HttpEntityMethodProcessor - Using 'application/vnd.spring-boot.actuator.v3+json', given [*/*] and supported [application/vnd.spring-boot.actuator.v3+json, application/vnd.spring-boot.actuator.v2+json, application/json]
2026-03-30 21:02:37.645 [http-nio-8080-exec-9] DEBUG o.s.w.s.m.m.a.HttpEntityMethodProcessor - Writing [org.springframework.boot.health.actuate.endpoint.SystemHealthDescriptor@7ce03f0c]
2026-03-30 21:02:37.758 [http-nio-8080-exec-9] DEBUG o.s.web.servlet.DispatcherServlet - Completed 200 OK
2026-03-30 21:03:12.732 [http-nio-8080-exec-10] DEBUG o.s.web.servlet.DispatcherServlet - GET "/actuator/health", parameters={}
2026-03-30 21:03:13.086 [http-nio-8080-exec-10] DEBUG o.s.w.s.m.m.a.RequestResponseBodyMethodProcessor - Read "application/octet-stream" to []
2026-03-30 21:03:14.643 [http-nio-8080-exec-10] DEBUG o.s.w.s.m.m.a.HttpEntityMethodProcessor - Using 'application/vnd.spring-boot.actuator.v3+json', given [*/*] and supported [application/vnd.spring-boot.actuator.v3+json, application/vnd.spring-boot.actuator.v2+json, application/json]
2026-03-30 21:03:14.923 [http-nio-8080-exec-10] DEBUG o.s.w.s.m.m.a.HttpEntityMethodProcessor - Writing [org.springframework.boot.health.actuate.endpoint.SystemHealthDescriptor@75ac8514]
2026-03-30 21:03:15.224 [http-nio-8080-exec-10] DEBUG o.s.web.servlet.DispatcherServlet - Completed 200 OK
2026-03-30 21:03:51.259 [http-nio-8080-exec-1] DEBUG o.s.web.servlet.DispatcherServlet - GET "/actuator/health", parameters={}
2026-03-30 21:03:51.387 [http-nio-8080-exec-1] DEBUG o.s.w.s.m.m.a.RequestResponseBodyMethodProcessor - Read "application/octet-stream" to []
2026-03-30 21:03:51.568 [http-nio-8080-exec-1] DEBUG o.s.w.s.m.m.a.HttpEntityMethodProcessor - Using 'application/vnd.spring-boot.actuator.v3+json', given [*/*] and supported [application/vnd.spring-boot.actuator.v3+json, application/vnd.spring-boot.actuator.v2+json, application/json]
2026-03-30 21:03:51.581 [http-nio-8080-exec-1] DEBUG o.s.w.s.m.m.a.HttpEntityMethodProcessor - Writing [org.springframework.boot.health.actuate.endpoint.SystemHealthDescriptor@7e85481f]
2026-03-30 21:03:51.748 [http-nio-8080-exec-1] DEBUG o.s.web.servlet.DispatcherServlet - Completed 200 OK
2026-03-30 18:04:31.759 [main] INFO  b.c.d.c.CartoesApplicationTests - Starting CartoesApplicationTests using Java 17.0.15 with PID 15908 (started by jukia in C:\Users\jukia\OneDrive\Desktop\DesafioItau\cartoes\cartoes)
2026-03-30 18:04:31.764 [main] DEBUG b.c.d.c.CartoesApplicationTests - Running with Spring Boot v4.0.4, Spring v7.0.6
2026-03-30 18:04:31.766 [main] INFO  b.c.d.c.CartoesApplicationTests - No active profile set, falling back to 1 default profile: "default"
2026-03-30 18:04:32.225 [main] DEBUG o.s.w.c.s.GenericWebApplicationContext - Refreshing org.springframework.web.context.support.GenericWebApplicationContext@1fa29b9e
2026-03-30 18:04:48.101 [main] INFO  o.s.d.r.c.RepositoryConfigurationDelegate - Bootstrapping Spring Data JPA repositories in DEFAULT mode.
2026-03-30 18:04:49.001 [main] INFO  o.s.d.r.c.RepositoryConfigurationDelegate - Finished Spring Data repository scanning in 836 ms. Found 2 JPA repository interfaces.
2026-03-30 18:04:55.676 [main] INFO  org.hibernate.orm.jpa - HHH008540: Processing PersistenceUnitInfo [name: default]
2026-03-30 18:04:56.155 [main] INFO  org.hibernate.orm.core - HHH000001: Hibernate ORM core version 7.2.7.Final
2026-03-30 18:04:58.729 [main] INFO  o.s.o.j.p.SpringPersistenceUnitInfo - No LoadTimeWeaver setup: ignoring JPA class transformer
2026-03-30 18:04:58.991 [main] INFO  com.zaxxer.hikari.HikariDataSource - HikariPool-1 - Starting...
2026-03-30 18:05:00.119 [main] INFO  com.zaxxer.hikari.pool.HikariPool - HikariPool-1 - Added connection conn0: url=jdbc:h2:mem:cartoes user=SA
2026-03-30 18:05:00.125 [main] INFO  com.zaxxer.hikari.HikariDataSource - HikariPool-1 - Start completed.
2026-03-30 18:05:00.251 [main] WARN  org.hibernate.orm.deprecation - HHH90000025: H2Dialect does not need to be specified explicitly using 'hibernate.dialect' (remove the property setting and it will be selected by default)
2026-03-30 18:05:00.402 [main] INFO  o.hibernate.orm.connections.pooling - HHH10001005: Database info:
	Database JDBC URL [jdbc:h2:mem:cartoes]
	Database driver: H2 JDBC Driver
	Database dialect: H2Dialect
	Database version: 2.4.240
	Default catalog/schema: CARTOES/PUBLIC
	Autocommit mode: undefined/unknown
	Isolation level: READ_COMMITTED [default READ_COMMITTED]
	JDBC fetch size: 100
	Pool: DataSourceConnectionProvider
	Minimum pool size: undefined/unknown
	Maximum pool size: undefined/unknown
2026-03-30 18:05:06.485 [main] INFO  org.hibernate.orm.core - HHH000489: No JTA platform available (set 'hibernate.transaction.jta.platform' to enable JTA platform integration)
2026-03-30 18:05:06.723 [main] INFO  o.s.o.j.LocalContainerEntityManagerFactoryBean - Initialized JPA EntityManagerFactory for persistence unit 'default'
2026-03-30 18:05:07.168 [main] INFO  o.s.d.j.r.q.QueryEnhancerFactories - Hibernate is in classpath; If applicable, HQL parser will be used.
2026-03-30 18:05:17.359 [main] WARN  o.s.b.j.a.JpaBaseConfiguration$JpaWebConfiguration - spring.jpa.open-in-view is enabled by default. Therefore, database queries may be performed during view rendering. Explicitly configure spring.jpa.open-in-view to disable this warning
2026-03-30 18:05:18.264 [main] DEBUG o.s.w.s.m.m.a.RequestMappingHandlerMapping - 7 mappings in 'requestMappingHandlerMapping'
2026-03-30 18:05:18.470 [main] DEBUG o.s.w.s.h.SimpleUrlHandlerMapping - Patterns [/webjars/**, /**, /swagger-ui*/*swagger-initializer.js, /swagger-ui*/**] in 'resourceHandlerMapping'
2026-03-30 18:05:18.580 [main] DEBUG o.s.w.s.m.m.a.RequestMappingHandlerAdapter - ControllerAdvice beans: 0 @ModelAttribute, 0 @InitBinder, 2 RequestBodyAdvice, 1 ResponseBodyAdvice
2026-03-30 18:05:18.636 [main] DEBUG o.s.w.s.m.m.a.ExceptionHandlerExceptionResolver - ControllerAdvice beans: 2 @ExceptionHandler, 1 ResponseBodyAdvice
2026-03-30 18:05:19.986 [main] INFO  o.s.b.h.a.H2ConsoleAutoConfiguration - H2 console available at '/h2-console'. Database available at 'jdbc:h2:mem:cartoes'
2026-03-30 18:05:20.693 [main] INFO  o.s.b.a.e.web.EndpointLinksResolver - Exposing 1 endpoint beneath base path '/actuator'
2026-03-30 18:05:21.150 [main] INFO  b.c.d.c.CartoesApplicationTests - Started CartoesApplicationTests in 59.919 seconds (process running for 90.434)
2026-03-30 18:05:22.837 [main] WARN  o.s.c.events.SpringDocAppInitializer - SpringDoc /v3/api-docs endpoint is enabled by default. To disable it in production, set the property 'springdoc.api-docs.enabled=false'
2026-03-30 18:05:22.839 [main] WARN  o.s.c.events.SpringDocAppInitializer - SpringDoc /swagger-ui.html endpoint is enabled by default. To disable it in production, set the property 'springdoc.swagger-ui.enabled=false'
2026-03-30 18:05:23.973 [SpringApplicationShutdownHook] DEBUG o.s.w.c.s.GenericWebApplicationContext - Closing org.springframework.web.context.support.GenericWebApplicationContext@1fa29b9e, started on Mon Mar 30 18:04:32 BRT 2026
2026-03-30 18:05:24.058 [SpringApplicationShutdownHook] INFO  o.s.o.j.LocalContainerEntityManagerFactoryBean - Closing JPA EntityManagerFactory for persistence unit 'default'
2026-03-30 18:05:24.528 [SpringApplicationShutdownHook] INFO  com.zaxxer.hikari.HikariDataSource - HikariPool-1 - Shutdown initiated...
2026-03-30 18:05:24.736 [SpringApplicationShutdownHook] INFO  com.zaxxer.hikari.HikariDataSource - HikariPool-1 - Shutdown completed.
2026-03-30 21:06:16.788 [http-nio-8080-exec-3] DEBUG o.s.web.servlet.DispatcherServlet - GET "/actuator/health", parameters={}
2026-03-30 21:06:16.969 [http-nio-8080-exec-3] DEBUG o.s.w.s.m.m.a.RequestResponseBodyMethodProcessor - Read "application/octet-stream" to []
2026-03-30 21:06:17.396 [http-nio-8080-exec-3] DEBUG o.s.w.s.m.m.a.HttpEntityMethodProcessor - Using 'application/vnd.spring-boot.actuator.v3+json', given [*/*] and supported [application/vnd.spring-boot.actuator.v3+json, application/vnd.spring-boot.actuator.v2+json, application/json]
2026-03-30 21:06:17.408 [http-nio-8080-exec-3] DEBUG o.s.w.s.m.m.a.HttpEntityMethodProcessor - Writing [org.springframework.boot.health.actuate.endpoint.SystemHealthDescriptor@7a0e65e4]
2026-03-30 21:06:17.565 [http-nio-8080-exec-3] DEBUG o.s.web.servlet.DispatcherServlet - Completed 200 OK
2026-03-30 21:06:40.045 [http-nio-8080-exec-2] DEBUG o.s.web.servlet.DispatcherServlet - GET "/actuator/health", parameters={}
2026-03-30 21:06:40.052 [http-nio-8080-exec-2] DEBUG o.s.w.s.m.m.a.RequestResponseBodyMethodProcessor - Read "application/octet-stream" to []
2026-03-30 21:06:40.076 [http-nio-8080-exec-2] DEBUG o.s.w.s.m.m.a.HttpEntityMethodProcessor - Using 'application/vnd.spring-boot.actuator.v3+json', given [*/*] and supported [application/vnd.spring-boot.actuator.v3+json, application/vnd.spring-boot.actuator.v2+json, application/json]
2026-03-30 21:06:40.080 [http-nio-8080-exec-2] DEBUG o.s.w.s.m.m.a.HttpEntityMethodProcessor - Writing [org.springframework.boot.health.actuate.endpoint.SystemHealthDescriptor@104d89f3]
2026-03-30 21:06:40.092 [http-nio-8080-exec-2] DEBUG o.s.web.servlet.DispatcherServlet - Completed 200 OK
2026-03-30 21:07:12.079 [http-nio-8080-exec-6] DEBUG o.s.web.servlet.DispatcherServlet - GET "/actuator/health", parameters={}
2026-03-30 21:07:12.151 [http-nio-8080-exec-6] DEBUG o.s.w.s.m.m.a.RequestResponseBodyMethodProcessor - Read "application/octet-stream" to []
2026-03-30 21:07:12.278 [http-nio-8080-exec-6] DEBUG o.s.w.s.m.m.a.HttpEntityMethodProcessor - Using 'application/vnd.spring-boot.actuator.v3+json', given [*/*] and supported [application/vnd.spring-boot.actuator.v3+json, application/vnd.spring-boot.actuator.v2+json, application/json]
2026-03-30 21:07:12.297 [http-nio-8080-exec-6] DEBUG o.s.w.s.m.m.a.HttpEntityMethodProcessor - Writing [org.springframework.boot.health.actuate.endpoint.SystemHealthDescriptor@458f84ef]
2026-03-30 21:07:13.163 [http-nio-8080-exec-6] DEBUG o.s.web.servlet.DispatcherServlet - Completed 200 OK
2026-03-30 21:07:46.477 [http-nio-8080-exec-5] DEBUG o.s.web.servlet.DispatcherServlet - GET "/actuator/health", parameters={}
2026-03-30 21:07:46.548 [http-nio-8080-exec-5] DEBUG o.s.w.s.m.m.a.RequestResponseBodyMethodProcessor - Read "application/octet-stream" to []
2026-03-30 21:07:46.665 [http-nio-8080-exec-5] DEBUG o.s.w.s.m.m.a.HttpEntityMethodProcessor - Using 'application/vnd.spring-boot.actuator.v3+json', given [*/*] and supported [application/vnd.spring-boot.actuator.v3+json, application/vnd.spring-boot.actuator.v2+json, application/json]
2026-03-30 21:07:46.677 [http-nio-8080-exec-5] DEBUG o.s.w.s.m.m.a.HttpEntityMethodProcessor - Writing [org.springframework.boot.health.actuate.endpoint.SystemHealthDescriptor@310adcbb]
2026-03-30 21:07:46.822 [http-nio-8080-exec-5] DEBUG o.s.web.servlet.DispatcherServlet - Completed 200 OK
2026-03-30 21:08:17.222 [http-nio-8080-exec-4] DEBUG o.s.web.servlet.DispatcherServlet - GET "/actuator/health", parameters={}
2026-03-30 21:08:17.227 [http-nio-8080-exec-4] DEBUG o.s.w.s.m.m.a.RequestResponseBodyMethodProcessor - Read "application/octet-stream" to []
2026-03-30 21:08:17.244 [http-nio-8080-exec-4] DEBUG o.s.w.s.m.m.a.HttpEntityMethodProcessor - Using 'application/vnd.spring-boot.actuator.v3+json', given [*/*] and supported [application/vnd.spring-boot.actuator.v3+json, application/vnd.spring-boot.actuator.v2+json, application/json]
2026-03-30 21:08:17.248 [http-nio-8080-exec-4] DEBUG o.s.w.s.m.m.a.HttpEntityMethodProcessor - Writing [org.springframework.boot.health.actuate.endpoint.SystemHealthDescriptor@3bef44a2]
2026-03-30 21:08:17.252 [http-nio-8080-exec-4] DEBUG o.s.web.servlet.DispatcherServlet - Completed 200 OK
2026-03-30 21:08:47.644 [http-nio-8080-exec-7] DEBUG o.s.web.servlet.DispatcherServlet - GET "/actuator/health", parameters={}
2026-03-30 21:08:47.659 [http-nio-8080-exec-7] DEBUG o.s.w.s.m.m.a.RequestResponseBodyMethodProcessor - Read "application/octet-stream" to []
2026-03-30 21:08:47.679 [http-nio-8080-exec-7] DEBUG o.s.w.s.m.m.a.HttpEntityMethodProcessor - Using 'application/vnd.spring-boot.actuator.v3+json', given [*/*] and supported [application/vnd.spring-boot.actuator.v3+json, application/vnd.spring-boot.actuator.v2+json, application/json]
2026-03-30 21:08:47.683 [http-nio-8080-exec-7] DEBUG o.s.w.s.m.m.a.HttpEntityMethodProcessor - Writing [org.springframework.boot.health.actuate.endpoint.SystemHealthDescriptor@5669de17]
2026-03-30 21:08:47.693 [http-nio-8080-exec-7] DEBUG o.s.web.servlet.DispatcherServlet - Completed 200 OK
2026-03-30 21:09:18.004 [http-nio-8080-exec-8] DEBUG o.s.web.servlet.DispatcherServlet - GET "/actuator/health", parameters={}
2026-03-30 21:09:18.007 [http-nio-8080-exec-8] DEBUG o.s.w.s.m.m.a.RequestResponseBodyMethodProcessor - Read "application/octet-stream" to []
2026-03-30 21:09:18.015 [http-nio-8080-exec-8] DEBUG o.s.w.s.m.m.a.HttpEntityMethodProcessor - Using 'application/vnd.spring-boot.actuator.v3+json', given [*/*] and supported [application/vnd.spring-boot.actuator.v3+json, application/vnd.spring-boot.actuator.v2+json, application/json]
2026-03-30 21:09:18.016 [http-nio-8080-exec-8] DEBUG o.s.w.s.m.m.a.HttpEntityMethodProcessor - Writing [org.springframework.boot.health.actuate.endpoint.SystemHealthDescriptor@63348d2a]
2026-03-30 21:09:18.019 [http-nio-8080-exec-8] DEBUG o.s.web.servlet.DispatcherServlet - Completed 200 OK
2026-03-30 21:09:48.330 [http-nio-8080-exec-9] DEBUG o.s.web.servlet.DispatcherServlet - GET "/actuator/health", parameters={}
2026-03-30 21:09:48.337 [http-nio-8080-exec-9] DEBUG o.s.w.s.m.m.a.RequestResponseBodyMethodProcessor - Read "application/octet-stream" to []
2026-03-30 21:09:48.356 [http-nio-8080-exec-9] DEBUG o.s.w.s.m.m.a.HttpEntityMethodProcessor - Using 'application/vnd.spring-boot.actuator.v3+json', given [*/*] and supported [application/vnd.spring-boot.actuator.v3+json, application/vnd.spring-boot.actuator.v2+json, application/json]
2026-03-30 21:09:48.363 [http-nio-8080-exec-9] DEBUG o.s.w.s.m.m.a.HttpEntityMethodProcessor - Writing [org.springframework.boot.health.actuate.endpoint.SystemHealthDescriptor@5df65058]
2026-03-30 21:09:48.378 [http-nio-8080-exec-9] DEBUG o.s.web.servlet.DispatcherServlet - Completed 200 OK
2026-03-30 21:10:18.982 [http-nio-8080-exec-10] DEBUG o.s.web.servlet.DispatcherServlet - GET "/actuator/health", parameters={}
2026-03-30 21:10:18.985 [http-nio-8080-exec-10] DEBUG o.s.w.s.m.m.a.RequestResponseBodyMethodProcessor - Read "application/octet-stream" to []
2026-03-30 21:10:18.992 [http-nio-8080-exec-10] DEBUG o.s.w.s.m.m.a.HttpEntityMethodProcessor - Using 'application/vnd.spring-boot.actuator.v3+json', given [*/*] and supported [application/vnd.spring-boot.actuator.v3+json, application/vnd.spring-boot.actuator.v2+json, application/json]
2026-03-30 21:10:18.994 [http-nio-8080-exec-10] DEBUG o.s.w.s.m.m.a.HttpEntityMethodProcessor - Writing [org.springframework.boot.health.actuate.endpoint.SystemHealthDescriptor@62fb9]
2026-03-30 21:10:18.998 [http-nio-8080-exec-10] DEBUG o.s.web.servlet.DispatcherServlet - Completed 200 OK
2026-03-30 21:10:50.123 [http-nio-8080-exec-1] DEBUG o.s.web.servlet.DispatcherServlet - GET "/actuator/health", parameters={}
2026-03-30 21:10:50.222 [http-nio-8080-exec-1] DEBUG o.s.w.s.m.m.a.RequestResponseBodyMethodProcessor - Read "application/octet-stream" to []
2026-03-30 21:10:50.431 [http-nio-8080-exec-1] DEBUG o.s.w.s.m.m.a.HttpEntityMethodProcessor - Using 'application/vnd.spring-boot.actuator.v3+json', given [*/*] and supported [application/vnd.spring-boot.actuator.v3+json, application/vnd.spring-boot.actuator.v2+json, application/json]
2026-03-30 21:10:50.517 [http-nio-8080-exec-1] DEBUG o.s.w.s.m.m.a.HttpEntityMethodProcessor - Writing [org.springframework.boot.health.actuate.endpoint.SystemHealthDescriptor@438e4f76]
2026-03-30 21:10:50.788 [http-nio-8080-exec-1] DEBUG o.s.web.servlet.DispatcherServlet - Completed 200 OK
2026-03-30 21:11:25.020 [http-nio-8080-exec-3] DEBUG o.s.web.servlet.DispatcherServlet - GET "/actuator/health", parameters={}
2026-03-30 21:11:25.517 [http-nio-8080-exec-3] DEBUG o.s.w.s.m.m.a.RequestResponseBodyMethodProcessor - Read "application/octet-stream" to []
2026-03-30 21:11:26.769 [http-nio-8080-exec-3] DEBUG o.s.w.s.m.m.a.HttpEntityMethodProcessor - Using 'application/vnd.spring-boot.actuator.v3+json', given [*/*] and supported [application/vnd.spring-boot.actuator.v3+json, application/vnd.spring-boot.actuator.v2+json, application/json]
2026-03-30 21:11:26.813 [http-nio-8080-exec-3] DEBUG o.s.w.s.m.m.a.HttpEntityMethodProcessor - Writing [org.springframework.boot.health.actuate.endpoint.SystemHealthDescriptor@2f3ba464]
2026-03-30 21:11:27.018 [http-nio-8080-exec-3] DEBUG o.s.web.servlet.DispatcherServlet - Completed 200 OK
